record_index,session_id,source_path,source_dir,sha256,size_bytes,start_time,end_time,status,model_name,symbol,timeframe,total_iterations,canonical_rate,best_sharpe,best_score,git_commit
1,20260307_072212_momentum_sur_orcausdc_4h_indicateurs_aro,C:\Users\o3-Pro\Documents\backtest_results\_builder_sessions\20260307_072212_momentum_sur_orcausdc_4h_indicateurs_aro\session_summary.json,C:\Users\o3-Pro\Documents\backtest_results\_builder_sessions\20260307_072212_momentum_sur_orcausdc_4h_indicateurs_aro,55455eed31d9b60801278761b180f6f660a6245f5b77730a66bf68f141d6b073,67645,,,failed,,,,9,,0.0,-26.0,
2,20260307_073942_momentum_sur_polusdc_1d_indicateurs_aroo,C:\Users\o3-Pro\Documents\backtest_results\_builder_sessions\20260307_073942_momentum_sur_polusdc_1d_indicateurs_aroo\session_summary.json,C:\Users\o3-Pro\Documents\backtest_results\_builder_sessions\20260307_073942_momentum_sur_polusdc_1d_indicateurs_aroo,06ed07d2e0026d19b6b85be07183f9bcb2c909dff12e1eb3ffa2781916f3f8c1,82167,,,max_iterations,,,,10,,0.8277434212172023,100.0,
3,20260307_075005_fiche_strategie_v1_id_vol_amplitude_brea,C:\Users\o3-Pro\Documents\backtest_results\_builder_sessions\20260307_075005_fiche_strategie_v1_id_vol_amplitude_brea\session_summary.json,C:\Users\o3-Pro\Documents\backtest_results\_builder_sessions\20260307_075005_fiche_strategie_v1_id_vol_amplitude_brea,b0a8ce65728b58fcca04379e11ef549da7389ea6ef3732970db8bf0cdb2602fe,12105,,,success,,,,1,,-inf,-inf,
4,20260317_225241_strat_gie_sur_zkpusdc_30m_je_suis_d_sol,C:\Users\o3-Pro\Documents\backtest_results\_builder_sessions\20260317_225241_strat_gie_sur_zkpusdc_30m_je_suis_d_sol\session_summary.json,C:\Users\o3-Pro\Documents\backtest_results\_builder_sessions\20260317_225241_strat_gie_sur_zkpusdc_30m_je_suis_d_sol,04ee35d2aeefa699a731f65a974c738feffa424314100b8c18b427af113d773d,7805,,,running,,,,1,,0.0,-26.0,
5,20260317_232044_style_arbitrage_sur_flokiusdc_1w_indicat,C:\Users\o3-Pro\Documents\backtest_results\_builder_sessions\20260317_232044_style_arbitrage_sur_flokiusdc_1w_indicat\session_summary.json,C:\Users\o3-Pro\Documents\backtest_results\_builder_sessions\20260317_232044_style_arbitrage_sur_flokiusdc_1w_indicat,5ca1a3d7124722943c461582d9693217238da9167edf54aeb80f3cabf6129c01,2315,,,failed,,,,1,,-inf,-inf,
6,20260317_232204_style_strategie_de_trading_ax_e_sur_la_v,C:\Users\o3-Pro\Documents\backtest_results\_builder_sessions\20260317_232204_style_strategie_de_trading_ax_e_sur_la_v\session_summary.json,C:\Users\o3-Pro\Documents\backtest_results\_builder_sessions\20260317_232204_style_strategie_de_trading_ax_e_sur_la_v,8061f84914201f5879c5340688e391d16ebaf8b0fa0f1393c1651a1339da541f,13015,,,running,,,,1,,0.46431305082801927,33.41832357425806,
7,20260318_001729_strat_gie_de_multi_factor_sur_bomeusdc_4,C:\Users\o3-Pro\Documents\backtest_results\_builder_sessions\20260318_001729_strat_gie_de_multi_factor_sur_bomeusdc_4\session_summary.json,C:\Users\o3-Pro\Documents\backtest_results\_builder_sessions\20260318_001729_strat_gie_de_multi_factor_sur_bomeusdc_4,1da61e3984f569f60bff7480a69c61a85b84caffd90b5ae7a2b10f7dbe254657,34588,,,running,,,,3,,0.6876033727343914,-100.0,
8,20260318_002311_objectif_de_strat_gie_sur_robousdc_1h_in,C:\Users\o3-Pro\Documents\backtest_results\_builder_sessions\20260318_002311_objectif_de_strat_gie_sur_robousdc_1h_in\session_summary.json,C:\Users\o3-Pro\Documents\backtest_results\_builder_sessions\20260318_002311_objectif_de_strat_gie_sur_robousdc_1h_in,1516543672118e366bab279f4622834a450ea6b4606b317e130ba5c676cba52d,2414,,,failed,,,,1,,-inf,-inf,
9,20260318_002330_objectif_de_strat_gie_sur_maticusdc_1h_i,C:\Users\o3-Pro\Documents\backtest_results\_builder_sessions\20260318_002330_objectif_de_strat_gie_sur_maticusdc_1h_i\session_summary.json,C:\Users\o3-Pro\Documents\backtest_results\_builder_sessions\20260318_002330_objectif_de_strat_gie_sur_maticusdc_1h_i,8cf6bb9554318c660eb6c7c233169aeb8a3334539723146f84335672af6d9adf,23000,,,running,,,,2,,0.0,-100.0,
10,20260318_002744_objectif_sur_injusdc_1h_combiner_aroon_u,C:\Users\o3-Pro\Documents\backtest_results\_builder_sessions\20260318_002744_objectif_sur_injusdc_1h_combiner_aroon_u\session_summary.json,C:\Users\o3-Pro\Documents\backtest_results\_builder_sessions\20260318_002744_objectif_sur_injusdc_1h_combiner_aroon_u,0331da018b549ba3eaabff115fbb706daff575fd457077993de7184bc28dbc2e,53917,,,running,,,,5,,0.549380604108392,20.539765382739546,
11,20260318_003413_strat_gie_de_scalping_sur_renderusdc_1h,C:\Users\o3-Pro\Documents\backtest_results\_builder_sessions\20260318_003413_strat_gie_de_scalping_sur_renderusdc_1h\session_summary.json,C:\Users\o3-Pro\Documents\backtest_results\_builder_sessions\20260318_003413_strat_gie_de_scalping_sur_renderusdc_1h,9ea3c9f2ee1f79aedef8168e48db6195f5a2bb7bf3aa1c49c397fdd91c6e3329,29897,,,running,,,,3,,0.5529593012316354,-100.0,
12,20260318_003720_strat_gie_de_momentum_sur_orcausdc_1d_in,C:\Users\o3-Pro\Documents\backtest_results\_builder_sessions\20260318_003720_strat_gie_de_momentum_sur_orcausdc_1d_in\session_summary.json,C:\Users\o3-Pro\Documents\backtest_results\_builder_sessions\20260318_003720_strat_gie_de_momentum_sur_orcausdc_1d_in,903757a9b282e9576e5c1471777e57fc98e4e83513a84e3c5dd6ee255d3e8ba9,8149,,,running,,,,1,,0.0,-26.0,
13,20260318_003922_strat_gie_de_mean_reversion_sur_plumeusd,C:\Users\o3-Pro\Documents\backtest_results\_builder_sessions\20260318_003922_strat_gie_de_mean_reversion_sur_plumeusd\session_summary.json,C:\Users\o3-Pro\Documents\backtest_results\_builder_sessions\20260318_003922_strat_gie_de_mean_reversion_sur_plumeusd,aa68f9ac990095f78833850d0ef5a73d3e3ad3d2cc90c54a1ae7d4df99a81417,82942,,,max_iterations,,,,10,,0.7814982633011002,47.74316064169163,
14,20260318_004228_objectif_sur_linkusdc_4h_utiliser_atr_en,C:\Users\o3-Pro\Documents\backtest_results\_builder_sessions\20260318_004228_objectif_sur_linkusdc_4h_utiliser_atr_en\session_summary.json,C:\Users\o3-Pro\Documents\backtest_results\_builder_sessions\20260318_004228_objectif_sur_linkusdc_4h_utiliser_atr_en,50c0246e16a9a7172a5b77a7d701aed642cb34903a6b4747ffe4ac80b3b6d635,8054,,,running,,,,1,,0.0,-26.0,
15,20260318_004342_objectif_sur_wusdc_1h_indicateurs_aroon,C:\Users\o3-Pro\Documents\backtest_results\_builder_sessions\20260318_004342_objectif_sur_wusdc_1h_indicateurs_aroon\session_summary.json,C:\Users\o3-Pro\Documents\backtest_results\_builder_sessions\20260318_004342_objectif_sur_wusdc_1h_indicateurs_aroon,5080388de11b45f258ef0d34c9e3917c1885fafff69194c04fecad79dc3a47a4,80953,,,max_iterations,,,,10,,0.26693562716345604,17.98863921302771,
16,20260318_004610_objectif_strat_gie_sur_runeusdc_4h_indic,C:\Users\o3-Pro\Documents\backtest_results\_builder_sessions\20260318_004610_objectif_strat_gie_sur_runeusdc_4h_indic\session_summary.json,C:\Users\o3-Pro\Documents\backtest_results\_builder_sessions\20260318_004610_objectif_strat_gie_sur_runeusdc_4h_indic,96ff0f5bf7f81fdb51b03b4e8e0db12e3781275c852782b4cbdb4f47537a756f,60491,,,failed,,,,6,,0.27086275274145943,-100.0,
17,20260318_005325_objectif_sur_stousdc_4h_indicateurs_atr,C:\Users\o3-Pro\Documents\backtest_results\_builder_sessions\20260318_005325_objectif_sur_stousdc_4h_indicateurs_atr\session_summary.json,C:\Users\o3-Pro\Documents\backtest_results\_builder_sessions\20260318_005325_objectif_sur_stousdc_4h_indicateurs_atr,8d071e92e18e295da3a0034c2464d7c47ab9b168b79ab98304034a6ce4ee5c33,10708,,,running,,,,1,,0.047748234274378486,-57.105261754993016,
18,20260318_005543_objectif_sur_1mbabydogeusdc_1h_exploiter,C:\Users\o3-Pro\Documents\backtest_results\_builder_sessions\20260318_005543_objectif_sur_1mbabydogeusdc_1h_exploiter\session_summary.json,C:\Users\o3-Pro\Documents\backtest_results\_builder_sessions\20260318_005543_objectif_sur_1mbabydogeusdc_1h_exploiter,e0a51fff8df7c2ab796551b8a7e52d6f2768663ecc9323d56924c63ed5586398,12015,,,running,,,,1,,-20.0,-100.0,
19,20260318_005718_objectif_exploiter_le_comportement_adapt,C:\Users\o3-Pro\Documents\backtest_results\_builder_sessions\20260318_005718_objectif_exploiter_le_comportement_adapt\session_summary.json,C:\Users\o3-Pro\Documents\backtest_results\_builder_sessions\20260318_005718_objectif_exploiter_le_comportement_adapt,5f57c67ff337e692493b0eee1aa1587ed182f934df783a6e6fe3d3994a32445f,43449,,,running,,,,4,,0.28527900983654764,-47.29731673393309,
20,20260318_010508_strat_gie_de_trend_following_sur_rplusdc,C:\Users\o3-Pro\Documents\backtest_results\_builder_sessions\20260318_010508_strat_gie_de_trend_following_sur_rplusdc\session_summary.json,C:\Users\o3-Pro\Documents\backtest_results\_builder_sessions\20260318_010508_strat_gie_de_trend_following_sur_rplusdc,6f1253fc4d4dd1becc78fda7fb48fbb4580a1a9d58638a03220fec18416b7c9f,2058,,,failed,,,,1,,-inf,-inf,
21,20260318_010753_strat_gie_de_mean_reversion_sur_lskusdc,C:\Users\o3-Pro\Documents\backtest_results\_builder_sessions\20260318_010753_strat_gie_de_mean_reversion_sur_lskusdc\session_summary.json,C:\Users\o3-Pro\Documents\backtest_results\_builder_sessions\20260318_010753_strat_gie_de_mean_reversion_sur_lskusdc,807783121cdef1cfff6d3d4fbd76555d8e40203de5703e01f92d7a45c5eeb5fe,2093,,,failed,,,,1,,-inf,-inf,
22,20260318_010858_strat_gie_de_multi_factor_sur_phausdc_1h,C:\Users\o3-Pro\Documents\backtest_results\_builder_sessions\20260318_010858_strat_gie_de_multi_factor_sur_phausdc_1h\session_summary.json,C:\Users\o3-Pro\Documents\backtest_results\_builder_sessions\20260318_010858_strat_gie_de_multi_factor_sur_phausdc_1h,a7fdc46a4d9ff48390cb2a4ee0dd7088b9ff250bdf7488aed7dadcbe94ba4435,32015,,,running,,,,3,,0.15176499644768826,-89.63371401387367,
23,20260318_011216_strat_gie_de_momentum_sur_plumeusdc_1h_i,C:\Users\o3-Pro\Documents\backtest_results\_builder_sessions\20260318_011216_strat_gie_de_momentum_sur_plumeusdc_1h_i\session_summary.json,C:\Users\o3-Pro\Documents\backtest_results\_builder_sessions\20260318_011216_strat_gie_de_momentum_sur_plumeusdc_1h_i,2bc02a7d13e30515447542ec8e936a1447b43551bca15b7f36c40806cbe57e6c,17296,,,running,,,,2,,0.0,-88.37510827921578,
24,20260318_011410_strat_gie_de_breakout_sur_proveusdc_3m_i,C:\Users\o3-Pro\Documents\backtest_results\_builder_sessions\20260318_011410_strat_gie_de_breakout_sur_proveusdc_3m_i\session_summary.json,C:\Users\o3-Pro\Documents\backtest_results\_builder_sessions\20260318_011410_strat_gie_de_breakout_sur_proveusdc_3m_i,f8a0a22076a41bbac873603d38806886454224191f54211a9c15b788e51f758b,2113,,,failed,,,,1,,-inf,-inf,
25,20260318_011518_strat_gie_de_mean_reversion_sur_arkmusdc,C:\Users\o3-Pro\Documents\backtest_results\_builder_sessions\20260318_011518_strat_gie_de_mean_reversion_sur_arkmusdc\session_summary.json,C:\Users\o3-Pro\Documents\backtest_results\_builder_sessions\20260318_011518_strat_gie_de_mean_reversion_sur_arkmusdc,06a9bee1951d38522ec0a0605735e4945c9ae586fc5f93f39907169f26cb5834,10044,,,running,,,,1,,0.7261613356634787,24.68243030989089,
26,20260318_011707_strat_gie_de_momentum_sur_susdc_30m_indi,C:\Users\o3-Pro\Documents\backtest_results\_builder_sessions\20260318_011707_strat_gie_de_momentum_sur_susdc_30m_indi\session_summary.json,C:\Users\o3-Pro\Documents\backtest_results\_builder_sessions\20260318_011707_strat_gie_de_momentum_sur_susdc_30m_indi,28ab9dc084e913f26cdbee7946c0fe288fb81b50b6e7e5cc32aa114100a960a1,32019,,,running,,,,3,,0.0,-100.0,
27,20260318_011943_strat_gie_de_regime_adaptatif_sur_wldusd,C:\Users\o3-Pro\Documents\backtest_results\_builder_sessions\20260318_011943_strat_gie_de_regime_adaptatif_sur_wldusd\session_summary.json,C:\Users\o3-Pro\Documents\backtest_results\_builder_sessions\20260318_011943_strat_gie_de_regime_adaptatif_sur_wldusd,ea3c40dfd5f7127519d28cf2d391d8b12f2aa03683f6e14b4f6c75196f56f1eb,2088,,,failed,,,,1,,-inf,-inf,
28,20260318_012001_strat_gie_de_breakout_sur_bomeusdc_30m_i,C:\Users\o3-Pro\Documents\backtest_results\_builder_sessions\20260318_012001_strat_gie_de_breakout_sur_bomeusdc_30m_i\session_summary.json,C:\Users\o3-Pro\Documents\backtest_results\_builder_sessions\20260318_012001_strat_gie_de_breakout_sur_bomeusdc_30m_i,bd2eda5734d23850f32996035c1fcd42113d0f7b8fd5fbdc0d761d698fc5422b,44480,,,running,,,,5,,0.0,-100.0,
29,20260318_012411_strat_gie_de_scalping_sur_lskusdc_1h_ind,C:\Users\o3-Pro\Documents\backtest_results\_builder_sessions\20260318_012411_strat_gie_de_scalping_sur_lskusdc_1h_ind\session_summary.json,C:\Users\o3-Pro\Documents\backtest_results\_builder_sessions\20260318_012411_strat_gie_de_scalping_sur_lskusdc_1h_ind,91345ce9aac29d5164ad7361fcb8cafe60b9c2070acad6fd12dd521873eb4245,82373,,,max_iterations,,,,10,,0.36767043392795595,21.01230761206318,
30,20260318_012634_objectif_sur_memeusdc_5m_exploitons_l_as,C:\Users\o3-Pro\Documents\backtest_results\_builder_sessions\20260318_012634_objectif_sur_memeusdc_5m_exploitons_l_as\session_summary.json,C:\Users\o3-Pro\Documents\backtest_results\_builder_sessions\20260318_012634_objectif_sur_memeusdc_5m_exploitons_l_as,15de9258ba71915fd2eb610bbe32db10b6033dddbef74e12f1ec79687b5a1976,11805,,,running,,,,1,,-20.0,-100.0,
31,20260318_012901_objectif_de_strat_gie_sur_stousdc_1d_ind,C:\Users\o3-Pro\Documents\backtest_results\_builder_sessions\20260318_012901_objectif_de_strat_gie_sur_stousdc_1d_ind\session_summary.json,C:\Users\o3-Pro\Documents\backtest_results\_builder_sessions\20260318_012901_objectif_de_strat_gie_sur_stousdc_1d_ind,b126b63a48b246634dc0059519ab21785d06f98990911b9ce9cb2b0c58c70e76,32304,,,running,,,,3,,-0.2044802707392728,-100.0,
32,20260318_013420_objectif_de_strat_gie_sur_sentusdc_4h_in,C:\Users\o3-Pro\Documents\backtest_results\_builder_sessions\20260318_013420_objectif_de_strat_gie_sur_sentusdc_4h_in\session_summary.json,C:\Users\o3-Pro\Documents\backtest_results\_builder_sessions\20260318_013420_objectif_de_strat_gie_sur_sentusdc_4h_in,34da91847f5da5351d3368a13fdd8cf19d9ff254787e5940d409a2b49f56aad3,2489,,,failed,,,,1,,-inf,-inf,
33,20260318_013438_objectif_de_strat_gie_sur_lskusdc_4h_ind,C:\Users\o3-Pro\Documents\backtest_results\_builder_sessions\20260318_013438_objectif_de_strat_gie_sur_lskusdc_4h_ind\session_summary.json,C:\Users\o3-Pro\Documents\backtest_results\_builder_sessions\20260318_013438_objectif_de_strat_gie_sur_lskusdc_4h_ind,0112d5ff5cd5c957972255dfa114dfeaac5e5b7fabec45f1cbdd91a57ca05637,10052,,,running,,,,1,,0.047069931474014656,-100.0,
34,20260318_013617_strat_gie_de_momentum_sur_cookieusdc_4h,C:\Users\o3-Pro\Documents\backtest_results\_builder_sessions\20260318_013617_strat_gie_de_momentum_sur_cookieusdc_4h\session_summary.json,C:\Users\o3-Pro\Documents\backtest_results\_builder_sessions\20260318_013617_strat_gie_de_momentum_sur_cookieusdc_4h,ae487567791af0098347e49ce03510a15ee1558fce3f2fdd9a189b7c0317b6c5,2069,,,failed,,,,1,,-inf,-inf,
35,20260318_013901_strat_gie_de_mean_reversion_sur_aaveusdc,C:\Users\o3-Pro\Documents\backtest_results\_builder_sessions\20260318_013901_strat_gie_de_mean_reversion_sur_aaveusdc\session_summary.json,C:\Users\o3-Pro\Documents\backtest_results\_builder_sessions\20260318_013901_strat_gie_de_mean_reversion_sur_aaveusdc,b5a7e6bcced4b20d123c0532cc9fd04ef28516eb519257eabc93b8b698102ccc,2089,,,failed,,,,1,,-inf,-inf,
36,20260318_013917_strat_gie_de_trend_following_sur_biousdc,C:\Users\o3-Pro\Documents\backtest_results\_builder_sessions\20260318_013917_strat_gie_de_trend_following_sur_biousdc\session_summary.json,C:\Users\o3-Pro\Documents\backtest_results\_builder_sessions\20260318_013917_strat_gie_de_trend_following_sur_biousdc,f717eaeff6c09e71129b729a53d499dd2acf31d4c85a3bcc9703905b4c9e5ec4,17374,,,running,,,,2,,0.5607351799311918,-55.05982261614208,
37,20260318_014134_strat_gie_de_breakout_sur_treeusdc_1d_in,C:\Users\o3-Pro\Documents\backtest_results\_builder_sessions\20260318_014134_strat_gie_de_breakout_sur_treeusdc_1d_in\session_summary.json,C:\Users\o3-Pro\Documents\backtest_results\_builder_sessions\20260318_014134_strat_gie_de_breakout_sur_treeusdc_1d_in,c1b69b7328ab0164cda3d9bd187d13364b71b0e260d923cc7e64b3dece29133f,2069,,,failed,,,,1,,-inf,-inf,
38,20260318_014150_strat_gie_de_multi_factor_sur_fusdc_1d_i,C:\Users\o3-Pro\Documents\backtest_results\_builder_sessions\20260318_014150_strat_gie_de_multi_factor_sur_fusdc_1d_i\session_summary.json,C:\Users\o3-Pro\Documents\backtest_results\_builder_sessions\20260318_014150_strat_gie_de_multi_factor_sur_fusdc_1d_i,72599322c845eaf0381b8646a227af90fd68f02030ef4b95f45da4b435b632c7,2147,,,failed,,,,1,,-inf,-inf,
39,20260318_014205_strat_gie_de_mean_reversion_sur_1000chee,C:\Users\o3-Pro\Documents\backtest_results\_builder_sessions\20260318_014205_strat_gie_de_mean_reversion_sur_1000chee\session_summary.json,C:\Users\o3-Pro\Documents\backtest_results\_builder_sessions\20260318_014205_strat_gie_de_mean_reversion_sur_1000chee,1d12ee05f6b752bd474e46f267376392f0b944898a05430516708235cc1bdaf9,2116,,,failed,,,,1,,-inf,-inf,
40,20260318_014222_strat_gie_de_momentum_sur_grtusdc_1h_ind,C:\Users\o3-Pro\Documents\backtest_results\_builder_sessions\20260318_014222_strat_gie_de_momentum_sur_grtusdc_1h_ind\session_summary.json,C:\Users\o3-Pro\Documents\backtest_results\_builder_sessions\20260318_014222_strat_gie_de_momentum_sur_grtusdc_1h_ind,323dc4fa21d7062898ef99c563134d5737fa5c6af9b6220f5c7591ef4c5b1ffb,9660,,,success,,,,1,,1.248600234768435,100.0,
41,20260318_014400_objectif_de_strat_gie_sur_adausdc_4h_ind,C:\Users\o3-Pro\Documents\backtest_results\_builder_sessions\20260318_014400_objectif_de_strat_gie_sur_adausdc_4h_ind\session_summary.json,C:\Users\o3-Pro\Documents\backtest_results\_builder_sessions\20260318_014400_objectif_de_strat_gie_sur_adausdc_4h_ind,a19eaf6b0a2482c97ce69ab0e0b48725e9d81aa5bbad075f0e17dbedcd6f9d6f,15764,,,running,,,,2,,-20.0,-100.0,
42,20260318_014817_objectif_sur_dydxusdc_1h_combiner_atr_et,C:\Users\o3-Pro\Documents\backtest_results\_builder_sessions\20260318_014817_objectif_sur_dydxusdc_1h_combiner_atr_et\session_summary.json,C:\Users\o3-Pro\Documents\backtest_results\_builder_sessions\20260318_014817_objectif_sur_dydxusdc_1h_combiner_atr_et,e7f7811a9a8b1759cd18f90c42147546ad31e243610e64f621766c1c1a05a206,18374,,,running,,,,2,,0.1787294080888083,-68.64548107999714,
43,20260318_015200_objectif_de_strat_gie_sur_ltcusdc_1h_ind,C:\Users\o3-Pro\Documents\backtest_results\_builder_sessions\20260318_015200_objectif_de_strat_gie_sur_ltcusdc_1h_ind\session_summary.json,C:\Users\o3-Pro\Documents\backtest_results\_builder_sessions\20260318_015200_objectif_de_strat_gie_sur_ltcusdc_1h_ind,74e111d5b74b5f80b8cc75dfeee029b3fea1402b3bc660cb88a2c98d28ed215e,36024,,,running,,,,4,,0.0,-100.0,
44,20260318_015921_strat_gie_de_regime_adaptatif_sur_memeus,C:\Users\o3-Pro\Documents\backtest_results\_builder_sessions\20260318_015921_strat_gie_de_regime_adaptatif_sur_memeus\session_summary.json,C:\Users\o3-Pro\Documents\backtest_results\_builder_sessions\20260318_015921_strat_gie_de_regime_adaptatif_sur_memeus,d30dfaa4c06815c7199d11729056017c9ca6161b0d85e11aa7fee57637ae33f7,2059,,,failed,,,,1,,-inf,-inf,
45,20260318_015939_strat_gie_de_scalping_sur_galausdc_1h_in,C:\Users\o3-Pro\Documents\backtest_results\_builder_sessions\20260318_015939_strat_gie_de_scalping_sur_galausdc_1h_in\session_summary.json,C:\Users\o3-Pro\Documents\backtest_results\_builder_sessions\20260318_015939_strat_gie_de_scalping_sur_galausdc_1h_in,0f4743e6a8e3d33dca49fc45b3e7720b622f8c7079667dd8eb0b3930aa55e814,54827,,,failed,,,,6,,0.0,-26.0,
46,20260318_020321_strat_gie_de_multi_factor_sur_zbtusdc_1h,C:\Users\o3-Pro\Documents\backtest_results\_builder_sessions\20260318_020321_strat_gie_de_multi_factor_sur_zbtusdc_1h\session_summary.json,C:\Users\o3-Pro\Documents\backtest_results\_builder_sessions\20260318_020321_strat_gie_de_multi_factor_sur_zbtusdc_1h,8c0f1695c00b90eaa00fe9a9d1d853874fc1fdf53f93fa9cb6f8f824a1140f16,10116,,,success,,,,1,,1.1068496569805544,73.42454960276774,
47,20260318_020417_objectif_de_strat_gie_sur_minausdc_4h_in,C:\Users\o3-Pro\Documents\backtest_results\_builder_sessions\20260318_020417_objectif_de_strat_gie_sur_minausdc_4h_in\session_summary.json,C:\Users\o3-Pro\Documents\backtest_results\_builder_sessions\20260318_020417_objectif_de_strat_gie_sur_minausdc_4h_in,a56d090b531a791efd3992b02a819c09e1ea8012c7a6acbfa7c8e472b9aa8f47,8798,,,running,,,,1,,0.0,-26.0,
48,20260318_020653_objectif_de_strat_gie_sur_paxgusdc_15m_i,C:\Users\o3-Pro\Documents\backtest_results\_builder_sessions\20260318_020653_objectif_de_strat_gie_sur_paxgusdc_15m_i\session_summary.json,C:\Users\o3-Pro\Documents\backtest_results\_builder_sessions\20260318_020653_objectif_de_strat_gie_sur_paxgusdc_15m_i,faa23c1b7fe9a5d35dc3ad5cb43cfdbb9379536b594ec1bd68808590490c6b16,58351,,,failed,,,,6,,0.0,-100.0,
49,20260318_021440_objectif_de_strat_gie_sur_sagausdc_1h_in,C:\Users\o3-Pro\Documents\backtest_results\_builder_sessions\20260318_021440_objectif_de_strat_gie_sur_sagausdc_1h_in\session_summary.json,C:\Users\o3-Pro\Documents\backtest_results\_builder_sessions\20260318_021440_objectif_de_strat_gie_sur_sagausdc_1h_in,a143a09f5bf64f4df1c60807fb2e76c426fb3a8e79c625b2561b19e308291722,30111,,,running,,,,3,,-20.0,-100.0,
50,20260318_022333_strat_gie_de_momentum_sur_lskusdc_30m_in,C:\Users\o3-Pro\Documents\backtest_results\_builder_sessions\20260318_022333_strat_gie_de_momentum_sur_lskusdc_30m_in\session_summary.json,C:\Users\o3-Pro\Documents\backtest_results\_builder_sessions\20260318_022333_strat_gie_de_momentum_sur_lskusdc_30m_in,e989b635b746df4992bf9916f01ac2b288c99f5341da83ce686369f9a45293eb,2059,,,failed,,,,1,,-inf,-inf,
51,20260318_022434_strat_gie_de_scalping_sur_wlfiusdc_5m_in,C:\Users\o3-Pro\Documents\backtest_results\_builder_sessions\20260318_022434_strat_gie_de_scalping_sur_wlfiusdc_5m_in\session_summary.json,C:\Users\o3-Pro\Documents\backtest_results\_builder_sessions\20260318_022434_strat_gie_de_scalping_sur_wlfiusdc_5m_in,26c44b47731fafd9961ac72a41117845b391ee61ab2b8a740badbedf28c433f2,50666,,,running,,,,5,,0.0,-100.0,
52,20260318_022955_strat_gie_de_momentum_sur_stousdc_30m_in,C:\Users\o3-Pro\Documents\backtest_results\_builder_sessions\20260318_022955_strat_gie_de_momentum_sur_stousdc_30m_in\session_summary.json,C:\Users\o3-Pro\Documents\backtest_results\_builder_sessions\20260318_022955_strat_gie_de_momentum_sur_stousdc_30m_in,2dbd1e695e048c623886fe8a3abffbf7da18356fe23b4879994f295734d89989,2057,,,failed,,,,1,,-inf,-inf,
53,20260318_023011_strat_gie_de_trend_following_sur_bomeusd,C:\Users\o3-Pro\Documents\backtest_results\_builder_sessions\20260318_023011_strat_gie_de_trend_following_sur_bomeusd\session_summary.json,C:\Users\o3-Pro\Documents\backtest_results\_builder_sessions\20260318_023011_strat_gie_de_trend_following_sur_bomeusd,232e9375d4cc4c5eb3263e336d4fd9e585751336b2fe37a97963bbe58393f46f,20293,,,running,,,,2,,0.7463144245324851,-100.0,
54,20260318_023309_strat_gie_de_regime_adaptatif_sur_zamaus,C:\Users\o3-Pro\Documents\backtest_results\_builder_sessions\20260318_023309_strat_gie_de_regime_adaptatif_sur_zamaus\session_summary.json,C:\Users\o3-Pro\Documents\backtest_results\_builder_sessions\20260318_023309_strat_gie_de_regime_adaptatif_sur_zamaus,acb8b8de5d4a641c5c4c124f3a4dd394cf95b77087e8ba5d65903d7c8ae8bbdf,2061,,,failed,,,,1,,-inf,-inf,
55,20260318_023324_strat_gie_de_breakout_sur_rplusdc_3m_ind,C:\Users\o3-Pro\Documents\backtest_results\_builder_sessions\20260318_023324_strat_gie_de_breakout_sur_rplusdc_3m_ind\session_summary.json,C:\Users\o3-Pro\Documents\backtest_results\_builder_sessions\20260318_023324_strat_gie_de_breakout_sur_rplusdc_3m_ind,edbe7fff7a2ffd18fdddf61411ef78d5febde047486bee63f880f1c28a976e85,2094,,,failed,,,,1,,-inf,-inf,
56,20260318_023437_strat_gie_de_trend_following_sur_polusdc,C:\Users\o3-Pro\Documents\backtest_results\_builder_sessions\20260318_023437_strat_gie_de_trend_following_sur_polusdc\session_summary.json,C:\Users\o3-Pro\Documents\backtest_results\_builder_sessions\20260318_023437_strat_gie_de_trend_following_sur_polusdc,387087ea36736e2bb67a1f552b756b8aa80a68aa69e0d18a2b07bf92bf6de545,42441,,,running,,,,5,,0.893779532308717,-26.0,
57,20260318_024213_strat_gie_de_multi_factor_sur_1000cheems,C:\Users\o3-Pro\Documents\backtest_results\_builder_sessions\20260318_024213_strat_gie_de_multi_factor_sur_1000cheems\session_summary.json,C:\Users\o3-Pro\Documents\backtest_results\_builder_sessions\20260318_024213_strat_gie_de_multi_factor_sur_1000cheems,993831d851a60df4637a130d5f66e2f8b0e8e4f155487099c1926e19b0a4687e,2096,,,failed,,,,1,,-inf,-inf,
58,20260318_024229_strat_gie_de_scalping_sur_moveusdc_15m_i,C:\Users\o3-Pro\Documents\backtest_results\_builder_sessions\20260318_024229_strat_gie_de_scalping_sur_moveusdc_15m_i\session_summary.json,C:\Users\o3-Pro\Documents\backtest_results\_builder_sessions\20260318_024229_strat_gie_de_scalping_sur_moveusdc_15m_i,50fff09a9d318a065be05cb93425f3b09c6e51e45bb70bdafeee944622dcadec,2107,,,failed,,,,1,,-inf,-inf,
59,20260318_024246_strat_gie_de_breakout_sur_dogeusdc_1h_in,C:\Users\o3-Pro\Documents\backtest_results\_builder_sessions\20260318_024246_strat_gie_de_breakout_sur_dogeusdc_1h_in\session_summary.json,C:\Users\o3-Pro\Documents\backtest_results\_builder_sessions\20260318_024246_strat_gie_de_breakout_sur_dogeusdc_1h_in,383c4bf0e923df4ceb3d724427537cd1140dd2ba78ea71e4da17d724a15d8a73,30016,,,running,,,,3,,0.0,-100.0,
60,20260318_024922_strat_gie_de_momentum_sur_catiusdc_5m_in,C:\Users\o3-Pro\Documents\backtest_results\_builder_sessions\20260318_024922_strat_gie_de_momentum_sur_catiusdc_5m_in\session_summary.json,C:\Users\o3-Pro\Documents\backtest_results\_builder_sessions\20260318_024922_strat_gie_de_momentum_sur_catiusdc_5m_in,0e8684f20270f2a5ac74c36505b3380177f6d033de8aa2aa0d296f8c9e8a7a4d,2078,,,failed,,,,1,,-inf,-inf,
61,20260318_025213_strat_gie_de_multi_factor_sur_taousdc_1h,C:\Users\o3-Pro\Documents\backtest_results\_builder_sessions\20260318_025213_strat_gie_de_multi_factor_sur_taousdc_1h\session_summary.json,C:\Users\o3-Pro\Documents\backtest_results\_builder_sessions\20260318_025213_strat_gie_de_multi_factor_sur_taousdc_1h,e9eca44e588aee409e8563bd33a1f265f8a208061e9bb0a565cbbe8abf194b32,3505,,,running,,,,1,,-inf,-inf,
62,20260318_025331_strat_gie_de_mean_reversion_sur_lskusdc,C:\Users\o3-Pro\Documents\backtest_results\_builder_sessions\20260318_025331_strat_gie_de_mean_reversion_sur_lskusdc\session_summary.json,C:\Users\o3-Pro\Documents\backtest_results\_builder_sessions\20260318_025331_strat_gie_de_mean_reversion_sur_lskusdc,c32f840932dda0bb4d5c37dddb933d3a7efa4877110da33621b9d120f7ac9698,2126,,,failed,,,,1,,-inf,-inf,
63,20260318_025349_strat_gie_de_breakout_sur_homeusdc_30m_i,C:\Users\o3-Pro\Documents\backtest_results\_builder_sessions\20260318_025349_strat_gie_de_breakout_sur_homeusdc_30m_i\session_summary.json,C:\Users\o3-Pro\Documents\backtest_results\_builder_sessions\20260318_025349_strat_gie_de_breakout_sur_homeusdc_30m_i,bb00a0b3c9e3a8507237e53c18c3f16be50c5f8afe1d033053ad492ef03d9115,9959,,,running,,,,1,,-20.0,-100.0,
64,20260318_025853_strat_gie_de_scalping_sur_lskusdc_1d_ind,C:\Users\o3-Pro\Documents\backtest_results\_builder_sessions\20260318_025853_strat_gie_de_scalping_sur_lskusdc_1d_ind\session_summary.json,C:\Users\o3-Pro\Documents\backtest_results\_builder_sessions\20260318_025853_strat_gie_de_scalping_sur_lskusdc_1d_ind,e83c90de38830ca7d250c1ab9b6630c633fa48e0880063c67425e40c959126ca,2071,,,failed,,,,1,,-inf,-inf,
65,20260318_030100_strat_gie_de_mean_reversion_sur_allousdc,C:\Users\o3-Pro\Documents\backtest_results\_builder_sessions\20260318_030100_strat_gie_de_mean_reversion_sur_allousdc\session_summary.json,C:\Users\o3-Pro\Documents\backtest_results\_builder_sessions\20260318_030100_strat_gie_de_mean_reversion_sur_allousdc,5975d9cdbe80d26295c387ff03d536aff5b5f3b457791a1fadf580c15364d014,32353,,,success,,,,4,,1.1462998184736828,-26.0,
66,20260318_030658_objectif_de_strat_gie_sur_edenusdc_4h_ex,C:\Users\o3-Pro\Documents\backtest_results\_builder_sessions\20260318_030658_objectif_de_strat_gie_sur_edenusdc_4h_ex\session_summary.json,C:\Users\o3-Pro\Documents\backtest_results\_builder_sessions\20260318_030658_objectif_de_strat_gie_sur_edenusdc_4h_ex,36e13af6a3383ff16459542043cd76cf18bd125674f9cc63342daf7288a7e2d6,41821,,,running,,,,4,,-0.5269223409027053,-100.0,
67,20260318_031228_objectif_exploiter_le_biais_de_volatilit,C:\Users\o3-Pro\Documents\backtest_results\_builder_sessions\20260318_031228_objectif_exploiter_le_biais_de_volatilit\session_summary.json,C:\Users\o3-Pro\Documents\backtest_results\_builder_sessions\20260318_031228_objectif_exploiter_le_biais_de_volatilit,574c2c39525b824566bad9dfc67cd180187560f3313ab440379fd75e8516e283,10392,,,running,,,,1,,-0.24425757577000556,-73.20708511790616,
68,20260318_031422_objectif_sur_mubarakusdc_4h_exploiter_un,C:\Users\o3-Pro\Documents\backtest_results\_builder_sessions\20260318_031422_objectif_sur_mubarakusdc_4h_exploiter_un\session_summary.json,C:\Users\o3-Pro\Documents\backtest_results\_builder_sessions\20260318_031422_objectif_sur_mubarakusdc_4h_exploiter_un,5d650afbf677d9c4247aa6466eedd86fbc26d8c7ac069d17ad312735958f8ad5,12363,,,success,,,,1,,1.1331857840477655,100.0,
69,20260318_031515_objectif_de_strat_gie_sur_zenusdc_1h_ind,C:\Users\o3-Pro\Documents\backtest_results\_builder_sessions\20260318_031515_objectif_de_strat_gie_sur_zenusdc_1h_ind\session_summary.json,C:\Users\o3-Pro\Documents\backtest_results\_builder_sessions\20260318_031515_objectif_de_strat_gie_sur_zenusdc_1h_ind,45b86600a52c37a12c5081817f30cca5f6a59f96e2abc1a3eaef37e036371402,22870,,,running,,,,2,,0.0,-100.0,
70,20260318_031841_objectif_sur_ldousdc_1h_combiner_le_filt,C:\Users\o3-Pro\Documents\backtest_results\_builder_sessions\20260318_031841_objectif_sur_ldousdc_1h_combiner_le_filt\session_summary.json,C:\Users\o3-Pro\Documents\backtest_results\_builder_sessions\20260318_031841_objectif_sur_ldousdc_1h_combiner_le_filt,88e1db451e6513961fd64c4d8c2ab950fcbca19ff3ca4767a58c9f421e822e73,10961,,,running,,,,1,,0.44527474823748936,38.083355741978295,
71,20260318_032027_objectif_de_strat_gie_sur_memeusdc_15m_i,C:\Users\o3-Pro\Documents\backtest_results\_builder_sessions\20260318_032027_objectif_de_strat_gie_sur_memeusdc_15m_i\session_summary.json,C:\Users\o3-Pro\Documents\backtest_results\_builder_sessions\20260318_032027_objectif_de_strat_gie_sur_memeusdc_15m_i,f379ecf0ff6619e3cf0365822c1415e5453285bae424372c62b014de6c0c6d8e,20280,,,running,,,,2,,0.0,-100.0,
72,20260318_032524_strat_gie_de_momentum_sur_syrupusdc_15m,C:\Users\o3-Pro\Documents\backtest_results\_builder_sessions\20260318_032524_strat_gie_de_momentum_sur_syrupusdc_15m\session_summary.json,C:\Users\o3-Pro\Documents\backtest_results\_builder_sessions\20260318_032524_strat_gie_de_momentum_sur_syrupusdc_15m,861b3cf2f32fef52b0730df8376cf1f5c40bc1ae2776d7e8600e8e15143b3468,2057,,,failed,,,,1,,-inf,-inf,
73,20260318_032541_strat_gie_de_multi_factor_sur_avntusdc_1,C:\Users\o3-Pro\Documents\backtest_results\_builder_sessions\20260318_032541_strat_gie_de_multi_factor_sur_avntusdc_1\session_summary.json,C:\Users\o3-Pro\Documents\backtest_results\_builder_sessions\20260318_032541_strat_gie_de_multi_factor_sur_avntusdc_1,7d4548fadb48d94df454b353a9adc34e610d407507b9bdf98d2b7b3086eb8a65,9889,,,running,,,,1,,-20.0,-100.0,
74,20260318_032754_strat_gie_de_trend_following_sur_biousdc,C:\Users\o3-Pro\Documents\backtest_results\_builder_sessions\20260318_032754_strat_gie_de_trend_following_sur_biousdc\session_summary.json,C:\Users\o3-Pro\Documents\backtest_results\_builder_sessions\20260318_032754_strat_gie_de_trend_following_sur_biousdc,be37e3f2f2b3feb4a65edd006ceaf8ca89026a1c2c59d683d75504bc690acc29,17210,,,running,,,,2,,0.5607351799311918,-55.05982261614208,
75,20260318_033021_strat_gie_de_regime_adaptatif_sur_steemu,C:\Users\o3-Pro\Documents\backtest_results\_builder_sessions\20260318_033021_strat_gie_de_regime_adaptatif_sur_steemu\session_summary.json,C:\Users\o3-Pro\Documents\backtest_results\_builder_sessions\20260318_033021_strat_gie_de_regime_adaptatif_sur_steemu,68c5576485ba6f5305557a67fa34f658693ffbd348b7530caa3d625a03104d6f,10514,,,running,,,,1,,0.5784514106917976,-3.3532649599647257,
76,20260318_033221_strat_gie_de_momentum_sur_memeusdc_3m_in,C:\Users\o3-Pro\Documents\backtest_results\_builder_sessions\20260318_033221_strat_gie_de_momentum_sur_memeusdc_3m_in\session_summary.json,C:\Users\o3-Pro\Documents\backtest_results\_builder_sessions\20260318_033221_strat_gie_de_momentum_sur_memeusdc_3m_in,965bc35a6e0bd39f68f4ee969d7a78fcd12869874dea298f8c940351123a1ec9,2073,,,failed,,,,1,,-inf,-inf,
77,20260318_033238_strat_gie_de_mean_reversion_sur_luncusdc,C:\Users\o3-Pro\Documents\backtest_results\_builder_sessions\20260318_033238_strat_gie_de_mean_reversion_sur_luncusdc\session_summary.json,C:\Users\o3-Pro\Documents\backtest_results\_builder_sessions\20260318_033238_strat_gie_de_mean_reversion_sur_luncusdc,6da53b3f16cda1e87612ceefe6ad4e0c17c57714f02bbbab9b67da319f1faab1,83987,,,max_iterations,,,,10,,1.3405462601633875,75.3542186683133,
78,20260318_033459_objectif_de_strat_gie_sur_omniusdc_4h_in,C:\Users\o3-Pro\Documents\backtest_results\_builder_sessions\20260318_033459_objectif_de_strat_gie_sur_omniusdc_4h_in\session_summary.json,C:\Users\o3-Pro\Documents\backtest_results\_builder_sessions\20260318_033459_objectif_de_strat_gie_sur_omniusdc_4h_in,665ea0eb764def1f2b3af26b07a1856c4765ad3bb048fdb30c2f451416b70376,17528,,,running,,,,2,,0.0,-100.0,
79,20260318_033826_objectif_de_strat_gie_sur_dydxusdc_1h_in,C:\Users\o3-Pro\Documents\backtest_results\_builder_sessions\20260318_033826_objectif_de_strat_gie_sur_dydxusdc_1h_in\session_summary.json,C:\Users\o3-Pro\Documents\backtest_results\_builder_sessions\20260318_033826_objectif_de_strat_gie_sur_dydxusdc_1h_in,40c6d582b8ce205425b45552bd6c3e71d1cacac722877beaf0bc33bd22ddeeb1,22226,,,running,,,,2,,0.1787294080888083,-68.64548107999714,
80,20260318_034502_strat_gie_de_multi_factor_sur_dydxusdc_1,C:\Users\o3-Pro\Documents\backtest_results\_builder_sessions\20260318_034502_strat_gie_de_multi_factor_sur_dydxusdc_1\session_summary.json,C:\Users\o3-Pro\Documents\backtest_results\_builder_sessions\20260318_034502_strat_gie_de_multi_factor_sur_dydxusdc_1,212bc10f2d1425ef57396cb9de28c9ddf9ad65e02a2d02000d40966ca77f57b6,2095,,,failed,,,,1,,-inf,-inf,
81,20260318_034519_strat_gie_de_breakout_sur_troyusdc_15m_i,C:\Users\o3-Pro\Documents\backtest_results\_builder_sessions\20260318_034519_strat_gie_de_breakout_sur_troyusdc_15m_i\session_summary.json,C:\Users\o3-Pro\Documents\backtest_results\_builder_sessions\20260318_034519_strat_gie_de_breakout_sur_troyusdc_15m_i,f52deee42daccf8234417ad06f01e237e60ac14c9cb44219aee5c06c65fe0be3,20167,,,running,,,,2,,-20.0,-100.0,
82,20260318_034858_strat_gie_de_regime_adaptatif_sur_atusdc,C:\Users\o3-Pro\Documents\backtest_results\_builder_sessions\20260318_034858_strat_gie_de_regime_adaptatif_sur_atusdc\session_summary.json,C:\Users\o3-Pro\Documents\backtest_results\_builder_sessions\20260318_034858_strat_gie_de_regime_adaptatif_sur_atusdc,52a0d49366ed204d2a637a07bcb97e516fb137d0390f2e77428258fcc2767b34,2085,,,failed,,,,1,,-inf,-inf,
83,20260318_034915_strat_gie_de_scalping_sur_runeusdc_15m_i,C:\Users\o3-Pro\Documents\backtest_results\_builder_sessions\20260318_034915_strat_gie_de_scalping_sur_runeusdc_15m_i\session_summary.json,C:\Users\o3-Pro\Documents\backtest_results\_builder_sessions\20260318_034915_strat_gie_de_scalping_sur_runeusdc_15m_i,c66a0da44144191db4016fa25d403adac0266c027ed02d6584168ee012651c8e,10180,,,running,,,,1,,-20.0,-100.0,
84,20260318_035135_strat_gie_de_trend_following_sur_aaveusd,C:\Users\o3-Pro\Documents\backtest_results\_builder_sessions\20260318_035135_strat_gie_de_trend_following_sur_aaveusd\session_summary.json,C:\Users\o3-Pro\Documents\backtest_results\_builder_sessions\20260318_035135_strat_gie_de_trend_following_sur_aaveusd,8dc0db1c522a03dbd3541fe8bdc0994e146b044f7c905e8fdde2c0761c9dd1e0,2080,,,failed,,,,1,,-inf,-inf,
85,20260318_035152_strat_gie_de_momentum_sur_frontusdc_1h_i,C:\Users\o3-Pro\Documents\backtest_results\_builder_sessions\20260318_035152_strat_gie_de_momentum_sur_frontusdc_1h_i\session_summary.json,C:\Users\o3-Pro\Documents\backtest_results\_builder_sessions\20260318_035152_strat_gie_de_momentum_sur_frontusdc_1h_i,dbe600193ba1be5bb66987109cfbecf28ea63539812a2fa1e53043a6e3343a7a,9779,,,success,,,,1,,1.681206930675908,100.0,
86,20260318_035352_objectif_de_strat_gie_sur_trbusdc_1h_ind,C:\Users\o3-Pro\Documents\backtest_results\_builder_sessions\20260318_035352_objectif_de_strat_gie_sur_trbusdc_1h_ind\session_summary.json,C:\Users\o3-Pro\Documents\backtest_results\_builder_sessions\20260318_035352_objectif_de_strat_gie_sur_trbusdc_1h_ind,5351fe8034bcc036cd2470ae7a78d43f9acd6f7e83503758712e07b72136af04,10680,,,running,,,,1,,0.4967761615875984,9.048178869764726,
87,20260318_035627_objectif_sur_plumeusdc_1h_exploiter_l_as,C:\Users\o3-Pro\Documents\backtest_results\_builder_sessions\20260318_035627_objectif_sur_plumeusdc_1h_exploiter_l_as\session_summary.json,C:\Users\o3-Pro\Documents\backtest_results\_builder_sessions\20260318_035627_objectif_sur_plumeusdc_1h_exploiter_l_as,c3e1b7be56dee556cb5b75eb7df009502df03f76ab6e991dbdf46ce3646f4fd7,48044,,,running,,,,5,,0.3623849178245395,-100.0,
88,20260318_040310_strat_gie_de_regime_adaptatif_sur_syrupu,C:\Users\o3-Pro\Documents\backtest_results\_builder_sessions\20260318_040310_strat_gie_de_regime_adaptatif_sur_syrupu\session_summary.json,C:\Users\o3-Pro\Documents\backtest_results\_builder_sessions\20260318_040310_strat_gie_de_regime_adaptatif_sur_syrupu,1d58083c4c5bb636d3eb2f5ca157ca48de54e8acde76da5d2a27479e417086e6,2142,,,failed,,,,1,,-inf,-inf,
89,20260318_040327_strat_gie_de_multi_factor_sur_hyperusdc,C:\Users\o3-Pro\Documents\backtest_results\_builder_sessions\20260318_040327_strat_gie_de_multi_factor_sur_hyperusdc\session_summary.json,C:\Users\o3-Pro\Documents\backtest_results\_builder_sessions\20260318_040327_strat_gie_de_multi_factor_sur_hyperusdc,a34005aa5a82ed84c7bca673c954836bf9bf36dbc5e337fd9d39e3cf9144ae40,17833,,,running,,,,2,,0.0,-100.0,
90,20260318_040735_strat_gie_de_scalping_sur_bonkusdc_5m_in,C:\Users\o3-Pro\Documents\backtest_results\_builder_sessions\20260318_040735_strat_gie_de_scalping_sur_bonkusdc_5m_in\session_summary.json,C:\Users\o3-Pro\Documents\backtest_results\_builder_sessions\20260318_040735_strat_gie_de_scalping_sur_bonkusdc_5m_in,7ac080ad2532cea1489e198e3671623d9fbde5fe32fa9e3ef07131478483bc7f,64388,,,failed,,,,6,,0.0,-100.0,
91,20260318_041205_strat_gie_de_trend_following_sur_metusdc,C:\Users\o3-Pro\Documents\backtest_results\_builder_sessions\20260318_041205_strat_gie_de_trend_following_sur_metusdc\session_summary.json,C:\Users\o3-Pro\Documents\backtest_results\_builder_sessions\20260318_041205_strat_gie_de_trend_following_sur_metusdc,9d6c18acda1cb2824929485cd724db944c2ca0da535f1a4670793783f30a65df,29309,,,running,,,,3,,0.0,-26.0,
92,20260318_041540_strat_gie_de_breakout_sur_minausdc_4h_in,C:\Users\o3-Pro\Documents\backtest_results\_builder_sessions\20260318_041540_strat_gie_de_breakout_sur_minausdc_4h_in\session_summary.json,C:\Users\o3-Pro\Documents\backtest_results\_builder_sessions\20260318_041540_strat_gie_de_breakout_sur_minausdc_4h_in,bee238bb0fbf7cfaad1445fafba52d97afe4d6caa1f0fbe1056001bb17641214,2120,,,failed,,,,1,,-inf,-inf,
93,20260318_041557_strat_gie_de_multi_factor_sur_peopleusdc,C:\Users\o3-Pro\Documents\backtest_results\_builder_sessions\20260318_041557_strat_gie_de_multi_factor_sur_peopleusdc\session_summary.json,C:\Users\o3-Pro\Documents\backtest_results\_builder_sessions\20260318_041557_strat_gie_de_multi_factor_sur_peopleusdc,3cee5ce1f5ca12b34e4257d93490a58949f674288b8ee2d8a725186c93fb029e,13758,,,running,,,,1,,-20.0,-100.0,
94,20260318_041803_strat_gie_de_mean_reversion_sur_apeusdc,C:\Users\o3-Pro\Documents\backtest_results\_builder_sessions\20260318_041803_strat_gie_de_mean_reversion_sur_apeusdc\session_summary.json,C:\Users\o3-Pro\Documents\backtest_results\_builder_sessions\20260318_041803_strat_gie_de_mean_reversion_sur_apeusdc,31be46b6fed3d340bf82ad1e63a828ff90ca5b431fe2d28523971014b116bf22,12764,,,running,,,,1,,0.38054260296605535,29.17640887290713,
95,20260318_041951_strat_gie_de_regime_adaptatif_sur_btcusd,C:\Users\o3-Pro\Documents\backtest_results\_builder_sessions\20260318_041951_strat_gie_de_regime_adaptatif_sur_btcusd\session_summary.json,C:\Users\o3-Pro\Documents\backtest_results\_builder_sessions\20260318_041951_strat_gie_de_regime_adaptatif_sur_btcusd,55a70936ac76e8eaffa9f0ab6a2c36249393b22ff3b69dd3b2388c18750f0798,16039,,,running,,,,2,,0.0,-26.0,
96,20260318_042148_strat_gie_de_momentum_sur_wldusdc_15m_in,C:\Users\o3-Pro\Documents\backtest_results\_builder_sessions\20260318_042148_strat_gie_de_momentum_sur_wldusdc_15m_in\session_summary.json,C:\Users\o3-Pro\Documents\backtest_results\_builder_sessions\20260318_042148_strat_gie_de_momentum_sur_wldusdc_15m_in,3c0a43e15e8fcb3a1c3d4fc66f7aa745afb0b3bcd508eb2059e684c4c5e74af0,2060,,,failed,,,,1,,-inf,-inf,
97,20260318_042404_strat_gie_de_regime_adaptatif_sur_cowusd,C:\Users\o3-Pro\Documents\backtest_results\_builder_sessions\20260318_042404_strat_gie_de_regime_adaptatif_sur_cowusd\session_summary.json,C:\Users\o3-Pro\Documents\backtest_results\_builder_sessions\20260318_042404_strat_gie_de_regime_adaptatif_sur_cowusd,1a85497d5a8326e8c2c85a1075a6b3b24831f4a11d54952cc2808ac1d01810bb,12171,,,running,,,,1,,-20.0,-100.0,
98,20260318_042526_strat_gie_de_trend_following_sur_dydxusd,C:\Users\o3-Pro\Documents\backtest_results\_builder_sessions\20260318_042526_strat_gie_de_trend_following_sur_dydxusd\session_summary.json,C:\Users\o3-Pro\Documents\backtest_results\_builder_sessions\20260318_042526_strat_gie_de_trend_following_sur_dydxusd,898ce97c89a05bba4ae5943b9dd0cc7202fea6c1ff18b0f221a980d1163b325c,2075,,,failed,,,,1,,-inf,-inf,
99,20260318_042543_strat_gie_de_multi_factor_sur_hbarusdc_1,C:\Users\o3-Pro\Documents\backtest_results\_builder_sessions\20260318_042543_strat_gie_de_multi_factor_sur_hbarusdc_1\session_summary.json,C:\Users\o3-Pro\Documents\backtest_results\_builder_sessions\20260318_042543_strat_gie_de_multi_factor_sur_hbarusdc_1,e01000046418447b68a7bd0c0fe4c6c3d34c3bd0cd3d02b19faf5310874be08b,90688,,,max_iterations,,,,10,,0.6792942348803798,81.68303533005701,
100,20260318_043154_objectif_sur_zamausdc_5m_exploiter_le_cr,C:\Users\o3-Pro\Documents\backtest_results\_builder_sessions\20260318_043154_objectif_sur_zamausdc_5m_exploiter_le_cr\session_summary.json,C:\Users\o3-Pro\Documents\backtest_results\_builder_sessions\20260318_043154_objectif_sur_zamausdc_5m_exploiter_le_cr,d51a58da41507d2b151f888600086ce431b7214dc44e06ae6b9f8610a36866ab,10681,,,running,,,,1,,-3.957551624101092,-100.0,
101,20260318_043409_objectif_utiliser_l_adx_pour_d_tecter_un,C:\Users\o3-Pro\Documents\backtest_results\_builder_sessions\20260318_043409_objectif_utiliser_l_adx_pour_d_tecter_un\session_summary.json,C:\Users\o3-Pro\Documents\backtest_results\_builder_sessions\20260318_043409_objectif_utiliser_l_adx_pour_d_tecter_un,7f15a8510b56df312953438e03492b717685b6c480c937ae8238a82d4cd1b614,20289,,,running,,,,2,,1.94163439316478,100.0,
102,20260318_043638_objectif_de_strat_gie_sur_dolousdc_4h_in,C:\Users\o3-Pro\Documents\backtest_results\_builder_sessions\20260318_043638_objectif_de_strat_gie_sur_dolousdc_4h_in\session_summary.json,C:\Users\o3-Pro\Documents\backtest_results\_builder_sessions\20260318_043638_objectif_de_strat_gie_sur_dolousdc_4h_in,122edf9ad9bf885419cfc4988edca9c121c9769971d5785fc4ebb429fefd3ef5,11481,,,running,,,,1,,0.02001768813994229,-79.67741497529228,
103,20260318_043911_sur_moveusdc_1h_indicateurs_momentum_vol,C:\Users\o3-Pro\Documents\backtest_results\_builder_sessions\20260318_043911_sur_moveusdc_1h_indicateurs_momentum_vol\session_summary.json,C:\Users\o3-Pro\Documents\backtest_results\_builder_sessions\20260318_043911_sur_moveusdc_1h_indicateurs_momentum_vol,cd193befc9f8fb31feb1a25156bf1c6bba0215e382603468ef1a8ae17aff6f62,2345,,,failed,,,,1,,-inf,-inf,
104,20260318_043927_strat_gie_de_breakout_sur_holousdc_15m_i,C:\Users\o3-Pro\Documents\backtest_results\_builder_sessions\20260318_043927_strat_gie_de_breakout_sur_holousdc_15m_i\session_summary.json,C:\Users\o3-Pro\Documents\backtest_results\_builder_sessions\20260318_043927_strat_gie_de_breakout_sur_holousdc_15m_i,dc963e17ba613d9b72d7201aee0e54acb1f57d03c7c4c3343b9e292f55d93a66,2108,,,failed,,,,1,,-inf,-inf,
105,20260318_043943_strat_gie_de_mean_reversion_sur_bonkusdc,C:\Users\o3-Pro\Documents\backtest_results\_builder_sessions\20260318_043943_strat_gie_de_mean_reversion_sur_bonkusdc\session_summary.json,C:\Users\o3-Pro\Documents\backtest_results\_builder_sessions\20260318_043943_strat_gie_de_mean_reversion_sur_bonkusdc,3371ed1e976d887a3744c5610e9fbecd86be0fe11a2eb462f2e2bdaedeb691c9,63930,,,failed,,,,6,,0.523926336154971,-100.0,
106,20260318_044447_strat_gie_de_trend_following_sur_dogsusd,C:\Users\o3-Pro\Documents\backtest_results\_builder_sessions\20260318_044447_strat_gie_de_trend_following_sur_dogsusd\session_summary.json,C:\Users\o3-Pro\Documents\backtest_results\_builder_sessions\20260318_044447_strat_gie_de_trend_following_sur_dogsusd,e0f7ce6a891ced2a20e7c41c2f6789f7a9512c86f02f7b2784c51b5a17d7a40f,15444,,,running,,,,2,,-20.0,-100.0,
107,20260318_044859_strat_gie_de_scalping_sur_proveusdc_5m_i,C:\Users\o3-Pro\Documents\backtest_results\_builder_sessions\20260318_044859_strat_gie_de_scalping_sur_proveusdc_5m_i\session_summary.json,C:\Users\o3-Pro\Documents\backtest_results\_builder_sessions\20260318_044859_strat_gie_de_scalping_sur_proveusdc_5m_i,7c96d61b7ed77bb78fab21893db34c269cff8519beb55af404d70ff32fb17ff2,2075,,,failed,,,,1,,-inf,-inf,
108,20260318_045105_strat_gie_de_multi_factor_sur_peopleusdc,C:\Users\o3-Pro\Documents\backtest_results\_builder_sessions\20260318_045105_strat_gie_de_multi_factor_sur_peopleusdc\session_summary.json,C:\Users\o3-Pro\Documents\backtest_results\_builder_sessions\20260318_045105_strat_gie_de_multi_factor_sur_peopleusdc,2e4bf680ac8e94b57bb289a093f4450aeb1373407dcc5c46efb48cb8033fc90e,62006,,,running,,,,6,,0.5666883428296795,-91.50331017555274,
109,20260318_050023_strat_gie_de_mean_reversion_sur_1000chee,C:\Users\o3-Pro\Documents\backtest_results\_builder_sessions\20260318_050023_strat_gie_de_mean_reversion_sur_1000chee\session_summary.json,C:\Users\o3-Pro\Documents\backtest_results\_builder_sessions\20260318_050023_strat_gie_de_mean_reversion_sur_1000chee,7091323f279536778058582a6fcfa32c39ea5705f7208fec55e1e676b2ef3764,2106,,,failed,,,,1,,-inf,-inf,
110,20260318_050039_strat_gie_de_breakout_sur_zbtusdc_30m_in,C:\Users\o3-Pro\Documents\backtest_results\_builder_sessions\20260318_050039_strat_gie_de_breakout_sur_zbtusdc_30m_in\session_summary.json,C:\Users\o3-Pro\Documents\backtest_results\_builder_sessions\20260318_050039_strat_gie_de_breakout_sur_zbtusdc_30m_in,258e2f03962ac479a833f1da8a9731a679a7d0f52a7ad6707bab92798c9401f3,25780,,,running,,,,2,,0.0,-100.0,
111,20260318_050747_strat_gie_de_momentum_sur_metusdc_1h_ind,C:\Users\o3-Pro\Documents\backtest_results\_builder_sessions\20260318_050747_strat_gie_de_momentum_sur_metusdc_1h_ind\session_summary.json,C:\Users\o3-Pro\Documents\backtest_results\_builder_sessions\20260318_050747_strat_gie_de_momentum_sur_metusdc_1h_ind,2fcad3de7b06d231a8ad73ee0aa148ebb098fd6a2dedf4ec64f42082923f7372,20739,,,running,,,,2,,-0.6008920471249081,-79.52748541931538,
112,20260318_051048_strat_gie_de_multi_factor_sur_memeusdc_1,C:\Users\o3-Pro\Documents\backtest_results\_builder_sessions\20260318_051048_strat_gie_de_multi_factor_sur_memeusdc_1\session_summary.json,C:\Users\o3-Pro\Documents\backtest_results\_builder_sessions\20260318_051048_strat_gie_de_multi_factor_sur_memeusdc_1,c70c4136ab60d4af5173ac269d474c00816ef33c2fa52b7d95af0ee1fdd49b41,2167,,,failed,,,,1,,-inf,-inf,
113,20260318_051431_strat_gie_de_momentum_sur_biousdc_4h_ind,C:\Users\o3-Pro\Documents\backtest_results\_builder_sessions\20260318_051431_strat_gie_de_momentum_sur_biousdc_4h_ind\session_summary.json,C:\Users\o3-Pro\Documents\backtest_results\_builder_sessions\20260318_051431_strat_gie_de_momentum_sur_biousdc_4h_ind,0e77d52ff518ae6b8f6d7fb7b537a9e84b66de93fc4199310d0ce117bef75ae4,15512,,,running,,,,2,,0.5607351799311918,-55.05982261614208,
114,20260318_051817_strat_gie_de_multi_factor_sur_lskusdc_1w,C:\Users\o3-Pro\Documents\backtest_results\_builder_sessions\20260318_051817_strat_gie_de_multi_factor_sur_lskusdc_1w\session_summary.json,C:\Users\o3-Pro\Documents\backtest_results\_builder_sessions\20260318_051817_strat_gie_de_multi_factor_sur_lskusdc_1w,c8818a88efd21a4dddbdbd791e055a063dbf7b113c9e1113aac65ab2a32d0216,2144,,,failed,,,,1,,-inf,-inf,
115,20260318_052105_strat_gie_de_mean_reversion_sur_memeusdc,C:\Users\o3-Pro\Documents\backtest_results\_builder_sessions\20260318_052105_strat_gie_de_mean_reversion_sur_memeusdc\session_summary.json,C:\Users\o3-Pro\Documents\backtest_results\_builder_sessions\20260318_052105_strat_gie_de_mean_reversion_sur_memeusdc,6e555087f4a01e4d1a6469e3d9a94c04c70177f5d1f0ddd9eb19ce283bcdf1fb,28308,,,running,,,,3,,0.0,-91.56729899456187,
116,20260318_052516_strat_gie_de_momentum_sur_sagausdc_1h_in,C:\Users\o3-Pro\Documents\backtest_results\_builder_sessions\20260318_052516_strat_gie_de_momentum_sur_sagausdc_1h_in\session_summary.json,C:\Users\o3-Pro\Documents\backtest_results\_builder_sessions\20260318_052516_strat_gie_de_momentum_sur_sagausdc_1h_in,f63f766bbf10ae95b5e9624937fc63e48627c3fe0fb01157c2327d2c25e75aa7,45702,,,running,,,,4,,0.18597282205677867,-55.02868128291356,
117,20260318_053330_strat_gie_de_breakout_sur_zamausdc_4h_in,C:\Users\o3-Pro\Documents\backtest_results\_builder_sessions\20260318_053330_strat_gie_de_breakout_sur_zamausdc_4h_in\session_summary.json,C:\Users\o3-Pro\Documents\backtest_results\_builder_sessions\20260318_053330_strat_gie_de_breakout_sur_zamausdc_4h_in,a3f128b52ecf1035db245be0c50c75a91283a1eeb6ae07a65bfd809012434a55,2081,,,failed,,,,1,,-inf,-inf,
118,20260318_053434_strat_gie_de_trend_following_sur_resolvu,C:\Users\o3-Pro\Documents\backtest_results\_builder_sessions\20260318_053434_strat_gie_de_trend_following_sur_resolvu\session_summary.json,C:\Users\o3-Pro\Documents\backtest_results\_builder_sessions\20260318_053434_strat_gie_de_trend_following_sur_resolvu,5120f4b117258f5fc0239ef8a712d434c8b1c6d12c3c2c11cddbffc28c11ba2b,28990,,,running,,,,3,,0.6108874503381947,10.406828020709064,
119,20260318_053718_strat_gie_de_regime_adaptatif_sur_layeru,C:\Users\o3-Pro\Documents\backtest_results\_builder_sessions\20260318_053718_strat_gie_de_regime_adaptatif_sur_layeru\session_summary.json,C:\Users\o3-Pro\Documents\backtest_results\_builder_sessions\20260318_053718_strat_gie_de_regime_adaptatif_sur_layeru,397f71462dd6d8157d8651428ee7ea9df89f28f7756eb4b5d2d819afaea1dcd8,41407,,,success,,,,4,,2.693096690746667,100.0,
120,20260318_054313_objectif_de_strat_gie_sur_dogsusdc_1h_in,C:\Users\o3-Pro\Documents\backtest_results\_builder_sessions\20260318_054313_objectif_de_strat_gie_sur_dogsusdc_1h_in\session_summary.json,C:\Users\o3-Pro\Documents\backtest_results\_builder_sessions\20260318_054313_objectif_de_strat_gie_sur_dogsusdc_1h_in,4990efe7004b4f9f438f349430a87ccf45ea85c15295c3a3fc72b72381aa8044,55253,,,failed,,,,6,,0.0,-100.0,
121,20260318_055137_objectif_de_strat_gie_sur_kernelusdc_1h,C:\Users\o3-Pro\Documents\backtest_results\_builder_sessions\20260318_055137_objectif_de_strat_gie_sur_kernelusdc_1h\session_summary.json,C:\Users\o3-Pro\Documents\backtest_results\_builder_sessions\20260318_055137_objectif_de_strat_gie_sur_kernelusdc_1h,3e67457468272c04069b978ac871f1472ee80e5b399be50177c7859b13e14050,26131,,,running,,,,3,,0.6320051583692398,-26.0,
122,20260318_055613_strat_gie_de_multi_factor_sur_holousdc_1,C:\Users\o3-Pro\Documents\backtest_results\_builder_sessions\20260318_055613_strat_gie_de_multi_factor_sur_holousdc_1\session_summary.json,C:\Users\o3-Pro\Documents\backtest_results\_builder_sessions\20260318_055613_strat_gie_de_multi_factor_sur_holousdc_1,b1c8b7ca77ccdb79c45a69c90ff7e60f5d0bf8d1083592b8df7e88563f1616ba,2150,,,failed,,,,1,,-inf,-inf,
123,20260318_055939_strat_gie_de_trend_following_sur_aaveusd,C:\Users\o3-Pro\Documents\backtest_results\_builder_sessions\20260318_055939_strat_gie_de_trend_following_sur_aaveusd\session_summary.json,C:\Users\o3-Pro\Documents\backtest_results\_builder_sessions\20260318_055939_strat_gie_de_trend_following_sur_aaveusd,7ba208a91b21163b94b5d016a4e388261001d74e78ccd12b692370556b97d83c,2083,,,failed,,,,1,,-inf,-inf,
124,20260318_055956_strat_gie_de_regime_adaptatif_sur_ethfiu,C:\Users\o3-Pro\Documents\backtest_results\_builder_sessions\20260318_055956_strat_gie_de_regime_adaptatif_sur_ethfiu\session_summary.json,C:\Users\o3-Pro\Documents\backtest_results\_builder_sessions\20260318_055956_strat_gie_de_regime_adaptatif_sur_ethfiu,42aa58c1d676e2cbcff8420a725abc73ae01ffd93528b6428944ea876172e1dc,9876,,,running,,,,1,,0.14928060964711612,-100.0,
125,20260318_060413_strat_gie_de_multi_factor_sur_zamausdc_4,C:\Users\o3-Pro\Documents\backtest_results\_builder_sessions\20260318_060413_strat_gie_de_multi_factor_sur_zamausdc_4\session_summary.json,C:\Users\o3-Pro\Documents\backtest_results\_builder_sessions\20260318_060413_strat_gie_de_multi_factor_sur_zamausdc_4,75e60edd91613b6a71de57938400933d00ca902656002991772f2762706a10a2,2115,,,failed,,,,1,,-inf,-inf,
126,20260318_060520_strat_gie_de_momentum_sur_layerusdc_1h_i,C:\Users\o3-Pro\Documents\backtest_results\_builder_sessions\20260318_060520_strat_gie_de_momentum_sur_layerusdc_1h_i\session_summary.json,C:\Users\o3-Pro\Documents\backtest_results\_builder_sessions\20260318_060520_strat_gie_de_momentum_sur_layerusdc_1h_i,94a43a2010365ec9f33d5b8ce32f91ac5f99209376577ece9ccfbd5c32ed9c81,10213,,,running,,,,1,,-20.0,-100.0,
127,20260318_060830_strat_gie_de_breakout_sur_cookieusdc_4h,C:\Users\o3-Pro\Documents\backtest_results\_builder_sessions\20260318_060830_strat_gie_de_breakout_sur_cookieusdc_4h\session_summary.json,C:\Users\o3-Pro\Documents\backtest_results\_builder_sessions\20260318_060830_strat_gie_de_breakout_sur_cookieusdc_4h,8ad6e03c6b424ebd63424a39b1660a0a5e613956a520c80f59022748768a3127,2103,,,failed,,,,1,,-inf,-inf,
128,20260318_060847_strat_gie_de_regime_adaptatif_sur_mkrusd,C:\Users\o3-Pro\Documents\backtest_results\_builder_sessions\20260318_060847_strat_gie_de_regime_adaptatif_sur_mkrusd\session_summary.json,C:\Users\o3-Pro\Documents\backtest_results\_builder_sessions\20260318_060847_strat_gie_de_regime_adaptatif_sur_mkrusd,3755788bb4467071da7977a4e8ba449cf9415d25bf04174db83fe02cb1b4a72b,20205,,,running,,,,2,,0.0,-56.755675263984784,
129,20260318_061315_strat_gie_de_trend_following_sur_crvusdc,C:\Users\o3-Pro\Documents\backtest_results\_builder_sessions\20260318_061315_strat_gie_de_trend_following_sur_crvusdc\session_summary.json,C:\Users\o3-Pro\Documents\backtest_results\_builder_sessions\20260318_061315_strat_gie_de_trend_following_sur_crvusdc,791adf203308a22c45358833b64be34a011321095ddfab70715bf13a5d9154ce,10550,,,running,,,,1,,-20.0,-100.0,
130,20260318_061618_strat_gie_de_scalping_sur_eigenusdc_5m_i,C:\Users\o3-Pro\Documents\backtest_results\_builder_sessions\20260318_061618_strat_gie_de_scalping_sur_eigenusdc_5m_i\session_summary.json,C:\Users\o3-Pro\Documents\backtest_results\_builder_sessions\20260318_061618_strat_gie_de_scalping_sur_eigenusdc_5m_i,c6e708ea4f6eeef0bd7dc82a4944fd46d6663064d6fbb1188ea11866527e69c2,22722,,,running,,,,2,,0.0,-100.0,
131,20260318_062127_strat_gie_de_breakout_sur_cookieusdc_1h,C:\Users\o3-Pro\Documents\backtest_results\_builder_sessions\20260318_062127_strat_gie_de_breakout_sur_cookieusdc_1h\session_summary.json,C:\Users\o3-Pro\Documents\backtest_results\_builder_sessions\20260318_062127_strat_gie_de_breakout_sur_cookieusdc_1h,850606dbb738dd369c27a4415064a3e4c4de0039d6e077be02246b879c761ed1,2087,,,failed,,,,1,,-inf,-inf,
132,20260318_062143_strat_gie_de_momentum_sur_zenusdc_1h_ind,C:\Users\o3-Pro\Documents\backtest_results\_builder_sessions\20260318_062143_strat_gie_de_momentum_sur_zenusdc_1h_ind\session_summary.json,C:\Users\o3-Pro\Documents\backtest_results\_builder_sessions\20260318_062143_strat_gie_de_momentum_sur_zenusdc_1h_ind,2a9c4d9a3ce8a3e9d02f88d3d01f576fe56768a97744806600538199f0cc9f69,16779,,,running,,,,2,,0.0,-26.0,
133,20260318_062548_strat_gie_de_multi_factor_sur_galausdc_4,C:\Users\o3-Pro\Documents\backtest_results\_builder_sessions\20260318_062548_strat_gie_de_multi_factor_sur_galausdc_4\session_summary.json,C:\Users\o3-Pro\Documents\backtest_results\_builder_sessions\20260318_062548_strat_gie_de_multi_factor_sur_galausdc_4,ec679014bd30b84be0778047b0132a169c40f04c0ae71f0bf6f2d769826f7d81,19057,,,running,,,,2,,0.0,-26.0,
134,20260318_062852_strat_gie_de_mean_reversion_sur_moveusdc,C:\Users\o3-Pro\Documents\backtest_results\_builder_sessions\20260318_062852_strat_gie_de_mean_reversion_sur_moveusdc\session_summary.json,C:\Users\o3-Pro\Documents\backtest_results\_builder_sessions\20260318_062852_strat_gie_de_mean_reversion_sur_moveusdc,50bf63ddb5b0bc61e413236f4b3f96030e583f2d7871553c5322888c93d6436a,2122,,,failed,,,,1,,-inf,-inf,
135,20260318_062908_strat_gie_de_breakout_sur_cookieusdc_1d,C:\Users\o3-Pro\Documents\backtest_results\_builder_sessions\20260318_062908_strat_gie_de_breakout_sur_cookieusdc_1d\session_summary.json,C:\Users\o3-Pro\Documents\backtest_results\_builder_sessions\20260318_062908_strat_gie_de_breakout_sur_cookieusdc_1d,5d8a88005be520aa428570c58abc39e831f9d6bfcd86a805632fbfbcc407b259,2110,,,failed,,,,1,,-inf,-inf,
136,20260318_062925_strat_gie_de_scalping_sur_asterusdc_5m_i,C:\Users\o3-Pro\Documents\backtest_results\_builder_sessions\20260318_062925_strat_gie_de_scalping_sur_asterusdc_5m_i\session_summary.json,C:\Users\o3-Pro\Documents\backtest_results\_builder_sessions\20260318_062925_strat_gie_de_scalping_sur_asterusdc_5m_i,8c9c621ecda2e092d63c3bdfaa6be5e1a66a7334a7e14108e463ecacbe9618c8,30608,,,running,,,,3,,0.0,-100.0,
137,20260318_063358_strat_gie_de_momentum_sur_resolvusdc_1h,C:\Users\o3-Pro\Documents\backtest_results\_builder_sessions\20260318_063358_strat_gie_de_momentum_sur_resolvusdc_1h\session_summary.json,C:\Users\o3-Pro\Documents\backtest_results\_builder_sessions\20260318_063358_strat_gie_de_momentum_sur_resolvusdc_1h,067bbbe0f55352378e6e79d340e29e6a75b567c3de16db2c17a75ca9434bc78a,31107,,,running,,,,3,,0.0,-100.0,
138,20260318_063914_strat_gie_de_mean_reversion_sur_lskusdc,C:\Users\o3-Pro\Documents\backtest_results\_builder_sessions\20260318_063914_strat_gie_de_mean_reversion_sur_lskusdc\session_summary.json,C:\Users\o3-Pro\Documents\backtest_results\_builder_sessions\20260318_063914_strat_gie_de_mean_reversion_sur_lskusdc,96ac113ff09ccb05ac68893a486071319cc419507e64435b86bd1b6c2de5dd63,2134,,,failed,,,,1,,-inf,-inf,
139,20260318_063932_strat_gie_de_scalping_sur_filusdc_5m_ind,C:\Users\o3-Pro\Documents\backtest_results\_builder_sessions\20260318_063932_strat_gie_de_scalping_sur_filusdc_5m_ind\session_summary.json,C:\Users\o3-Pro\Documents\backtest_results\_builder_sessions\20260318_063932_strat_gie_de_scalping_sur_filusdc_5m_ind,66a05b9404e59175efdebe2537d14cad7218ea579f6df9915f0bf4d81b019c10,53443,,,running,,,,5,,0.0,-100.0,
140,20260318_064810_strat_gie_de_multi_factor_sur_bonkusdc_1,C:\Users\o3-Pro\Documents\backtest_results\_builder_sessions\20260318_064810_strat_gie_de_multi_factor_sur_bonkusdc_1\session_summary.json,C:\Users\o3-Pro\Documents\backtest_results\_builder_sessions\20260318_064810_strat_gie_de_multi_factor_sur_bonkusdc_1,7c3bbfc28f6742f3d8b5147711ed06885e106312f084ab5e097ec2954ddca2aa,27905,,,running,,,,3,,0.523926336154971,-100.0,
141,20260318_065306_strat_gie_de_mean_reversion_sur_rplusdc,C:\Users\o3-Pro\Documents\backtest_results\_builder_sessions\20260318_065306_strat_gie_de_mean_reversion_sur_rplusdc\session_summary.json,C:\Users\o3-Pro\Documents\backtest_results\_builder_sessions\20260318_065306_strat_gie_de_mean_reversion_sur_rplusdc,d54d4c8fef2d0002dca1cea52001dfdacea7115fa80e95586d4fa5834a6ff0c6,2092,,,failed,,,,1,,-inf,-inf,
142,20260318_065650_strat_gie_de_mean_reversion_sur_minausdc,C:\Users\o3-Pro\Documents\backtest_results\_builder_sessions\20260318_065650_strat_gie_de_mean_reversion_sur_minausdc\session_summary.json,C:\Users\o3-Pro\Documents\backtest_results\_builder_sessions\20260318_065650_strat_gie_de_mean_reversion_sur_minausdc,4348d932576306caa2aee356c14c241e1e1db6834931942da2598958c7f14be6,2110,,,failed,,,,1,,-inf,-inf,
143,20260318_065707_strat_gie_de_trend_following_sur_altusdc,C:\Users\o3-Pro\Documents\backtest_results\_builder_sessions\20260318_065707_strat_gie_de_trend_following_sur_altusdc\session_summary.json,C:\Users\o3-Pro\Documents\backtest_results\_builder_sessions\20260318_065707_strat_gie_de_trend_following_sur_altusdc,322f080cdf928e91bd2ff89d3abc1cdf2bf5cdb879c7a254aaa3017190875ef2,12799,,,running,,,,1,,-20.0,-100.0,
144,20260318_065840_strat_gie_de_regime_adaptatif_sur_render,C:\Users\o3-Pro\Documents\backtest_results\_builder_sessions\20260318_065840_strat_gie_de_regime_adaptatif_sur_render\session_summary.json,C:\Users\o3-Pro\Documents\backtest_results\_builder_sessions\20260318_065840_strat_gie_de_regime_adaptatif_sur_render,9dfdd35f13e64ec8a012a5ccbb8849a8499de48e6959126ecb48a7890e20ea26,21958,,,running,,,,2,,0.0,-100.0,
145,20260318_070221_strat_gie_de_momentum_sur_avntusdc_3m_in,C:\Users\o3-Pro\Documents\backtest_results\_builder_sessions\20260318_070221_strat_gie_de_momentum_sur_avntusdc_3m_in\session_summary.json,C:\Users\o3-Pro\Documents\backtest_results\_builder_sessions\20260318_070221_strat_gie_de_momentum_sur_avntusdc_3m_in,4733d85b4230da39a0be03c8b2be4a2ef879f1a9aa1217d382e4031c1c3731f5,2075,,,failed,,,,1,,-inf,-inf,
146,20260318_070238_strat_gie_de_multi_factor_sur_dolousdc_3,C:\Users\o3-Pro\Documents\backtest_results\_builder_sessions\20260318_070238_strat_gie_de_multi_factor_sur_dolousdc_3\session_summary.json,C:\Users\o3-Pro\Documents\backtest_results\_builder_sessions\20260318_070238_strat_gie_de_multi_factor_sur_dolousdc_3,ad213e3e0d99c9fc8c150fc34c94bd603ca90723e744c58d9e294fc8c7615996,19692,,,running,,,,2,,0.0,-26.0,
147,20260318_070542_strat_gie_de_regime_adaptatif_sur_lptusd,C:\Users\o3-Pro\Documents\backtest_results\_builder_sessions\20260318_070542_strat_gie_de_regime_adaptatif_sur_lptusd\session_summary.json,C:\Users\o3-Pro\Documents\backtest_results\_builder_sessions\20260318_070542_strat_gie_de_regime_adaptatif_sur_lptusd,3cb23cad3f3ec1386cada9b814acd218ff659503efc814b26d4c5c6626bc391b,12544,,,success,,,,1,,1.8174617904133243,100.0,
148,20260318_070648_objectif_de_strat_gie_sur_sophusdc_30m_i,C:\Users\o3-Pro\Documents\backtest_results\_builder_sessions\20260318_070648_objectif_de_strat_gie_sur_sophusdc_30m_i\session_summary.json,C:\Users\o3-Pro\Documents\backtest_results\_builder_sessions\20260318_070648_objectif_de_strat_gie_sur_sophusdc_30m_i,79e5b84135a70de63f65290cc09a9c1df2dd049f819985ffba2399f3381aee7f,10443,,,running,,,,1,,-20.0,-100.0,
149,20260318_071020_objectif_sur_galausdc_4h_exploiter_le_d,C:\Users\o3-Pro\Documents\backtest_results\_builder_sessions\20260318_071020_objectif_sur_galausdc_4h_exploiter_le_d\session_summary.json,C:\Users\o3-Pro\Documents\backtest_results\_builder_sessions\20260318_071020_objectif_sur_galausdc_4h_exploiter_le_d,498f6d8e43bdf1bd772c749446897a5869ea418467c26c0630dafdc07ef3844f,39996,,,running,,,,4,,0.34370074443063264,-100.0,
150,20260318_072008_strat_gie_de_trend_following_sur_catiusd,C:\Users\o3-Pro\Documents\backtest_results\_builder_sessions\20260318_072008_strat_gie_de_trend_following_sur_catiusd\session_summary.json,C:\Users\o3-Pro\Documents\backtest_results\_builder_sessions\20260318_072008_strat_gie_de_trend_following_sur_catiusd,6da063ced0e0b7d6da3e2d72f9da15596da016e821a253968cc4c3bc2e0f5598,2084,,,failed,,,,1,,-inf,-inf,
151,20260318_072251_strat_gie_de_multi_factor_sur_imxusdc_1h,C:\Users\o3-Pro\Documents\backtest_results\_builder_sessions\20260318_072251_strat_gie_de_multi_factor_sur_imxusdc_1h\session_summary.json,C:\Users\o3-Pro\Documents\backtest_results\_builder_sessions\20260318_072251_strat_gie_de_multi_factor_sur_imxusdc_1h,9649e80489a5e1c10a4eb66cdf20be37f36d83f84928bfeab81a775f3c743655,11304,,,running,,,,1,,-1.3872575972777565,-100.0,
152,20260318_072558_strat_gie_de_breakout_sur_avntusdc_1d_in,C:\Users\o3-Pro\Documents\backtest_results\_builder_sessions\20260318_072558_strat_gie_de_breakout_sur_avntusdc_1d_in\session_summary.json,C:\Users\o3-Pro\Documents\backtest_results\_builder_sessions\20260318_072558_strat_gie_de_breakout_sur_avntusdc_1d_in,ecd1492934efc53688119977aa782674a166bba82b8e53d231447b0cc681b16d,2135,,,failed,,,,1,,-inf,-inf,
153,20260318_072614_strat_gie_de_mean_reversion_sur_berausdc,C:\Users\o3-Pro\Documents\backtest_results\_builder_sessions\20260318_072614_strat_gie_de_mean_reversion_sur_berausdc\session_summary.json,C:\Users\o3-Pro\Documents\backtest_results\_builder_sessions\20260318_072614_strat_gie_de_mean_reversion_sur_berausdc,cb68cea36b768cd798827ce7fe2bee51a8307c80bc29e759040bd44bf4ecfbb0,32631,,,success,,,,3,,1.5773339024880249,-100.0,
154,20260318_073125_objectif_sur_kernelusdc_1d_indicateurs_a,C:\Users\o3-Pro\Documents\backtest_results\_builder_sessions\20260318_073125_objectif_sur_kernelusdc_1d_indicateurs_a\session_summary.json,C:\Users\o3-Pro\Documents\backtest_results\_builder_sessions\20260318_073125_objectif_sur_kernelusdc_1d_indicateurs_a,2143ade1113a16295f46643e47f398099d480ae9b3e22871e8974388edebe09e,86148,,,failed,,,,9,,1.0570237528929147,-50.42725690016986,
155,20260318_074134_objectif_sur_zamausdc_1h_combiner_atr_14,C:\Users\o3-Pro\Documents\backtest_results\_builder_sessions\20260318_074134_objectif_sur_zamausdc_1h_combiner_atr_14\session_summary.json,C:\Users\o3-Pro\Documents\backtest_results\_builder_sessions\20260318_074134_objectif_sur_zamausdc_1h_combiner_atr_14,9f38f78a1a472563a4a5229c93471deb3668eb7a3c423ce6ecf2a03f93549577,26279,,,running,,,,3,,0.0,-100.0,
156,20260318_074705_strat_gie_de_momentum_sur_mkrusdc_1w_ind,C:\Users\o3-Pro\Documents\backtest_results\_builder_sessions\20260318_074705_strat_gie_de_momentum_sur_mkrusdc_1w_ind\session_summary.json,C:\Users\o3-Pro\Documents\backtest_results\_builder_sessions\20260318_074705_strat_gie_de_momentum_sur_mkrusdc_1w_ind,550c3b80634c51c0b9a5afa48ebbb2b930ab9c22029bea1a7e6c6a4431bf5a82,8138,,,running,,,,1,,0.0,-26.0,
157,20260318_074845_strat_gie_de_breakout_sur_atomusdc_15m_i,C:\Users\o3-Pro\Documents\backtest_results\_builder_sessions\20260318_074845_strat_gie_de_breakout_sur_atomusdc_15m_i\session_summary.json,C:\Users\o3-Pro\Documents\backtest_results\_builder_sessions\20260318_074845_strat_gie_de_breakout_sur_atomusdc_15m_i,a584ea2a45ac95a453cac548c6915ca64440b7d65f75a2f609794519b7d56bf5,9855,,,running,,,,1,,-20.0,-100.0,
158,20260318_075143_strat_gie_de_multi_factor_sur_initusdc_1,C:\Users\o3-Pro\Documents\backtest_results\_builder_sessions\20260318_075143_strat_gie_de_multi_factor_sur_initusdc_1\session_summary.json,C:\Users\o3-Pro\Documents\backtest_results\_builder_sessions\20260318_075143_strat_gie_de_multi_factor_sur_initusdc_1,59fd6d200b84c4ada009394ed569403a0cec5313983cc226ab3f25844f72f3f6,10224,,,running,,,,1,,-20.0,-100.0,
159,20260318_075541_strat_gie_de_momentum_sur_stousdc_5m_ind,C:\Users\o3-Pro\Documents\backtest_results\_builder_sessions\20260318_075541_strat_gie_de_momentum_sur_stousdc_5m_ind\session_summary.json,C:\Users\o3-Pro\Documents\backtest_results\_builder_sessions\20260318_075541_strat_gie_de_momentum_sur_stousdc_5m_ind,1a2d5bd612ba0d8609fff861565d99627f14b2a57d3726ddbe493863396052da,10110,,,running,,,,1,,-20.0,-100.0,
160,20260318_075844_strat_gie_de_trend_following_sur_uniusdc,C:\Users\o3-Pro\Documents\backtest_results\_builder_sessions\20260318_075844_strat_gie_de_trend_following_sur_uniusdc\session_summary.json,C:\Users\o3-Pro\Documents\backtest_results\_builder_sessions\20260318_075844_strat_gie_de_trend_following_sur_uniusdc,631dce189fefe1d1bd8bcf384b5aa52120a28ba35bd776fac94f8cd3e37284e6,10021,,,running,,,,1,,-20.0,-100.0,
161,20260318_080018_strat_gie_de_scalping_sur_snxusdc_1h_ind,C:\Users\o3-Pro\Documents\backtest_results\_builder_sessions\20260318_080018_strat_gie_de_scalping_sur_snxusdc_1h_ind\session_summary.json,C:\Users\o3-Pro\Documents\backtest_results\_builder_sessions\20260318_080018_strat_gie_de_scalping_sur_snxusdc_1h_ind,8282764d72ecd5943c6863ea251ec4fb02978087330fa29be63773ff2f9fe0d3,22821,,,running,,,,2,,0.0,-94.2791791452364,
162,20260318_080250_strat_gie_de_regime_adaptatif_sur_achusd,C:\Users\o3-Pro\Documents\backtest_results\_builder_sessions\20260318_080250_strat_gie_de_regime_adaptatif_sur_achusd\session_summary.json,C:\Users\o3-Pro\Documents\backtest_results\_builder_sessions\20260318_080250_strat_gie_de_regime_adaptatif_sur_achusd,98871d86dbd0856ac7ba573e26af71f65bde94958ad1721836df65aecab67d75,20376,,,running,,,,2,,0.0,-100.0,
163,20260318_080540_strat_gie_de_mean_reversion_sur_broccoli,C:\Users\o3-Pro\Documents\backtest_results\_builder_sessions\20260318_080540_strat_gie_de_mean_reversion_sur_broccoli\session_summary.json,C:\Users\o3-Pro\Documents\backtest_results\_builder_sessions\20260318_080540_strat_gie_de_mean_reversion_sur_broccoli,591d19bebe9b643a80267027ae9397886c94883ef77964510e5fbc17447c692c,10019,,,running,,,,1,,0.22200760800213093,-80.16171553784582,
164,20260318_080710_strat_gie_de_multi_factor_sur_hemiusdc_1,C:\Users\o3-Pro\Documents\backtest_results\_builder_sessions\20260318_080710_strat_gie_de_multi_factor_sur_hemiusdc_1\session_summary.json,C:\Users\o3-Pro\Documents\backtest_results\_builder_sessions\20260318_080710_strat_gie_de_multi_factor_sur_hemiusdc_1,d438220cebb657e422b725021f258cc66688ab978f9a5dc191cb457e6d75b815,22446,,,running,,,,2,,0.0,-100.0,
165,20260318_080924_strat_gie_de_trend_following_sur_zrousdc,C:\Users\o3-Pro\Documents\backtest_results\_builder_sessions\20260318_080924_strat_gie_de_trend_following_sur_zrousdc\session_summary.json,C:\Users\o3-Pro\Documents\backtest_results\_builder_sessions\20260318_080924_strat_gie_de_trend_following_sur_zrousdc,63f93fb3add831354f8faff354048e1fe7e35534e92fe3badbf0c50721cdd383,10299,,,running,,,,1,,0.18348013774114244,-78.56444269241503,
166,20260318_081105_strat_gie_de_breakout_sur_turtleusdc_1d,C:\Users\o3-Pro\Documents\backtest_results\_builder_sessions\20260318_081105_strat_gie_de_breakout_sur_turtleusdc_1d\session_summary.json,C:\Users\o3-Pro\Documents\backtest_results\_builder_sessions\20260318_081105_strat_gie_de_breakout_sur_turtleusdc_1d,6d4cd3982713d18410bfe9ae15688ac481298ad3533889ff8ff4a2697264f4f6,23983,,,running,,,,2,,-20.0,-100.0,
167,20260318_081503_strat_gie_de_momentum_sur_openusdc_1h_in,C:\Users\o3-Pro\Documents\backtest_results\_builder_sessions\20260318_081503_strat_gie_de_momentum_sur_openusdc_1h_in\session_summary.json,C:\Users\o3-Pro\Documents\backtest_results\_builder_sessions\20260318_081503_strat_gie_de_momentum_sur_openusdc_1h_in,e96247a438e8fe1f9f6619f3a2a39a6397ca4616911e3b09ae009af9630f3899,34686,,,running,,,,3,,0.43098015548003565,-54.0872328016044,
168,20260318_081806_strat_gie_de_regime_adaptatif_sur_pixelu,C:\Users\o3-Pro\Documents\backtest_results\_builder_sessions\20260318_081806_strat_gie_de_regime_adaptatif_sur_pixelu\session_summary.json,C:\Users\o3-Pro\Documents\backtest_results\_builder_sessions\20260318_081806_strat_gie_de_regime_adaptatif_sur_pixelu,bad4e56490a9e30004b98905f4a865b93dd336891025cf24263c59f0ec8ef4ae,75014,,,running,,,,7,,0.7527449511265896,-100.0,
169,20260318_082657_strat_gie_de_multi_factor_sur_neousdc_4h,C:\Users\o3-Pro\Documents\backtest_results\_builder_sessions\20260318_082657_strat_gie_de_multi_factor_sur_neousdc_4h\session_summary.json,C:\Users\o3-Pro\Documents\backtest_results\_builder_sessions\20260318_082657_strat_gie_de_multi_factor_sur_neousdc_4h,78185b9df442e68eb455324447c90d03976f81504b539583a0bf7b2f2325d1bb,81776,,,max_iterations,,,,10,,0.5444064435419875,56.30437906724063,
170,20260318_083102_objectif_de_strat_gie_sur_compusdc_1h_in,C:\Users\o3-Pro\Documents\backtest_results\_builder_sessions\20260318_083102_objectif_de_strat_gie_sur_compusdc_1h_in\session_summary.json,C:\Users\o3-Pro\Documents\backtest_results\_builder_sessions\20260318_083102_objectif_de_strat_gie_sur_compusdc_1h_in,7ac85b4d6e8a4618ef98b381fe2e7a93183fd38a5742c8f3a9b21eececaf395b,21162,,,running,,,,2,,0.46877641222256244,-100.0,
171,20260318_083436_objectif_de_strat_gie_sur_mubarakusdc_1h,C:\Users\o3-Pro\Documents\backtest_results\_builder_sessions\20260318_083436_objectif_de_strat_gie_sur_mubarakusdc_1h\session_summary.json,C:\Users\o3-Pro\Documents\backtest_results\_builder_sessions\20260318_083436_objectif_de_strat_gie_sur_mubarakusdc_1h,105b04015af3e95a8d64ea4bc198ee641359b69cec20dcef09b7ea8e1c8be4b7,33100,,,running,,,,4,,0.6678049324573485,-26.0,
172,20260318_084157_strat_gie_de_momentum_sur_mitousdc_1h_in,C:\Users\o3-Pro\Documents\backtest_results\_builder_sessions\20260318_084157_strat_gie_de_momentum_sur_mitousdc_1h_in\session_summary.json,C:\Users\o3-Pro\Documents\backtest_results\_builder_sessions\20260318_084157_strat_gie_de_momentum_sur_mitousdc_1h_in,6c5f983c6c846320058161938f090a79b0e06812f7044d7668b6e5ced313774c,10659,,,running,,,,1,,0.8032811845126642,-100.0,
173,20260318_084541_strat_gie_de_breakout_sur_xrpusdc_30m_in,C:\Users\o3-Pro\Documents\backtest_results\_builder_sessions\20260318_084541_strat_gie_de_breakout_sur_xrpusdc_30m_in\session_summary.json,C:\Users\o3-Pro\Documents\backtest_results\_builder_sessions\20260318_084541_strat_gie_de_breakout_sur_xrpusdc_30m_in,0db8a8626f11e0b5ae960f5041d203c73be0f5008bca3426403c261412e6a738,18200,,,running,,,,2,,0.0,-100.0,
174,20260318_084915_strat_gie_de_regime_adaptatif_sur_resolv,C:\Users\o3-Pro\Documents\backtest_results\_builder_sessions\20260318_084915_strat_gie_de_regime_adaptatif_sur_resolv\session_summary.json,C:\Users\o3-Pro\Documents\backtest_results\_builder_sessions\20260318_084915_strat_gie_de_regime_adaptatif_sur_resolv,e7d4e8a9c8a5a6758bb8ef6de9b5ebcce37e690ba2c0f1de7936526294a0b346,2120,,,failed,,,,1,,-inf,-inf,
175,20260318_085036_strat_gie_de_multi_factor_sur_morphousdc,C:\Users\o3-Pro\Documents\backtest_results\_builder_sessions\20260318_085036_strat_gie_de_multi_factor_sur_morphousdc\session_summary.json,C:\Users\o3-Pro\Documents\backtest_results\_builder_sessions\20260318_085036_strat_gie_de_multi_factor_sur_morphousdc,4096b7faedca1d618f8c56bc884e7ad4f3dd987e25a030c9450b6fada986f892,11556,,,running,,,,1,,-1.6371949765888698,-100.0,
176,20260318_085218_strat_gie_de_breakout_sur_mirausdc_15m_i,C:\Users\o3-Pro\Documents\backtest_results\_builder_sessions\20260318_085218_strat_gie_de_breakout_sur_mirausdc_15m_i\session_summary.json,C:\Users\o3-Pro\Documents\backtest_results\_builder_sessions\20260318_085218_strat_gie_de_breakout_sur_mirausdc_15m_i,e29b95cd9b302a1b9aa65bbf61cd11beb1769d1a9ca4b4daafda49949346a439,20693,,,running,,,,2,,-20.0,-100.0,
177,20260318_085501_strat_gie_de_scalping_sur_memeusdc_5m_in,C:\Users\o3-Pro\Documents\backtest_results\_builder_sessions\20260318_085501_strat_gie_de_scalping_sur_memeusdc_5m_in\session_summary.json,C:\Users\o3-Pro\Documents\backtest_results\_builder_sessions\20260318_085501_strat_gie_de_scalping_sur_memeusdc_5m_in,8de15ab15febf30e57081a384d06ebc12e0e1bdeef82fe57f68174388571f26c,27484,,,running,,,,3,,0.0,-100.0,
178,20260318_085922_strat_gie_de_mean_reversion_sur_bananaus,C:\Users\o3-Pro\Documents\backtest_results\_builder_sessions\20260318_085922_strat_gie_de_mean_reversion_sur_bananaus\session_summary.json,C:\Users\o3-Pro\Documents\backtest_results\_builder_sessions\20260318_085922_strat_gie_de_mean_reversion_sur_bananaus,4f30126ce845a68cbbc89a160c72726ba57b7ab65110fd2b5d1b299fc01de98f,19859,,,running,,,,2,,0.0,-100.0,
179,20260318_091345_strat_gie_de_mean_reversion_sur_api3usdc,C:\Users\o3-Pro\Documents\backtest_results\_builder_sessions\20260318_091345_strat_gie_de_mean_reversion_sur_api3usdc\session_summary.json,C:\Users\o3-Pro\Documents\backtest_results\_builder_sessions\20260318_091345_strat_gie_de_mean_reversion_sur_api3usdc,ee3346a59c36b42183363aa61226ea52c1288da76eadc4d521f49976437e9148,7987,,,running,,,,1,,0.0,-26.0,
180,20260318_091515_strat_gie_de_mean_reversion_sur_usdeusdc,C:\Users\o3-Pro\Documents\backtest_results\_builder_sessions\20260318_091515_strat_gie_de_mean_reversion_sur_usdeusdc\session_summary.json,C:\Users\o3-Pro\Documents\backtest_results\_builder_sessions\20260318_091515_strat_gie_de_mean_reversion_sur_usdeusdc,4f10a8b25726860f7e65cba8dfc35a5024b39c06db0722055cdfcebaf3280ae2,14564,,,running,,,,2,,0.0,-26.0,
181,20260318_091517_strat_gie_de_scalping_sur_hemiusdc_30m_i,C:\Users\o3-Pro\Documents\backtest_results\_builder_sessions\20260318_091517_strat_gie_de_scalping_sur_hemiusdc_30m_i\session_summary.json,C:\Users\o3-Pro\Documents\backtest_results\_builder_sessions\20260318_091517_strat_gie_de_scalping_sur_hemiusdc_30m_i,37cf2874a6e0ea96a55823947c4364a30e61342d1ba655d964b81e8cb2c4426a,14281,,,running,,,,2,,0.0,-26.0,
182,20260318_092003_strat_gie_de_scalping_sur_cgptusdc_1d_in,C:\Users\o3-Pro\Documents\backtest_results\_builder_sessions\20260318_092003_strat_gie_de_scalping_sur_cgptusdc_1d_in\session_summary.json,C:\Users\o3-Pro\Documents\backtest_results\_builder_sessions\20260318_092003_strat_gie_de_scalping_sur_cgptusdc_1d_in,d52e907af828af4e52363dcdef135ee7506fda04df6ce698c7fe6206a5400344,28479,,,running,,,,3,,-20.0,-100.0,
183,20260318_092248_strat_gie_de_multi_factor_sur_xlmusdc_30,C:\Users\o3-Pro\Documents\backtest_results\_builder_sessions\20260318_092248_strat_gie_de_multi_factor_sur_xlmusdc_30\session_summary.json,C:\Users\o3-Pro\Documents\backtest_results\_builder_sessions\20260318_092248_strat_gie_de_multi_factor_sur_xlmusdc_30,467bde3d9770b48b40b42ef8295e2bb5cb31d6988c73b53c6955b10218c85d7b,3303,,,running,,,,1,,-inf,-inf,
184,20260318_092415_strat_gie_de_momentum_sur_egldusdc_3m_in,C:\Users\o3-Pro\Documents\backtest_results\_builder_sessions\20260318_092415_strat_gie_de_momentum_sur_egldusdc_3m_in\session_summary.json,C:\Users\o3-Pro\Documents\backtest_results\_builder_sessions\20260318_092415_strat_gie_de_momentum_sur_egldusdc_3m_in,525e36ddd2a9f66f09df821a22c4b81fc0bad90acb137716cfe932bf3fdc137d,32911,,,running,,,,3,,0.19541490596407793,-87.19047619047619,
185,20260318_092851_strat_gie_de_trend_following_sur_enjusdc,C:\Users\o3-Pro\Documents\backtest_results\_builder_sessions\20260318_092851_strat_gie_de_trend_following_sur_enjusdc\session_summary.json,C:\Users\o3-Pro\Documents\backtest_results\_builder_sessions\20260318_092851_strat_gie_de_trend_following_sur_enjusdc,6a5021e0ff5625266b0972e7701ee859cf54f0eba06b70e0ac27419aa6258dbb,37568,,,running,,,,6,,0.0,-26.0,
186,20260318_093209_strat_gie_de_mean_reversion_sur_kaitousd,C:\Users\o3-Pro\Documents\backtest_results\_builder_sessions\20260318_093209_strat_gie_de_mean_reversion_sur_kaitousd\session_summary.json,C:\Users\o3-Pro\Documents\backtest_results\_builder_sessions\20260318_093209_strat_gie_de_mean_reversion_sur_kaitousd,76d8dae55af4e58e63ca805e6b635cb3df9d2b5688171106ba1554e0785bd19c,2102,,,failed,,,,1,,-inf,-inf,
187,20260318_093330_strat_gie_de_trend_following_sur_brevusd,C:\Users\o3-Pro\Documents\backtest_results\_builder_sessions\20260318_093330_strat_gie_de_trend_following_sur_brevusd\session_summary.json,C:\Users\o3-Pro\Documents\backtest_results\_builder_sessions\20260318_093330_strat_gie_de_trend_following_sur_brevusd,5b2d58862a4d8337f38c35961849e95f722109e3ac51176e2ed6781f908898b4,12393,,,running,,,,2,,-0.3295314406430706,-39.55995086115222,
188,20260318_093503_strat_gie_de_scalping_sur_kiteusdc_4h_in,C:\Users\o3-Pro\Documents\backtest_results\_builder_sessions\20260318_093503_strat_gie_de_scalping_sur_kiteusdc_4h_in\session_summary.json,C:\Users\o3-Pro\Documents\backtest_results\_builder_sessions\20260318_093503_strat_gie_de_scalping_sur_kiteusdc_4h_in,f5e6326833ec9c70f0b1d0329f8683747abaf4dae3799faaf5bfe3254aa39159,21127,,,running,,,,3,,0.0,-26.0,
189,20260318_093608_strat_gie_de_mean_reversion_sur_ausdc_1d,C:\Users\o3-Pro\Documents\backtest_results\_builder_sessions\20260318_093608_strat_gie_de_mean_reversion_sur_ausdc_1d\session_summary.json,C:\Users\o3-Pro\Documents\backtest_results\_builder_sessions\20260318_093608_strat_gie_de_mean_reversion_sur_ausdc_1d,f61250f50ccdddde69a8107465ff318ff1629d152d4205541062e5ff16b9f9ed,2091,,,failed,,,,1,,-inf,-inf,
190,20260318_093632_strat_gie_de_multi_factor_sur_arbusdc_4h,C:\Users\o3-Pro\Documents\backtest_results\_builder_sessions\20260318_093632_strat_gie_de_multi_factor_sur_arbusdc_4h\session_summary.json,C:\Users\o3-Pro\Documents\backtest_results\_builder_sessions\20260318_093632_strat_gie_de_multi_factor_sur_arbusdc_4h,bf9dd88538e4b9564cfa26787b604cc389e7e2ee36cfb182e4e2d8b8d38ee5ae,23857,,,running,,,,3,,0.0,-26.0,
191,20260318_093949_strat_gie_de_breakout_sur_fdusdusdc_1w_i,C:\Users\o3-Pro\Documents\backtest_results\_builder_sessions\20260318_093949_strat_gie_de_breakout_sur_fdusdusdc_1w_i\session_summary.json,C:\Users\o3-Pro\Documents\backtest_results\_builder_sessions\20260318_093949_strat_gie_de_breakout_sur_fdusdusdc_1w_i,b5e714213d165e89183e2c2d5c2051ab2ba4af67f7297804104ec681a077568e,2101,,,failed,,,,1,,-inf,-inf,
192,20260318_094029_strat_gie_de_momentum_sur_pixelusdc_30m,C:\Users\o3-Pro\Documents\backtest_results\_builder_sessions\20260318_094029_strat_gie_de_momentum_sur_pixelusdc_30m\session_summary.json,C:\Users\o3-Pro\Documents\backtest_results\_builder_sessions\20260318_094029_strat_gie_de_momentum_sur_pixelusdc_30m,de8bb4526d7b70f59e4e967bc659236af2cdde671db00841de9f2378d91a7e52,28033,,,running,,,,3,,0.0,-26.0,
193,20260318_094356_strat_gie_de_breakout_sur_robousdc_5m_in,C:\Users\o3-Pro\Documents\backtest_results\_builder_sessions\20260318_094356_strat_gie_de_breakout_sur_robousdc_5m_in\session_summary.json,C:\Users\o3-Pro\Documents\backtest_results\_builder_sessions\20260318_094356_strat_gie_de_breakout_sur_robousdc_5m_in,5ad69c860ed784535b296daa65ae805cb586259ad2b5d3d0b1702d99e3cc8936,2117,,,failed,,,,1,,-inf,-inf,
194,20260318_094448_strat_gie_de_momentum_sur_luncusdc_3m_in,C:\Users\o3-Pro\Documents\backtest_results\_builder_sessions\20260318_094448_strat_gie_de_momentum_sur_luncusdc_3m_in\session_summary.json,C:\Users\o3-Pro\Documents\backtest_results\_builder_sessions\20260318_094448_strat_gie_de_momentum_sur_luncusdc_3m_in,b9f91f8aa3b1e798a38327609808d749f2da5ec12e7d5af5e5a8db6b6f7e9fae,25607,,,running,,,,3,,0.0,-26.0,
195,20260318_094547_strat_gie_de_multi_factor_sur_arbusdc_4h,C:\Users\o3-Pro\Documents\backtest_results\_builder_sessions\20260318_094547_strat_gie_de_multi_factor_sur_arbusdc_4h\session_summary.json,C:\Users\o3-Pro\Documents\backtest_results\_builder_sessions\20260318_094547_strat_gie_de_multi_factor_sur_arbusdc_4h,3a543c2b87306c453d01e917320314208ba0cec60070500e55f59d1bc4e282cd,3572,,,running,,,,1,,-inf,-inf,
196,20260318_094812_strat_gie_de_breakout_sur_avntusdc_1w_in,C:\Users\o3-Pro\Documents\backtest_results\_builder_sessions\20260318_094812_strat_gie_de_breakout_sur_avntusdc_1w_in\session_summary.json,C:\Users\o3-Pro\Documents\backtest_results\_builder_sessions\20260318_094812_strat_gie_de_breakout_sur_avntusdc_1w_in,8a228f66a9a63dd33db9870048eb17776f4a8d8edc40d5627999cf33f2b94964,2091,,,failed,,,,1,,-inf,-inf,
197,20260318_094847_strat_gie_de_mean_reversion_sur_euriusdc,C:\Users\o3-Pro\Documents\backtest_results\_builder_sessions\20260318_094847_strat_gie_de_mean_reversion_sur_euriusdc\session_summary.json,C:\Users\o3-Pro\Documents\backtest_results\_builder_sessions\20260318_094847_strat_gie_de_mean_reversion_sur_euriusdc,f4bab464cfee2649bb308fb4fcf1d791a2519c8d2f8bb28bf692ce39275ee269,7959,,,running,,,,1,,0.0,-26.0,
198,20260318_094939_strat_gie_de_regime_adaptatif_sur_etcusd,C:\Users\o3-Pro\Documents\backtest_results\_builder_sessions\20260318_094939_strat_gie_de_regime_adaptatif_sur_etcusd\session_summary.json,C:\Users\o3-Pro\Documents\backtest_results\_builder_sessions\20260318_094939_strat_gie_de_regime_adaptatif_sur_etcusd,5262c86b89e92b80b7cebc3cfcea1c18d2d58840a91d42651bf173b97d4f66f8,8180,,,running,,,,1,,0.0,-26.0,
199,20260318_095130_strat_gie_de_scalping_sur_kaitousdc_1h_i,C:\Users\o3-Pro\Documents\backtest_results\_builder_sessions\20260318_095130_strat_gie_de_scalping_sur_kaitousdc_1h_i\session_summary.json,C:\Users\o3-Pro\Documents\backtest_results\_builder_sessions\20260318_095130_strat_gie_de_scalping_sur_kaitousdc_1h_i,79cd5a642a679d3cd647d6df00bb13935c345cf695d3f3cfa2eea311dcbcc1cd,11033,,,success,,,,1,,1.6959047543832173,100.0,
200,20260318_095207_strat_gie_de_trend_following_sur_etcusdc,C:\Users\o3-Pro\Documents\backtest_results\_builder_sessions\20260318_095207_strat_gie_de_trend_following_sur_etcusdc\session_summary.json,C:\Users\o3-Pro\Documents\backtest_results\_builder_sessions\20260318_095207_strat_gie_de_trend_following_sur_etcusdc,b25a1a42865ea66f8b3caf0b7d92b3b722ff1c7822747b184d07feb0394393ca,33988,,,running,,,,4,,0.0,-26.0,
201,20260318_095244_strat_gie_de_momentum_sur_bbusdc_1w_indi,C:\Users\o3-Pro\Documents\backtest_results\_builder_sessions\20260318_095244_strat_gie_de_momentum_sur_bbusdc_1w_indi\session_summary.json,C:\Users\o3-Pro\Documents\backtest_results\_builder_sessions\20260318_095244_strat_gie_de_momentum_sur_bbusdc_1w_indi,24dae87c14bd22068a4b4997371606a18f0d0c345bd68851a44c76d5de9a6dd4,2075,,,failed,,,,1,,-inf,-inf,
202,20260318_095336_strat_gie_de_multi_factor_sur_berausdc_1,C:\Users\o3-Pro\Documents\backtest_results\_builder_sessions\20260318_095336_strat_gie_de_multi_factor_sur_berausdc_1\session_summary.json,C:\Users\o3-Pro\Documents\backtest_results\_builder_sessions\20260318_095336_strat_gie_de_multi_factor_sur_berausdc_1,a37e25469b28fd6979cec834ed7bc4916eeda822f54651a7dc1202ad01369616,2051,,,failed,,,,1,,-inf,-inf,
203,20260318_095646_strat_gie_de_momentum_sur_penguusdc_15m,C:\Users\o3-Pro\Documents\backtest_results\_builder_sessions\20260318_095646_strat_gie_de_momentum_sur_penguusdc_15m\session_summary.json,C:\Users\o3-Pro\Documents\backtest_results\_builder_sessions\20260318_095646_strat_gie_de_momentum_sur_penguusdc_15m,7c90321406cb40bfa0acf3a5b552e05b8550a6b5e4c66f0ab018650443614a5a,10059,,,running,,,,1,,-20.0,-100.0,
204,20260318_095722_strat_gie_de_breakout_sur_cgptusdc_1w_in,C:\Users\o3-Pro\Documents\backtest_results\_builder_sessions\20260318_095722_strat_gie_de_breakout_sur_cgptusdc_1w_in\session_summary.json,C:\Users\o3-Pro\Documents\backtest_results\_builder_sessions\20260318_095722_strat_gie_de_breakout_sur_cgptusdc_1w_in,a40f8a80723edc5b8c5bf05104d536efedada30225c019e0ce5f4a071f6410eb,2123,,,failed,,,,1,,-inf,-inf,
205,20260318_095746_strat_gie_de_scalping_sur_luncusdc_30m_i,C:\Users\o3-Pro\Documents\backtest_results\_builder_sessions\20260318_095746_strat_gie_de_scalping_sur_luncusdc_30m_i\session_summary.json,C:\Users\o3-Pro\Documents\backtest_results\_builder_sessions\20260318_095746_strat_gie_de_scalping_sur_luncusdc_30m_i,5561f55f5e57edb305e47f303d9736dae76e2370a0036da197026e47e35e814d,8078,,,running,,,,1,,0.0,-26.0,
206,20260318_100017_strat_gie_de_breakout_sur_berausdc_4h_in,C:\Users\o3-Pro\Documents\backtest_results\_builder_sessions\20260318_100017_strat_gie_de_breakout_sur_berausdc_4h_in\session_summary.json,C:\Users\o3-Pro\Documents\backtest_results\_builder_sessions\20260318_100017_strat_gie_de_breakout_sur_berausdc_4h_in,7b0f34e00b2d3c6dfc11edb69a756e5cd75128d4f5a050542a0d7f4185f9dbcf,34792,,,running,,,,5,,0.0,-26.0,
207,20260318_100053_strat_gie_de_scalping_sur_bomeusdc_1h_in,C:\Users\o3-Pro\Documents\backtest_results\_builder_sessions\20260318_100053_strat_gie_de_scalping_sur_bomeusdc_1h_in\session_summary.json,C:\Users\o3-Pro\Documents\backtest_results\_builder_sessions\20260318_100053_strat_gie_de_scalping_sur_bomeusdc_1h_in,3cd88421fcae2011477e8ad9ada4c9594fcfcbbe93e9407c7a1a74434480ccf5,3282,,,running,,,,1,,-inf,-inf,
208,20260318_100200_strat_gie_de_regime_adaptatif_sur_auctio,C:\Users\o3-Pro\Documents\backtest_results\_builder_sessions\20260318_100200_strat_gie_de_regime_adaptatif_sur_auctio\session_summary.json,C:\Users\o3-Pro\Documents\backtest_results\_builder_sessions\20260318_100200_strat_gie_de_regime_adaptatif_sur_auctio,8e8ed0c811feb67dbc9828ea16895fb5abbe932dfed1c719a04d024172a1d322,7984,,,running,,,,1,,0.0,-26.0,
209,20260318_100511_strat_gie_de_mean_reversion_sur_luncusdc,C:\Users\o3-Pro\Documents\backtest_results\_builder_sessions\20260318_100511_strat_gie_de_mean_reversion_sur_luncusdc\session_summary.json,C:\Users\o3-Pro\Documents\backtest_results\_builder_sessions\20260318_100511_strat_gie_de_mean_reversion_sur_luncusdc,6ff34fc3b59cf50b9e478c87ee81d39e64d4994bb779e966a945ca1d8f04df77,21825,,,running,,,,3,,0.0,-26.0,
210,20260318_100550_strat_gie_de_scalping_sur_epicusdc_1h_in,C:\Users\o3-Pro\Documents\backtest_results\_builder_sessions\20260318_100550_strat_gie_de_scalping_sur_epicusdc_1h_in\session_summary.json,C:\Users\o3-Pro\Documents\backtest_results\_builder_sessions\20260318_100550_strat_gie_de_scalping_sur_epicusdc_1h_in,f49ae9f44fea2fb59315be070f185b1c2ef3eeca29af78a8535d03b2467e2dfa,3308,,,running,,,,1,,-inf,-inf,
211,20260318_100837_strat_gie_de_regime_adaptatif_sur_arbusd,C:\Users\o3-Pro\Documents\backtest_results\_builder_sessions\20260318_100837_strat_gie_de_regime_adaptatif_sur_arbusd\session_summary.json,C:\Users\o3-Pro\Documents\backtest_results\_builder_sessions\20260318_100837_strat_gie_de_regime_adaptatif_sur_arbusd,527933a7bfe61d97cefed23f81c2cbebc38c359e893175102705516855977e79,8969,,,running,,,,1,,-5.0,-87.19047619047619,
212,20260318_100937_strat_gie_de_breakout_sur_bomeusdc_1d_in,C:\Users\o3-Pro\Documents\backtest_results\_builder_sessions\20260318_100937_strat_gie_de_breakout_sur_bomeusdc_1d_in\session_summary.json,C:\Users\o3-Pro\Documents\backtest_results\_builder_sessions\20260318_100937_strat_gie_de_breakout_sur_bomeusdc_1d_in,74c5bdfb5908a98f9722c7c430531ddfab7ec55f390ed5c029a5636bf7e31753,41537,,,failed,,,,6,,0.0,-26.0,
213,20260318_101158_strat_gie_de_momentum_sur_trbusdc_30m_in,C:\Users\o3-Pro\Documents\backtest_results\_builder_sessions\20260318_101158_strat_gie_de_momentum_sur_trbusdc_30m_in\session_summary.json,C:\Users\o3-Pro\Documents\backtest_results\_builder_sessions\20260318_101158_strat_gie_de_momentum_sur_trbusdc_30m_in,0ef0ca72893d32d7b7a817ad1ade523261617f20abee9ec1f7b5e82b755b38af,3340,,,running,,,,1,,-inf,-inf,
214,20260318_101333_strat_gie_de_scalping_sur_robousdc_1h_in,C:\Users\o3-Pro\Documents\backtest_results\_builder_sessions\20260318_101333_strat_gie_de_scalping_sur_robousdc_1h_in\session_summary.json,C:\Users\o3-Pro\Documents\backtest_results\_builder_sessions\20260318_101333_strat_gie_de_scalping_sur_robousdc_1h_in,569dc206488bdc5d7fae3c0d969fd2fea6922da84a012978928e031464540c16,2074,,,failed,,,,1,,-inf,-inf,
215,20260318_101517_strat_gie_de_mean_reversion_sur_kaitousd,C:\Users\o3-Pro\Documents\backtest_results\_builder_sessions\20260318_101517_strat_gie_de_mean_reversion_sur_kaitousd\session_summary.json,C:\Users\o3-Pro\Documents\backtest_results\_builder_sessions\20260318_101517_strat_gie_de_mean_reversion_sur_kaitousd,c00830c1f830533a374e7b11d33db2b05a9991acd53caf251bbf6a1d44362611,7868,,,running,,,,1,,0.0,-26.0,
216,20260318_101543_strat_gie_de_regime_adaptatif_sur_pixelu,C:\Users\o3-Pro\Documents\backtest_results\_builder_sessions\20260318_101543_strat_gie_de_regime_adaptatif_sur_pixelu\session_summary.json,C:\Users\o3-Pro\Documents\backtest_results\_builder_sessions\20260318_101543_strat_gie_de_regime_adaptatif_sur_pixelu,e8b2c940d22d3ed8f1a606972a0ad4a355a36e71402ae31b77d37118ca351ec7,8002,,,running,,,,1,,0.0,-26.0,
217,20260318_110557_strat_gie_de_momentum_sur_steemusdc_4h_i,C:\Users\o3-Pro\Documents\backtest_results\_builder_sessions\20260318_110557_strat_gie_de_momentum_sur_steemusdc_4h_i\session_summary.json,C:\Users\o3-Pro\Documents\backtest_results\_builder_sessions\20260318_110557_strat_gie_de_momentum_sur_steemusdc_4h_i,3756b5096374ebcf044e9a25a4384b7c416509cd6241e79180a59b718cae946f,38736,,,running,,,,4,,0.0,-100.0,
218,20260318_111058_strat_gie_de_regime_adaptatif_sur_a2zusd,C:\Users\o3-Pro\Documents\backtest_results\_builder_sessions\20260318_111058_strat_gie_de_regime_adaptatif_sur_a2zusd\session_summary.json,C:\Users\o3-Pro\Documents\backtest_results\_builder_sessions\20260318_111058_strat_gie_de_regime_adaptatif_sur_a2zusd,8c5040942f0f7b2b1640c6a644153ca19c3d7426fe82f21599663eb02993838c,2099,,,failed,,,,1,,-inf,-inf,
219,20260318_111118_strat_gie_de_breakout_sur_galausdc_15m_i,C:\Users\o3-Pro\Documents\backtest_results\_builder_sessions\20260318_111118_strat_gie_de_breakout_sur_galausdc_15m_i\session_summary.json,C:\Users\o3-Pro\Documents\backtest_results\_builder_sessions\20260318_111118_strat_gie_de_breakout_sur_galausdc_15m_i,09937f442ffc36a7d809eb960e04e4ad1a104c53e23e1f9fe5dda7b4d111c2f7,9833,,,running,,,,1,,-20.0,-100.0,
220,20260318_111342_strat_gie_de_multi_factor_sur_ltcusdc_1h,C:\Users\o3-Pro\Documents\backtest_results\_builder_sessions\20260318_111342_strat_gie_de_multi_factor_sur_ltcusdc_1h\session_summary.json,C:\Users\o3-Pro\Documents\backtest_results\_builder_sessions\20260318_111342_strat_gie_de_multi_factor_sur_ltcusdc_1h,ecf41d2eb8837c16444b2c40506755b572a0eed8d8163c267bf667aca15fd268,43131,,,running,,,,4,,0.0,-100.0,
221,20260318_111901_strat_gie_de_momentum_sur_zrousdc_30m_in,C:\Users\o3-Pro\Documents\backtest_results\_builder_sessions\20260318_111901_strat_gie_de_momentum_sur_zrousdc_30m_in\session_summary.json,C:\Users\o3-Pro\Documents\backtest_results\_builder_sessions\20260318_111901_strat_gie_de_momentum_sur_zrousdc_30m_in,276b034f6d18f05299cbd09faa9b7f74b0acb30512bd3a08df1be5b04f57cc0d,65529,,,failed,,,,6,,0.0,-26.0,
222,20260318_113004_strat_gie_de_trend_following_sur_bonkusd,C:\Users\o3-Pro\Documents\backtest_results\_builder_sessions\20260318_113004_strat_gie_de_trend_following_sur_bonkusd\session_summary.json,C:\Users\o3-Pro\Documents\backtest_results\_builder_sessions\20260318_113004_strat_gie_de_trend_following_sur_bonkusd,1a8cd222d0fb5a96b3261f9878b5d8e2a25241d412a859078bcd9ab6f18c1c17,26317,,,running,,,,3,,0.3545617770217252,-26.0,
223,20260318_113517_strat_gie_de_scalping_sur_trbusdc_5m_ind,C:\Users\o3-Pro\Documents\backtest_results\_builder_sessions\20260318_113517_strat_gie_de_scalping_sur_trbusdc_5m_ind\session_summary.json,C:\Users\o3-Pro\Documents\backtest_results\_builder_sessions\20260318_113517_strat_gie_de_scalping_sur_trbusdc_5m_ind,c77619b282b3cbd3cdff3cf99cac8c6dc980d5c315eab0b85e0cd4f214d98509,9875,,,running,,,,1,,-20.0,-100.0,
224,20260318_113803_strat_gie_de_regime_adaptatif_sur_a2zusd,C:\Users\o3-Pro\Documents\backtest_results\_builder_sessions\20260318_113803_strat_gie_de_regime_adaptatif_sur_a2zusd\session_summary.json,C:\Users\o3-Pro\Documents\backtest_results\_builder_sessions\20260318_113803_strat_gie_de_regime_adaptatif_sur_a2zusd,415774b87e36b64c11c7c97a10311a63f2d4a0acb2e5aba297d28e9630dc7213,2078,,,failed,,,,1,,-inf,-inf,
225,20260318_113822_strat_gie_de_breakout_sur_omniusdc_15m_i,C:\Users\o3-Pro\Documents\backtest_results\_builder_sessions\20260318_113822_strat_gie_de_breakout_sur_omniusdc_15m_i\session_summary.json,C:\Users\o3-Pro\Documents\backtest_results\_builder_sessions\20260318_113822_strat_gie_de_breakout_sur_omniusdc_15m_i,1603676cf9f40555deb75cd82c323293bf2fcdbf95f75a286a21682ea353014a,18023,,,running,,,,2,,-20.0,-100.0,
226,20260318_114215_strat_gie_de_multi_factor_sur_wusdc_4h_i,C:\Users\o3-Pro\Documents\backtest_results\_builder_sessions\20260318_114215_strat_gie_de_multi_factor_sur_wusdc_4h_i\session_summary.json,C:\Users\o3-Pro\Documents\backtest_results\_builder_sessions\20260318_114215_strat_gie_de_multi_factor_sur_wusdc_4h_i,599362332a66ac554a47017a5a805240dfef883763b18e4c00bba91aa05bb185,66157,,,failed,,,,6,,0.0,-100.0,
227,20260318_114714_strat_gie_de_scalping_sur_fluxusdc_5m_in,C:\Users\o3-Pro\Documents\backtest_results\_builder_sessions\20260318_114714_strat_gie_de_scalping_sur_fluxusdc_5m_in\session_summary.json,C:\Users\o3-Pro\Documents\backtest_results\_builder_sessions\20260318_114714_strat_gie_de_scalping_sur_fluxusdc_5m_in,3c7374fd2bdf76188218be9ec4fe1819eac37e38f57e0722ffc0aa366b7ea890,22459,,,running,,,,2,,0.0,-100.0,
228,20260318_115020_strat_gie_de_regime_adaptatif_sur_rndrus,C:\Users\o3-Pro\Documents\backtest_results\_builder_sessions\20260318_115020_strat_gie_de_regime_adaptatif_sur_rndrus\session_summary.json,C:\Users\o3-Pro\Documents\backtest_results\_builder_sessions\20260318_115020_strat_gie_de_regime_adaptatif_sur_rndrus,58bcb0533d5e186c29891158190c78e604920833c172aa824f7463be83db086e,81127,,,max_iterations,,,,10,,0.6101440984058473,29.797005926098997,
229,20260318_115508_objectif_sur_fluxusdc_4h_combiner_aroon,C:\Users\o3-Pro\Documents\backtest_results\_builder_sessions\20260318_115508_objectif_sur_fluxusdc_4h_combiner_aroon\session_summary.json,C:\Users\o3-Pro\Documents\backtest_results\_builder_sessions\20260318_115508_objectif_sur_fluxusdc_4h_combiner_aroon,67c74e063d10df7d572a63cd34f1dba9ce366ff0cedd0a96fb59466a8a396f59,10713,,,running,,,,1,,-0.34112968339661004,-75.0961762538699,
230,20260318_115713_objectif_sur_dydxusdc_4h_indicateurs_aro,C:\Users\o3-Pro\Documents\backtest_results\_builder_sessions\20260318_115713_objectif_sur_dydxusdc_4h_indicateurs_aro\session_summary.json,C:\Users\o3-Pro\Documents\backtest_results\_builder_sessions\20260318_115713_objectif_sur_dydxusdc_4h_indicateurs_aro,b578dbf76cb56cea40138880777d383a32800ed2d1d41ae728e24a44ff68bc55,29226,,,running,,,,3,,0.4506314900448868,-100.0,
231,20260318_120435_strat_gie_de_breakout_sur_bonkusdc_1h_in,C:\Users\o3-Pro\Documents\backtest_results\_builder_sessions\20260318_120435_strat_gie_de_breakout_sur_bonkusdc_1h_in\session_summary.json,C:\Users\o3-Pro\Documents\backtest_results\_builder_sessions\20260318_120435_strat_gie_de_breakout_sur_bonkusdc_1h_in,9b7b1d8225b956faa7624a96d0f17ace8531d3b82c505d8540e479fc9f459fb3,10590,,,running,,,,1,,0.523926336154971,-100.0,
232,20260318_120722_strat_gie_de_multi_factor_sur_ordiusdc_1,C:\Users\o3-Pro\Documents\backtest_results\_builder_sessions\20260318_120722_strat_gie_de_multi_factor_sur_ordiusdc_1\session_summary.json,C:\Users\o3-Pro\Documents\backtest_results\_builder_sessions\20260318_120722_strat_gie_de_multi_factor_sur_ordiusdc_1,46dc0aac93febb4e8b530585be36bf8b5dae3b1a8be2105e01ab367964d0f78a,21444,,,running,,,,2,,0.761594885534889,-50.0,
233,20260318_121047_strat_gie_de_momentum_sur_homeusdc_1h_in,C:\Users\o3-Pro\Documents\backtest_results\_builder_sessions\20260318_121047_strat_gie_de_momentum_sur_homeusdc_1h_in\session_summary.json,C:\Users\o3-Pro\Documents\backtest_results\_builder_sessions\20260318_121047_strat_gie_de_momentum_sur_homeusdc_1h_in,455635c42a2e380c8a258768752bc364dfaa23213c5a4ee0c23225a5d94066d0,18896,,,running,,,,2,,0.0,-100.0,
234,20260318_121408_strat_gie_de_trend_following_sur_taousdc,C:\Users\o3-Pro\Documents\backtest_results\_builder_sessions\20260318_121408_strat_gie_de_trend_following_sur_taousdc\session_summary.json,C:\Users\o3-Pro\Documents\backtest_results\_builder_sessions\20260318_121408_strat_gie_de_trend_following_sur_taousdc,6251a3f74191e7ce80548c36c9a2aa238468d97a8cd9fa0ba3453c2a5836d3c1,66185,,,running,,,,7,,0.46916657797384886,-26.0,
235,20260318_122251_strat_gie_de_scalping_sur_crvusdc_15m_in,C:\Users\o3-Pro\Documents\backtest_results\_builder_sessions\20260318_122251_strat_gie_de_scalping_sur_crvusdc_15m_in\session_summary.json,C:\Users\o3-Pro\Documents\backtest_results\_builder_sessions\20260318_122251_strat_gie_de_scalping_sur_crvusdc_15m_in,2b4022f5429fd16c294e341650b202fbda264a90b29f76b2a70ff52ed5f429c4,22339,,,running,,,,2,,0.0,-100.0,
236,20260318_122512_strat_gie_de_multi_factor_sur_hbarusdc_1,C:\Users\o3-Pro\Documents\backtest_results\_builder_sessions\20260318_122512_strat_gie_de_multi_factor_sur_hbarusdc_1\session_summary.json,C:\Users\o3-Pro\Documents\backtest_results\_builder_sessions\20260318_122512_strat_gie_de_multi_factor_sur_hbarusdc_1,43c3f69827354b4ef79b49066f2f0e581f0444ac25caf5869330f86d246ba004,88185,,,max_iterations,,,,10,,0.6792942348803798,81.68303533005701,
237,20260318_123129_objectif_d_tecter_des_ruptures_de_tendan,C:\Users\o3-Pro\Documents\backtest_results\_builder_sessions\20260318_123129_objectif_d_tecter_des_ruptures_de_tendan\session_summary.json,C:\Users\o3-Pro\Documents\backtest_results\_builder_sessions\20260318_123129_objectif_d_tecter_des_ruptures_de_tendan,7965350c1b2d773aedaee2bd4d456014a7cc24f87a7ac83e5f658a8d19d0487c,52551,,,success,,,,5,,1.1109816580697736,-50.0,
238,20260318_123754_objectif_sur_injusdc_4h_indicateurs_atr,C:\Users\o3-Pro\Documents\backtest_results\_builder_sessions\20260318_123754_objectif_sur_injusdc_4h_indicateurs_atr\session_summary.json,C:\Users\o3-Pro\Documents\backtest_results\_builder_sessions\20260318_123754_objectif_sur_injusdc_4h_indicateurs_atr,65b1f5a6d637832460d925b3acac350363f04572cacd5a736fc8b7c09a5e3d3a,79896,,,failed,,,,9,,0.5340061651851499,-26.0,
239,20260318_124836_objectif_de_strat_gie_sur_pepeusdc_1h_in,C:\Users\o3-Pro\Documents\backtest_results\_builder_sessions\20260318_124836_objectif_de_strat_gie_sur_pepeusdc_1h_in\session_summary.json,C:\Users\o3-Pro\Documents\backtest_results\_builder_sessions\20260318_124836_objectif_de_strat_gie_sur_pepeusdc_1h_in,49cc6248f6998f16d7e3e74eda0868c47be7321a22d04d504952b1964a83ab4b,61912,,,running,,,,6,,0.5493101392405878,-100.0,
240,20260318_125545_objectif_sur_cgptusdc_1d_exploiter_les_d,C:\Users\o3-Pro\Documents\backtest_results\_builder_sessions\20260318_125545_objectif_sur_cgptusdc_1d_exploiter_les_d\session_summary.json,C:\Users\o3-Pro\Documents\backtest_results\_builder_sessions\20260318_125545_objectif_sur_cgptusdc_1d_exploiter_les_d,a7681b2e2ce5fefa7a001d17eb0d5305cc4c6ebf67cab384fc0aca6375654aca,22425,,,running,,,,2,,0.0,-100.0,
241,20260318_130013_strat_gie_de_mean_reversion_sur_roseusdc,C:\Users\o3-Pro\Documents\backtest_results\_builder_sessions\20260318_130013_strat_gie_de_mean_reversion_sur_roseusdc\session_summary.json,C:\Users\o3-Pro\Documents\backtest_results\_builder_sessions\20260318_130013_strat_gie_de_mean_reversion_sur_roseusdc,4c0fed0b915ec39a44238643f6747f51bd8200f88f78270cec510721222f1ef1,3199,,,running,,,,1,,-inf,-inf,
242,20260318_130103_strat_gie_de_trend_following_sur_bananas,C:\Users\o3-Pro\Documents\backtest_results\_builder_sessions\20260318_130103_strat_gie_de_trend_following_sur_bananas\session_summary.json,C:\Users\o3-Pro\Documents\backtest_results\_builder_sessions\20260318_130103_strat_gie_de_trend_following_sur_bananas,79e502ac9f3108831f6b23d40fd2ef761cfb5132e3bb2eadeeaed7cd7e10db24,12266,,,running,,,,1,,-20.0,-100.0,
243,20260318_130236_strat_gie_de_scalping_sur_zbtusdc_15m_in,C:\Users\o3-Pro\Documents\backtest_results\_builder_sessions\20260318_130236_strat_gie_de_scalping_sur_zbtusdc_15m_in\session_summary.json,C:\Users\o3-Pro\Documents\backtest_results\_builder_sessions\20260318_130236_strat_gie_de_scalping_sur_zbtusdc_15m_in,96fa0a2cef075602d7d72d846c035e2b9121adeee12cf146dbee22ab5b392f13,13217,,,running,,,,1,,-0.788978959339917,-100.0,
244,20260318_130557_strat_gie_de_regime_adaptatif_sur_neirou,C:\Users\o3-Pro\Documents\backtest_results\_builder_sessions\20260318_130557_strat_gie_de_regime_adaptatif_sur_neirou\session_summary.json,C:\Users\o3-Pro\Documents\backtest_results\_builder_sessions\20260318_130557_strat_gie_de_regime_adaptatif_sur_neirou,14bd86426460fcdd5bb082daec0e699c0deb97597ac52992efc0c344f59356ab,22456,,,running,,,,2,,-20.0,-100.0,
245,20260318_131046_strat_gie_de_breakout_sur_fogousdc_15m_i,C:\Users\o3-Pro\Documents\backtest_results\_builder_sessions\20260318_131046_strat_gie_de_breakout_sur_fogousdc_15m_i\session_summary.json,C:\Users\o3-Pro\Documents\backtest_results\_builder_sessions\20260318_131046_strat_gie_de_breakout_sur_fogousdc_15m_i,3757a2c31a5cccd544607a1ada55f94dad2745a495683ebae238cc1e09528354,17380,,,running,,,,2,,0.0,-100.0,
246,20260318_131538_strat_gie_de_momentum_sur_trumpusdc_1h_i,C:\Users\o3-Pro\Documents\backtest_results\_builder_sessions\20260318_131538_strat_gie_de_momentum_sur_trumpusdc_1h_i\session_summary.json,C:\Users\o3-Pro\Documents\backtest_results\_builder_sessions\20260318_131538_strat_gie_de_momentum_sur_trumpusdc_1h_i,2f9a3e5d8ae85040ff61cc28555702ede9cfe6735d662be4612457d776c140d6,58312,,,failed,,,,6,,0.0,-100.0,
247,20260318_132427_strat_gie_de_scalping_sur_shibusdc_15m_i,C:\Users\o3-Pro\Documents\backtest_results\_builder_sessions\20260318_132427_strat_gie_de_scalping_sur_shibusdc_15m_i\session_summary.json,C:\Users\o3-Pro\Documents\backtest_results\_builder_sessions\20260318_132427_strat_gie_de_scalping_sur_shibusdc_15m_i,91a58ab2b635c71d0d1083b8935bacf41bb35f1804e178b89bb4b8b1b682133f,9832,,,running,,,,1,,-20.0,-100.0,
248,20260318_132547_strat_gie_de_multi_factor_sur_zrousdc_5m,C:\Users\o3-Pro\Documents\backtest_results\_builder_sessions\20260318_132547_strat_gie_de_multi_factor_sur_zrousdc_5m\session_summary.json,C:\Users\o3-Pro\Documents\backtest_results\_builder_sessions\20260318_132547_strat_gie_de_multi_factor_sur_zrousdc_5m,a585e27e7d39eda9223bf9bb5a652cbc9036a36646016ef732c4ccd8626f81dc,28435,,,running,,,,3,,0.0,-100.0,
249,20260318_133120_strat_gie_de_momentum_sur_bonkusdc_4h_in,C:\Users\o3-Pro\Documents\backtest_results\_builder_sessions\20260318_133120_strat_gie_de_momentum_sur_bonkusdc_4h_in\session_summary.json,C:\Users\o3-Pro\Documents\backtest_results\_builder_sessions\20260318_133120_strat_gie_de_momentum_sur_bonkusdc_4h_in,e7d2b2fc32879350b1265a425335700909fa00209c08f8e27a32b7eeb1617441,25240,,,running,,,,3,,0.0,-100.0,
250,20260318_133643_strat_gie_de_breakout_sur_runeusdc_1h_in,C:\Users\o3-Pro\Documents\backtest_results\_builder_sessions\20260318_133643_strat_gie_de_breakout_sur_runeusdc_1h_in\session_summary.json,C:\Users\o3-Pro\Documents\backtest_results\_builder_sessions\20260318_133643_strat_gie_de_breakout_sur_runeusdc_1h_in,faa0de6254b53a848b8318802ea54407120e4656d5b0036c868da58381209425,51184,,,running,,,,5,,0.0,-100.0,
251,20260318_134414_strat_gie_de_multi_factor_sur_lunausdc_4,C:\Users\o3-Pro\Documents\backtest_results\_builder_sessions\20260318_134414_strat_gie_de_multi_factor_sur_lunausdc_4\session_summary.json,C:\Users\o3-Pro\Documents\backtest_results\_builder_sessions\20260318_134414_strat_gie_de_multi_factor_sur_lunausdc_4,bd0b6890fe026aed6e10021618402eca2f5f0e5e862c8731d882ffe9078c6f2a,81710,,,max_iterations,,,,10,,2.0071926777944533,100.0,
252,20260318_134717_objectif_sur_cowusdc_1h_combiner_atr_et,C:\Users\o3-Pro\Documents\backtest_results\_builder_sessions\20260318_134717_objectif_sur_cowusdc_1h_combiner_atr_et\session_summary.json,C:\Users\o3-Pro\Documents\backtest_results\_builder_sessions\20260318_134717_objectif_sur_cowusdc_1h_combiner_atr_et,507cfec47317041330a13abf8d89ec79b6f9fdc8a77ec5aa3e5f011928011d75,12059,,,running,,,,1,,0.2081359890480651,-49.642561576627095,
253,20260318_135139_objectif_croisement_dynamique_entre_aroo,C:\Users\o3-Pro\Documents\backtest_results\_builder_sessions\20260318_135139_objectif_croisement_dynamique_entre_aroo\session_summary.json,C:\Users\o3-Pro\Documents\backtest_results\_builder_sessions\20260318_135139_objectif_croisement_dynamique_entre_aroo,23b852fc34b2b4e8306125e79a1f0a7fd4bf45d83b05513a9e6ca3d02e38bc87,18584,,,running,,,,2,,0.0,-100.0,
254,20260318_135635_objectif_de_strat_gie_sur_atomusdc_1h_in,C:\Users\o3-Pro\Documents\backtest_results\_builder_sessions\20260318_135635_objectif_de_strat_gie_sur_atomusdc_1h_in\session_summary.json,C:\Users\o3-Pro\Documents\backtest_results\_builder_sessions\20260318_135635_objectif_de_strat_gie_sur_atomusdc_1h_in,1f5b1597d94129cc41a75e983b90f0d2eef5606cc4ac700f62911f8ee5d89839,12236,,,running,,,,1,,-20.0,-100.0,
255,20260318_140011_strat_gie_de_trend_following_sur_iousdc,C:\Users\o3-Pro\Documents\backtest_results\_builder_sessions\20260318_140011_strat_gie_de_trend_following_sur_iousdc\session_summary.json,C:\Users\o3-Pro\Documents\backtest_results\_builder_sessions\20260318_140011_strat_gie_de_trend_following_sur_iousdc,fca9ab4119bba561df3645e2a68d1ddd87e09c1b09f58200a4c4c9bca815954a,21243,,,running,,,,2,,0.0,-100.0,
256,20260318_140531_strat_gie_de_breakout_sur_mavusdc_15m_in,C:\Users\o3-Pro\Documents\backtest_results\_builder_sessions\20260318_140531_strat_gie_de_breakout_sur_mavusdc_15m_in\session_summary.json,C:\Users\o3-Pro\Documents\backtest_results\_builder_sessions\20260318_140531_strat_gie_de_breakout_sur_mavusdc_15m_in,9326aee579276d89bacc3a2da3f121cd56eac35fff6e81cd95296275e9f58e48,12766,,,running,,,,1,,-1.2655287130531323,-100.0,
257,20260318_140727_strat_gie_de_scalping_sur_kiteusdc_5m_in,C:\Users\o3-Pro\Documents\backtest_results\_builder_sessions\20260318_140727_strat_gie_de_scalping_sur_kiteusdc_5m_in\session_summary.json,C:\Users\o3-Pro\Documents\backtest_results\_builder_sessions\20260318_140727_strat_gie_de_scalping_sur_kiteusdc_5m_in,38a319a0bc77b415e15153fe67edafb9020e706f7e058133095ba019bfeac1ea,25581,,,running,,,,3,,0.0,-100.0,
258,20260318_141142_strat_gie_de_momentum_sur_shellusdc_1h_i,C:\Users\o3-Pro\Documents\backtest_results\_builder_sessions\20260318_141142_strat_gie_de_momentum_sur_shellusdc_1h_i\session_summary.json,C:\Users\o3-Pro\Documents\backtest_results\_builder_sessions\20260318_141142_strat_gie_de_momentum_sur_shellusdc_1h_i,f60a458e42cbac6598789d84994c6ba65d2cc98d8b0043cf71b8216c3af5ee75,10720,,,running,,,,1,,0.34086596005983216,-89.66305950819442,
259,20260318_141609_strat_gie_de_breakout_sur_galausdc_15m_i,C:\Users\o3-Pro\Documents\backtest_results\_builder_sessions\20260318_141609_strat_gie_de_breakout_sur_galausdc_15m_i\session_summary.json,C:\Users\o3-Pro\Documents\backtest_results\_builder_sessions\20260318_141609_strat_gie_de_breakout_sur_galausdc_15m_i,b522436848330d5d47860d875894f6d9f71a020ac2e6e75b3e116eb02ca7823d,22929,,,running,,,,2,,0.0,-100.0,
260,20260318_142011_strat_gie_de_multi_factor_sur_arkmusdc_1,C:\Users\o3-Pro\Documents\backtest_results\_builder_sessions\20260318_142011_strat_gie_de_multi_factor_sur_arkmusdc_1\session_summary.json,C:\Users\o3-Pro\Documents\backtest_results\_builder_sessions\20260318_142011_strat_gie_de_multi_factor_sur_arkmusdc_1,4f3a66c61088dc2f54af889eb70d3891a6c8baa81fc19a34f0e3e4ef22b4cfb1,96414,,,failed,,,,9,,0.7261613356634787,24.68243030989089,
261,20260318_142916_strat_gie_de_regime_adaptatif_sur_galaus,C:\Users\o3-Pro\Documents\backtest_results\_builder_sessions\20260318_142916_strat_gie_de_regime_adaptatif_sur_galaus\session_summary.json,C:\Users\o3-Pro\Documents\backtest_results\_builder_sessions\20260318_142916_strat_gie_de_regime_adaptatif_sur_galaus,bab4b155be495a83938af98c7b754915fdae8238c08828662451ff282ccb9d17,17029,,,running,,,,2,,0.0,-100.0,
262,20260318_143138_strat_gie_de_trend_following_sur_wifusdc,C:\Users\o3-Pro\Documents\backtest_results\_builder_sessions\20260318_143138_strat_gie_de_trend_following_sur_wifusdc\session_summary.json,C:\Users\o3-Pro\Documents\backtest_results\_builder_sessions\20260318_143138_strat_gie_de_trend_following_sur_wifusdc,5bcd481e98626ffb743f108c6356a3bc3ec30b56db0d5c6707b67f05e454067c,10539,,,running,,,,1,,-20.0,-100.0,
263,20260318_143506_strat_gie_de_mean_reversion_sur_babyusdc,C:\Users\o3-Pro\Documents\backtest_results\_builder_sessions\20260318_143506_strat_gie_de_mean_reversion_sur_babyusdc\session_summary.json,C:\Users\o3-Pro\Documents\backtest_results\_builder_sessions\20260318_143506_strat_gie_de_mean_reversion_sur_babyusdc,69c1bba92dc36650154700ec41f2df57c6115a92bf552e79bb418f4ae955c5d2,13292,,,running,,,,1,,-0.09999228309523706,-96.07244665391764,
264,20260318_143728_strat_gie_de_multi_factor_sur_proveusdc,C:\Users\o3-Pro\Documents\backtest_results\_builder_sessions\20260318_143728_strat_gie_de_multi_factor_sur_proveusdc\session_summary.json,C:\Users\o3-Pro\Documents\backtest_results\_builder_sessions\20260318_143728_strat_gie_de_multi_factor_sur_proveusdc,b29f986678a4619ee91387cea0135915d517800051e09582f8308a3ee611f66e,11707,,,running,,,,2,,0.0,-26.0,
265,20260318_143935_strat_gie_de_breakout_sur_roseusdc_1d_in,C:\Users\o3-Pro\Documents\backtest_results\_builder_sessions\20260318_143935_strat_gie_de_breakout_sur_roseusdc_1d_in\session_summary.json,C:\Users\o3-Pro\Documents\backtest_results\_builder_sessions\20260318_143935_strat_gie_de_breakout_sur_roseusdc_1d_in,7f358e8e98ffeb15c905211638385194c21566aaf45e5771a9ab5dda9b4cc9d9,60042,,,failed,,,,6,,0.0,-100.0,
266,20260318_144905_strat_gie_de_momentum_sur_rplusdc_1h_ind,C:\Users\o3-Pro\Documents\backtest_results\_builder_sessions\20260318_144905_strat_gie_de_momentum_sur_rplusdc_1h_ind\session_summary.json,C:\Users\o3-Pro\Documents\backtest_results\_builder_sessions\20260318_144905_strat_gie_de_momentum_sur_rplusdc_1h_ind,46876f85d39868af0487681b3aaee9cfadc6a71ad8221439542aabff63839bcc,20742,,,running,,,,2,,0.37306514035175015,6.216511410525719,
267,20260318_145323_strat_gie_de_multi_factor_sur_crvusdc_1h,C:\Users\o3-Pro\Documents\backtest_results\_builder_sessions\20260318_145323_strat_gie_de_multi_factor_sur_crvusdc_1h\session_summary.json,C:\Users\o3-Pro\Documents\backtest_results\_builder_sessions\20260318_145323_strat_gie_de_multi_factor_sur_crvusdc_1h,fc0311ad5f76b7af0fde3f9eb2cb7bb057b0e43de689483900d8d2471a11ae9b,55910,,,failed,,,,6,,0.0,-26.0,
268,20260318_145932_strat_gie_de_regime_adaptatif_sur_trumpu,C:\Users\o3-Pro\Documents\backtest_results\_builder_sessions\20260318_145932_strat_gie_de_regime_adaptatif_sur_trumpu\session_summary.json,C:\Users\o3-Pro\Documents\backtest_results\_builder_sessions\20260318_145932_strat_gie_de_regime_adaptatif_sur_trumpu,723bfb051aa50ecde20e41e83d2908777f05c38a89d5a66bb852c449d9743e0c,32450,,,running,,,,3,,0.0,-100.0,
269,20260318_150317_strat_gie_de_momentum_sur_grtusdc_1h_ind,C:\Users\o3-Pro\Documents\backtest_results\_builder_sessions\20260318_150317_strat_gie_de_momentum_sur_grtusdc_1h_ind\session_summary.json,C:\Users\o3-Pro\Documents\backtest_results\_builder_sessions\20260318_150317_strat_gie_de_momentum_sur_grtusdc_1h_ind,1e6132e723a83bdf88e6ca5fbe13ea6e62212e0ae20adf161c9b8c2f097b6773,13859,,,success,,,,1,,1.248600234768435,100.0,
270,20260318_150414_objectif_sur_atomusdc_1d_indicateurs_aro,C:\Users\o3-Pro\Documents\backtest_results\_builder_sessions\20260318_150414_objectif_sur_atomusdc_1d_indicateurs_aro\session_summary.json,C:\Users\o3-Pro\Documents\backtest_results\_builder_sessions\20260318_150414_objectif_sur_atomusdc_1d_indicateurs_aro,a3fd98536cd05787b0965aaa960d89adfdac4754bbaad483cddda7f4dde57884,41549,,,running,,,,4,,0.24381149826331647,-100.0,
271,20260318_150920_objectif_de_strat_gie_sur_uniusdc_1d_ind,C:\Users\o3-Pro\Documents\backtest_results\_builder_sessions\20260318_150920_objectif_de_strat_gie_sur_uniusdc_1d_ind\session_summary.json,C:\Users\o3-Pro\Documents\backtest_results\_builder_sessions\20260318_150920_objectif_de_strat_gie_sur_uniusdc_1d_ind,4e8f62a798ec2f9b562a99a209b3f5fa4ff38f6899cac8cdb29987ee1015dab8,19002,,,running,,,,2,,0.5835649069498191,29.963543861744668,
272,20260318_151349_objectif_sur_luncusdc_1d_indicateurs_atr,C:\Users\o3-Pro\Documents\backtest_results\_builder_sessions\20260318_151349_objectif_sur_luncusdc_1d_indicateurs_atr\session_summary.json,C:\Users\o3-Pro\Documents\backtest_results\_builder_sessions\20260318_151349_objectif_sur_luncusdc_1d_indicateurs_atr,8e5c18ec643a484c7e751a46e30e2bb2376c09a637486bad8a58e5e6b5f589ee,2169,,,failed,,,,1,,-inf,-inf,
273,20260318_151410_objectif_de_strat_gie_sur_wifusdc_1h_ind,C:\Users\o3-Pro\Documents\backtest_results\_builder_sessions\20260318_151410_objectif_de_strat_gie_sur_wifusdc_1h_ind\session_summary.json,C:\Users\o3-Pro\Documents\backtest_results\_builder_sessions\20260318_151410_objectif_de_strat_gie_sur_wifusdc_1h_ind,292d5910c01d23e1a61f30da709b661761471948c8278b52660e3939d5753df0,19853,,,running,,,,2,,0.0,-100.0,
274,20260318_151915_strat_gie_de_breakout_sur_roseusdc_1w_in,C:\Users\o3-Pro\Documents\backtest_results\_builder_sessions\20260318_151915_strat_gie_de_breakout_sur_roseusdc_1w_in\session_summary.json,C:\Users\o3-Pro\Documents\backtest_results\_builder_sessions\20260318_151915_strat_gie_de_breakout_sur_roseusdc_1w_in,c024cc7884b2d3265ba1d4b807e64d73ccc4853de4e50d1c86ad6670af3d032c,10093,,,running,,,,1,,-20.0,-100.0,
275,20260318_152133_strat_gie_de_trend_following_sur_pepeusd,C:\Users\o3-Pro\Documents\backtest_results\_builder_sessions\20260318_152133_strat_gie_de_trend_following_sur_pepeusd\session_summary.json,C:\Users\o3-Pro\Documents\backtest_results\_builder_sessions\20260318_152133_strat_gie_de_trend_following_sur_pepeusd,2651fda1ed181dcd6dc68d9cd2e121bc2e23864a932b2cbe3bfe25eb689c13eb,12087,,,running,,,,1,,-20.0,-100.0,
276,20260318_152515_strat_gie_de_regime_adaptatif_sur_zenusd,C:\Users\o3-Pro\Documents\backtest_results\_builder_sessions\20260318_152515_strat_gie_de_regime_adaptatif_sur_zenusd\session_summary.json,C:\Users\o3-Pro\Documents\backtest_results\_builder_sessions\20260318_152515_strat_gie_de_regime_adaptatif_sur_zenusd,f263f6dfecc7557ddcecdd4d283c808b82c1a21cfc5043db0c4ea0cfe76a5691,56796,,,failed,,,,6,,0.0,-26.0,
277,20260318_153219_strat_gie_de_momentum_sur_bananausdc_1h,C:\Users\o3-Pro\Documents\backtest_results\_builder_sessions\20260318_153219_strat_gie_de_momentum_sur_bananausdc_1h\session_summary.json,C:\Users\o3-Pro\Documents\backtest_results\_builder_sessions\20260318_153219_strat_gie_de_momentum_sur_bananausdc_1h,c8c678c3c886bfe325905fba2270240d53748b7c65651808730e554f383eb34d,61750,,,failed,,,,6,,0.0,-100.0,
278,20260318_153909_strat_gie_de_breakout_sur_babyusdc_1h_in,C:\Users\o3-Pro\Documents\backtest_results\_builder_sessions\20260318_153909_strat_gie_de_breakout_sur_babyusdc_1h_in\session_summary.json,C:\Users\o3-Pro\Documents\backtest_results\_builder_sessions\20260318_153909_strat_gie_de_breakout_sur_babyusdc_1h_in,886d29d58d88838858046418d385650a14b81f73e550093db27d09912edd0bd8,20608,,,running,,,,2,,0.0,-50.0,
279,20260318_154752_strat_gie_de_mean_reversion_sur_neirousd,C:\Users\o3-Pro\Documents\backtest_results\_builder_sessions\20260318_154752_strat_gie_de_mean_reversion_sur_neirousd\session_summary.json,C:\Users\o3-Pro\Documents\backtest_results\_builder_sessions\20260318_154752_strat_gie_de_mean_reversion_sur_neirousd,31c5002a09269fb74e4f3520eacf30919fda4e7592e046fda1540cafc3169944,60786,,,failed,,,,6,,0.6227961541066849,-100.0,
280,20260318_155328_strat_gie_de_regime_adaptatif_sur_memeus,C:\Users\o3-Pro\Documents\backtest_results\_builder_sessions\20260318_155328_strat_gie_de_regime_adaptatif_sur_memeus\session_summary.json,C:\Users\o3-Pro\Documents\backtest_results\_builder_sessions\20260318_155328_strat_gie_de_regime_adaptatif_sur_memeus,0514d335fd20596c21450b06c992805ef7b95442dd7d2fbe17acff771a73b1a4,10109,,,success,,,,1,,1.1754601638425128,100.0,
281,20260318_155429_objectif_sur_btcusdc_1h_indicateurs_atr,C:\Users\o3-Pro\Documents\backtest_results\_builder_sessions\20260318_155429_objectif_sur_btcusdc_1h_indicateurs_atr\session_summary.json,C:\Users\o3-Pro\Documents\backtest_results\_builder_sessions\20260318_155429_objectif_sur_btcusdc_1h_indicateurs_atr,7364d4d151d5b5a63b2e74e77e8a27ea8bb9f376157907ed5483dbd63d7c51cd,40153,,,running,,,,4,,0.0,-100.0,
282,20260318_160037_objectif_sur_cookieusdc_1h_indicateurs_a,C:\Users\o3-Pro\Documents\backtest_results\_builder_sessions\20260318_160037_objectif_sur_cookieusdc_1h_indicateurs_a\session_summary.json,C:\Users\o3-Pro\Documents\backtest_results\_builder_sessions\20260318_160037_objectif_sur_cookieusdc_1h_indicateurs_a,630cc1a1f571136a45fa858c2528177726f3eab8f29d0ea2dc0665694a868fba,38539,,,running,,,,4,,0.0,-50.0,
283,20260318_160737_objectif_sur_brevusdc_1h_exploiter_l_asy,C:\Users\o3-Pro\Documents\backtest_results\_builder_sessions\20260318_160737_objectif_sur_brevusdc_1h_exploiter_l_asy\session_summary.json,C:\Users\o3-Pro\Documents\backtest_results\_builder_sessions\20260318_160737_objectif_sur_brevusdc_1h_exploiter_l_asy,089fd6143a5020a2b237df8a1a8aee476aaccf572d835c9ef82e79ff32966f81,20304,,,running,,,,2,,0.0,-65.7631476464063,
284,20260318_161057_strat_gie_de_momentum_sur_kiteusdc_5m_in,C:\Users\o3-Pro\Documents\backtest_results\_builder_sessions\20260318_161057_strat_gie_de_momentum_sur_kiteusdc_5m_in\session_summary.json,C:\Users\o3-Pro\Documents\backtest_results\_builder_sessions\20260318_161057_strat_gie_de_momentum_sur_kiteusdc_5m_in,47c17df7317a360e6bf0d62bc7f406c7bc18b61786c083f2fa3ca081fcdc618e,56999,,,failed,,,,6,,0.0,-26.0,
285,20260318_161549_strat_gie_de_multi_factor_sur_wusdc_4h_i,C:\Users\o3-Pro\Documents\backtest_results\_builder_sessions\20260318_161549_strat_gie_de_multi_factor_sur_wusdc_4h_i\session_summary.json,C:\Users\o3-Pro\Documents\backtest_results\_builder_sessions\20260318_161549_strat_gie_de_multi_factor_sur_wusdc_4h_i,77f8f5107259e83a53e04a6013265c4eb86e371a0ddd7618a4ae1941a88da859,34887,,,running,,,,3,,0.8142499175018173,-37.7409028881349,
286,20260318_162155_strat_gie_de_mean_reversion_sur_steemusd,C:\Users\o3-Pro\Documents\backtest_results\_builder_sessions\20260318_162155_strat_gie_de_mean_reversion_sur_steemusd\session_summary.json,C:\Users\o3-Pro\Documents\backtest_results\_builder_sessions\20260318_162155_strat_gie_de_mean_reversion_sur_steemusd,c57e209f8b2fdbb0f0883d4a6ac8e4badf0f346df0fda1c2d1d72c037f2616b6,84966,,,max_iterations,,,,10,,1.1128119345709502,100.0,
287,20260318_162623_objectif_de_strat_gie_sur_openusdc_4h_in,C:\Users\o3-Pro\Documents\backtest_results\_builder_sessions\20260318_162623_objectif_de_strat_gie_sur_openusdc_4h_in\session_summary.json,C:\Users\o3-Pro\Documents\backtest_results\_builder_sessions\20260318_162623_objectif_de_strat_gie_sur_openusdc_4h_in,92df9904e6c51fd0caff88b0683891082c6a0ce7aeddbba14634d013cc3d447c,85019,,,max_iterations,,,,10,,1.1590631323808742,95.72014769682576,
288,20260318_163154_objectif_sur_rezusdc_4h_utiliser_une_com,C:\Users\o3-Pro\Documents\backtest_results\_builder_sessions\20260318_163154_objectif_sur_rezusdc_4h_utiliser_une_com\session_summary.json,C:\Users\o3-Pro\Documents\backtest_results\_builder_sessions\20260318_163154_objectif_sur_rezusdc_4h_utiliser_une_com,eee3c8513b5c4d5504a4388c5c72652f29c4f0026898922f8e8a316fa13a9ee3,10404,,,running,,,,1,,0.24527480959736273,-29.242027272325224,
289,20260318_163319_objectif_de_strat_gie_sur_beamxusdc_4h_i,C:\Users\o3-Pro\Documents\backtest_results\_builder_sessions\20260318_163319_objectif_de_strat_gie_sur_beamxusdc_4h_i\session_summary.json,C:\Users\o3-Pro\Documents\backtest_results\_builder_sessions\20260318_163319_objectif_de_strat_gie_sur_beamxusdc_4h_i,925289a3c0d4caddcfc2588284654f5a2d1679f4e73d922760c5a5aa3e4e67d2,18724,,,running,,,,2,,0.0,-100.0,
290,20260318_163627_objectif_sur_epicusdc_1h_combiner_atr_et,C:\Users\o3-Pro\Documents\backtest_results\_builder_sessions\20260318_163627_objectif_sur_epicusdc_1h_combiner_atr_et\session_summary.json,C:\Users\o3-Pro\Documents\backtest_results\_builder_sessions\20260318_163627_objectif_sur_epicusdc_1h_combiner_atr_et,4a6332e65331efe6ec83cc79a3e797aa67ebd68633f3c3e9081e7387ec25c11c,10252,,,running,,,,1,,-20.0,-100.0,
291,20260318_163802_strat_gie_de_breakout_sur_roseusdc_15m_i,C:\Users\o3-Pro\Documents\backtest_results\_builder_sessions\20260318_163802_strat_gie_de_breakout_sur_roseusdc_15m_i\session_summary.json,C:\Users\o3-Pro\Documents\backtest_results\_builder_sessions\20260318_163802_strat_gie_de_breakout_sur_roseusdc_15m_i,62ac592c2b413e4d773e72a1f5b9343cd34b39042cf0a7ae0d3b4bbdcbab1aea,17990,,,running,,,,2,,-20.0,-100.0,
292,20260318_164313_strat_gie_de_scalping_sur_cowusdc_5m_ind,C:\Users\o3-Pro\Documents\backtest_results\_builder_sessions\20260318_164313_strat_gie_de_scalping_sur_cowusdc_5m_ind\session_summary.json,C:\Users\o3-Pro\Documents\backtest_results\_builder_sessions\20260318_164313_strat_gie_de_scalping_sur_cowusdc_5m_ind,19c34252a2396ce5a4276c30545e9b560acf295fa5e3745af81f41eaeba14751,10178,,,running,,,,1,,-20.0,-100.0,
293,20260318_164501_strat_gie_de_multi_factor_sur_ausdc_1h_i,C:\Users\o3-Pro\Documents\backtest_results\_builder_sessions\20260318_164501_strat_gie_de_multi_factor_sur_ausdc_1h_i\session_summary.json,C:\Users\o3-Pro\Documents\backtest_results\_builder_sessions\20260318_164501_strat_gie_de_multi_factor_sur_ausdc_1h_i,edc1fb579bb04639e5b92a1727d25ce6e3a09c7512c3d25bba4fca9fa2ce5209,60901,,,failed,,,,6,,0.0,-26.0,
294,20260318_165057_strat_gie_de_momentum_sur_rareusdc_1h_in,C:\Users\o3-Pro\Documents\backtest_results\_builder_sessions\20260318_165057_strat_gie_de_momentum_sur_rareusdc_1h_in\session_summary.json,C:\Users\o3-Pro\Documents\backtest_results\_builder_sessions\20260318_165057_strat_gie_de_momentum_sur_rareusdc_1h_in,985885c449c248998bced3db86a210dc887e84bdcf6ec2ae959e46d12cb55ada,3226,,,running,,,,1,,-inf,-inf,
295,20260318_165214_strat_gie_de_breakout_sur_kiteusdc_1h_in,C:\Users\o3-Pro\Documents\backtest_results\_builder_sessions\20260318_165214_strat_gie_de_breakout_sur_kiteusdc_1h_in\session_summary.json,C:\Users\o3-Pro\Documents\backtest_results\_builder_sessions\20260318_165214_strat_gie_de_breakout_sur_kiteusdc_1h_in,8870c82c2f3c041e45503666169cfc7dc520789fc91835fe672b9217980f4bd5,28530,,,running,,,,3,,0.0,-100.0,
296,20260318_170004_strat_gie_de_multi_factor_sur_ausdc_5m_i,C:\Users\o3-Pro\Documents\backtest_results\_builder_sessions\20260318_170004_strat_gie_de_multi_factor_sur_ausdc_5m_i\session_summary.json,C:\Users\o3-Pro\Documents\backtest_results\_builder_sessions\20260318_170004_strat_gie_de_multi_factor_sur_ausdc_5m_i,fa1f6119c8d50f6edc06cbd26dfd1e84b0ac419592c64c84713e056d30cbd5b0,44179,,,running,,,,4,,0.0,-100.0,
297,20260318_170614_strat_gie_de_regime_adaptatif_sur_steemu,C:\Users\o3-Pro\Documents\backtest_results\_builder_sessions\20260318_170614_strat_gie_de_regime_adaptatif_sur_steemu\session_summary.json,C:\Users\o3-Pro\Documents\backtest_results\_builder_sessions\20260318_170614_strat_gie_de_regime_adaptatif_sur_steemu,039152b446d924d6da21b50289d8248c4a03285148cec69fe1eb617054fe5912,21060,,,running,,,,2,,0.5784514106917976,-3.3532649599647257,
298,20260318_171001_strat_gie_de_breakout_sur_mavusdc_15m_in,C:\Users\o3-Pro\Documents\backtest_results\_builder_sessions\20260318_171001_strat_gie_de_breakout_sur_mavusdc_15m_in\session_summary.json,C:\Users\o3-Pro\Documents\backtest_results\_builder_sessions\20260318_171001_strat_gie_de_breakout_sur_mavusdc_15m_in,5e6323e33c3870190d8c76456027d9923f2df142f27fa28bd1d945eaf8627c2b,54962,,,failed,,,,6,,0.0,-100.0,
299,20260318_171547_strat_gie_de_mean_reversion_sur_wlfiusdc,C:\Users\o3-Pro\Documents\backtest_results\_builder_sessions\20260318_171547_strat_gie_de_mean_reversion_sur_wlfiusdc\session_summary.json,C:\Users\o3-Pro\Documents\backtest_results\_builder_sessions\20260318_171547_strat_gie_de_mean_reversion_sur_wlfiusdc,63eccef33022526eb4ee935cc0eb5466314b726a5f716f94b738406f99eac041,64696,,,failed,,,,6,,0.0,-79.81209431296733,
300,20260318_172444_strat_gie_de_momentum_sur_wusdc_3m_indic,C:\Users\o3-Pro\Documents\backtest_results\_builder_sessions\20260318_172444_strat_gie_de_momentum_sur_wusdc_3m_indic\session_summary.json,C:\Users\o3-Pro\Documents\backtest_results\_builder_sessions\20260318_172444_strat_gie_de_momentum_sur_wusdc_3m_indic,9e4a4304dc48c24b5a56beed105c46f5f9b56f7649c9284a3a755475ba416fff,16462,,,running,,,,2,,0.0,-26.0,
301,20260318_172701_strat_gie_de_regime_adaptatif_sur_robous,C:\Users\o3-Pro\Documents\backtest_results\_builder_sessions\20260318_172701_strat_gie_de_regime_adaptatif_sur_robous\session_summary.json,C:\Users\o3-Pro\Documents\backtest_results\_builder_sessions\20260318_172701_strat_gie_de_regime_adaptatif_sur_robous,95b122a42f8e16d78d7263b9588e5357967d0161346b295c4002b4e8d96eb91b,2123,,,failed,,,,1,,-inf,-inf,
302,20260318_172933_strat_gie_de_trend_following_sur_ausdc_3,C:\Users\o3-Pro\Documents\backtest_results\_builder_sessions\20260318_172933_strat_gie_de_trend_following_sur_ausdc_3\session_summary.json,C:\Users\o3-Pro\Documents\backtest_results\_builder_sessions\20260318_172933_strat_gie_de_trend_following_sur_ausdc_3,6c283d6b6c7ca52412a4333e7849bbfc3299f3e6abc0d47c72971fc275dc0212,19533,,,running,,,,2,,0.0,-100.0,
303,20260318_173452_strat_gie_de_regime_adaptatif_sur_zkusdc,C:\Users\o3-Pro\Documents\backtest_results\_builder_sessions\20260318_173452_strat_gie_de_regime_adaptatif_sur_zkusdc\session_summary.json,C:\Users\o3-Pro\Documents\backtest_results\_builder_sessions\20260318_173452_strat_gie_de_regime_adaptatif_sur_zkusdc,7f6c6188be8745a17a0656e73db5f7a8dfc5b84497857a10571abcb5c175d0d7,87430,,,max_iterations,,,,10,,1.0719356818017964,91.20407379932678,
304,20260318_173838_objectif_sur_grtusdc_1h_exploitons_la_di,C:\Users\o3-Pro\Documents\backtest_results\_builder_sessions\20260318_173838_objectif_sur_grtusdc_1h_exploitons_la_di\session_summary.json,C:\Users\o3-Pro\Documents\backtest_results\_builder_sessions\20260318_173838_objectif_sur_grtusdc_1h_exploitons_la_di,dd82a3541f5ed3dd30b4f91127fdb0191c0e0657c4330736f406a2066b7c5742,17918,,,success,,,,2,,1.248600234768435,-26.0,
305,20260318_174433_objectif_de_strat_gie_sur_algousdc_1h_in,C:\Users\o3-Pro\Documents\backtest_results\_builder_sessions\20260318_174433_objectif_de_strat_gie_sur_algousdc_1h_in\session_summary.json,C:\Users\o3-Pro\Documents\backtest_results\_builder_sessions\20260318_174433_objectif_de_strat_gie_sur_algousdc_1h_in,186c3e68882b92070240c11ecfa5f7f998d6226eef320bd497de3809594414ff,13512,,,running,,,,1,,-20.0,-100.0,
306,20260318_174842_objectif_de_strat_gie_sur_shibusdc_1h_in,C:\Users\o3-Pro\Documents\backtest_results\_builder_sessions\20260318_174842_objectif_de_strat_gie_sur_shibusdc_1h_in\session_summary.json,C:\Users\o3-Pro\Documents\backtest_results\_builder_sessions\20260318_174842_objectif_de_strat_gie_sur_shibusdc_1h_in,798e24b662e6b81f0afb34322d93c38a9b05ce3254f864478e6b30834fc37a65,58232,,,failed,,,,6,,0.0,-100.0,
307,20260318_175804_strat_gie_de_breakout_sur_dashusdc_1h_in,C:\Users\o3-Pro\Documents\backtest_results\_builder_sessions\20260318_175804_strat_gie_de_breakout_sur_dashusdc_1h_in\session_summary.json,C:\Users\o3-Pro\Documents\backtest_results\_builder_sessions\20260318_175804_strat_gie_de_breakout_sur_dashusdc_1h_in,820b303ae9bb1e3631ba7a09d0e20f944d34760f65eb6c35e64c609026be7967,11581,,,running,,,,1,,0.0,-50.0,
308,20260318_180217_strat_gie_de_regime_adaptatif_sur_wldusd,C:\Users\o3-Pro\Documents\backtest_results\_builder_sessions\20260318_180217_strat_gie_de_regime_adaptatif_sur_wldusd\session_summary.json,C:\Users\o3-Pro\Documents\backtest_results\_builder_sessions\20260318_180217_strat_gie_de_regime_adaptatif_sur_wldusd,504961dfd489cb8144755503e205174f6f651c2b2edf4a82f416439e1ebc619e,9856,,,running,,,,1,,-20.0,-100.0,
309,20260318_180420_strat_gie_de_mean_reversion_sur_wifusdc,C:\Users\o3-Pro\Documents\backtest_results\_builder_sessions\20260318_180420_strat_gie_de_mean_reversion_sur_wifusdc\session_summary.json,C:\Users\o3-Pro\Documents\backtest_results\_builder_sessions\20260318_180420_strat_gie_de_mean_reversion_sur_wifusdc,4c6c58a4cff8f17163978909fa80407bc4fb2ca3d20a814beebd4f7a5809fc76,12383,,,running,,,,1,,-20.0,-100.0,
310,20260318_180733_strat_gie_de_scalping_sur_api3usdc_5m_in,C:\Users\o3-Pro\Documents\backtest_results\_builder_sessions\20260318_180733_strat_gie_de_scalping_sur_api3usdc_5m_in\session_summary.json,C:\Users\o3-Pro\Documents\backtest_results\_builder_sessions\20260318_180733_strat_gie_de_scalping_sur_api3usdc_5m_in,573718556b7678abead960445296bbe3efc8e4c2cf393f057738ea55d8107d07,37457,,,running,,,,4,,0.0,-100.0,
311,20260318_181152_strat_gie_de_trend_following_sur_crvusdc,C:\Users\o3-Pro\Documents\backtest_results\_builder_sessions\20260318_181152_strat_gie_de_trend_following_sur_crvusdc\session_summary.json,C:\Users\o3-Pro\Documents\backtest_results\_builder_sessions\20260318_181152_strat_gie_de_trend_following_sur_crvusdc,a41e19e338c5e907ce58604a42931d438d0b8d2748706c61f045c2f9e926a5d9,10072,,,running,,,,1,,-20.0,-100.0,
312,20260318_181406_strat_gie_de_momentum_sur_ordiusdc_4h_in,C:\Users\o3-Pro\Documents\backtest_results\_builder_sessions\20260318_181406_strat_gie_de_momentum_sur_ordiusdc_4h_in\session_summary.json,C:\Users\o3-Pro\Documents\backtest_results\_builder_sessions\20260318_181406_strat_gie_de_momentum_sur_ordiusdc_4h_in,f03a5a453f86a5519cf900f0eba7a3ef0abb537ae5817333e6a63a7991306f2f,10184,,,running,,,,1,,0.41917804475577225,-6.803418469833893,
313,20260318_181408_strat_gie_de_scalping_sur_maticusdc_5m_i,C:\Users\o3-Pro\Documents\backtest_results\_builder_sessions\20260318_181408_strat_gie_de_scalping_sur_maticusdc_5m_i\session_summary.json,C:\Users\o3-Pro\Documents\backtest_results\_builder_sessions\20260318_181408_strat_gie_de_scalping_sur_maticusdc_5m_i,1b8a291f69e4c10f550f2d0bdb3f839b9174a75b3c2b1fcef750adfc7f8b9d6c,30469,,,running,,,,3,,0.0,-100.0,
314,20260318_181924_strat_gie_de_multi_factor_sur_apeusdc_1d,C:\Users\o3-Pro\Documents\backtest_results\_builder_sessions\20260318_181924_strat_gie_de_multi_factor_sur_apeusdc_1d\session_summary.json,C:\Users\o3-Pro\Documents\backtest_results\_builder_sessions\20260318_181924_strat_gie_de_multi_factor_sur_apeusdc_1d,63deb2796645cdfda162758a60d0b8ff2319e6b5faedb355f65053121d13cdf9,12138,,,running,,,,1,,0.4942019694285435,-97.66220447193137,
315,20260318_182142_strat_gie_de_regime_adaptatif_sur_1000ch,C:\Users\o3-Pro\Documents\backtest_results\_builder_sessions\20260318_182142_strat_gie_de_regime_adaptatif_sur_1000ch\session_summary.json,C:\Users\o3-Pro\Documents\backtest_results\_builder_sessions\20260318_182142_strat_gie_de_regime_adaptatif_sur_1000ch,ecd6fb34d17b934d5672f918ace1e7ac85c81ac802e482ba046eb5dc6080b686,2132,,,failed,,,,1,,-inf,-inf,
316,20260318_182201_strat_gie_de_mean_reversion_sur_trumpusd,C:\Users\o3-Pro\Documents\backtest_results\_builder_sessions\20260318_182201_strat_gie_de_mean_reversion_sur_trumpusd\session_summary.json,C:\Users\o3-Pro\Documents\backtest_results\_builder_sessions\20260318_182201_strat_gie_de_mean_reversion_sur_trumpusd,f43a0deaccbca397bcbbe6462657a7349ac920a33dd06552e87923c7b11ed8c6,37053,,,running,,,,4,,0.0,-100.0,
317,20260318_183026_strat_gie_de_regime_adaptatif_sur_linkus,C:\Users\o3-Pro\Documents\backtest_results\_builder_sessions\20260318_183026_strat_gie_de_regime_adaptatif_sur_linkus\session_summary.json,C:\Users\o3-Pro\Documents\backtest_results\_builder_sessions\20260318_183026_strat_gie_de_regime_adaptatif_sur_linkus,2fdcf1af7e4ad315feca23f2a0c237bf3893367b548f9f24665d2ef4b6724c0c,20681,,,running,,,,2,,0.0,-100.0,
318,20260318_183146_strat_gie_de_scalping_sur_mitousdc_5m_in,C:\Users\o3-Pro\Documents\backtest_results\_builder_sessions\20260318_183146_strat_gie_de_scalping_sur_mitousdc_5m_in\session_summary.json,C:\Users\o3-Pro\Documents\backtest_results\_builder_sessions\20260318_183146_strat_gie_de_scalping_sur_mitousdc_5m_in,08aa75478c6491741aa7e8e947d3234ceb7858642ca2559b89b9471aff1c52a2,13556,,,running,,,,2,,-20.0,-100.0,
319,20260318_183421_strat_gie_de_multi_factor_sur_mirausdc_4,C:\Users\o3-Pro\Documents\backtest_results\_builder_sessions\20260318_183421_strat_gie_de_multi_factor_sur_mirausdc_4\session_summary.json,C:\Users\o3-Pro\Documents\backtest_results\_builder_sessions\20260318_183421_strat_gie_de_multi_factor_sur_mirausdc_4,83c9ff1a1307a2234c444477ac4db5811859bfc96476023db190b6e415820504,54670,,,running,,,,5,,1.0664947366633717,-100.0,
320,20260318_183436_strat_gie_de_trend_following_sur_pythusd,C:\Users\o3-Pro\Documents\backtest_results\_builder_sessions\20260318_183436_strat_gie_de_trend_following_sur_pythusd\session_summary.json,C:\Users\o3-Pro\Documents\backtest_results\_builder_sessions\20260318_183436_strat_gie_de_trend_following_sur_pythusd,d06d26e97426430d3f5a50f719da95fb61bc1dac706cbf401f5d7733e56adfdf,3282,,,running,,,,1,,-inf,-inf,
321,20260318_184126_strat_gie_de_momentum_sur_btcusdc_1h_ind,C:\Users\o3-Pro\Documents\backtest_results\_builder_sessions\20260318_184126_strat_gie_de_momentum_sur_btcusdc_1h_ind\session_summary.json,C:\Users\o3-Pro\Documents\backtest_results\_builder_sessions\20260318_184126_strat_gie_de_momentum_sur_btcusdc_1h_ind,e141a816e6affcac5f96af43c849d5092e61972d20f61c8f52d5901570df3137,10292,,,running,,,,1,,-20.0,-100.0,
322,20260318_184452_strat_gie_de_multi_factor_sur_trumpusdc,C:\Users\o3-Pro\Documents\backtest_results\_builder_sessions\20260318_184452_strat_gie_de_multi_factor_sur_trumpusdc\session_summary.json,C:\Users\o3-Pro\Documents\backtest_results\_builder_sessions\20260318_184452_strat_gie_de_multi_factor_sur_trumpusdc,d0aa17a48231f7005400aab216c946a7ebf17a10822562f72f03542a42522417,42183,,,success,,,,4,,1.1973757031002983,-97.66220447193137,
323,20260318_184616_strat_gie_de_mean_reversion_sur_maticusd,C:\Users\o3-Pro\Documents\backtest_results\_builder_sessions\20260318_184616_strat_gie_de_mean_reversion_sur_maticusd\session_summary.json,C:\Users\o3-Pro\Documents\backtest_results\_builder_sessions\20260318_184616_strat_gie_de_mean_reversion_sur_maticusd,d78939547ffd7617c51be4ecb598c6dad58cc3989295e6ced23f7239607595ac,2135,,,failed,,,,1,,-inf,-inf,
324,20260318_184641_strat_gie_de_regime_adaptatif_sur_trbusd,C:\Users\o3-Pro\Documents\backtest_results\_builder_sessions\20260318_184641_strat_gie_de_regime_adaptatif_sur_trbusd\session_summary.json,C:\Users\o3-Pro\Documents\backtest_results\_builder_sessions\20260318_184641_strat_gie_de_regime_adaptatif_sur_trbusd,9a956035a9cf628b640b720e6cdc048ac87bad7a2b0863a194f7cbb020b9ee46,77987,,,max_iterations,,,,10,,0.7616143078908665,92.58954091499645,
325,20260318_185009_objectif_de_strat_gie_sur_omusdc_1w_indi,C:\Users\o3-Pro\Documents\backtest_results\_builder_sessions\20260318_185009_objectif_de_strat_gie_sur_omusdc_1w_indi\session_summary.json,C:\Users\o3-Pro\Documents\backtest_results\_builder_sessions\20260318_185009_objectif_de_strat_gie_sur_omusdc_1w_indi,73a3107bcde14242b547f162de7485113e339ccdc7015492e26e99d948e3a0b1,2555,,,failed,,,,1,,-inf,-inf,
326,20260318_185040_objectif_sur_injusdc_1h_utiliser_atr_ada,C:\Users\o3-Pro\Documents\backtest_results\_builder_sessions\20260318_185040_objectif_sur_injusdc_1h_utiliser_atr_ada\session_summary.json,C:\Users\o3-Pro\Documents\backtest_results\_builder_sessions\20260318_185040_objectif_sur_injusdc_1h_utiliser_atr_ada,53234821865ff5858731676c7a2343c0cd4449cde258f2c6b1107d12944d2300,28913,,,running,,,,3,,0.546748962650526,20.539765382739546,
327,20260318_185334_objectif_de_strat_gie_sur_ltcusdc_1h_ind,C:\Users\o3-Pro\Documents\backtest_results\_builder_sessions\20260318_185334_objectif_de_strat_gie_sur_ltcusdc_1h_ind\session_summary.json,C:\Users\o3-Pro\Documents\backtest_results\_builder_sessions\20260318_185334_objectif_de_strat_gie_sur_ltcusdc_1h_ind,e2c268383f1614126fff9867fc3d3598fff9c2f27c725ff127c4dfaf1b55045d,9644,,,running,,,,1,,-20.0,-100.0,
328,20260318_185957_objectif_de_strat_gie_sur_ondousdc_1h_in,C:\Users\o3-Pro\Documents\backtest_results\_builder_sessions\20260318_185957_objectif_de_strat_gie_sur_ondousdc_1h_in\session_summary.json,C:\Users\o3-Pro\Documents\backtest_results\_builder_sessions\20260318_185957_objectif_de_strat_gie_sur_ondousdc_1h_in,889674c649ee4b30c74fa9cf1ae063857e4b6f91b3cb81319950df7d40ec2566,21023,,,running,,,,2,,0.0,-50.0,
329,20260318_190045_objectif_de_strat_gie_sur_maskusdc_4h_in,C:\Users\o3-Pro\Documents\backtest_results\_builder_sessions\20260318_190045_objectif_de_strat_gie_sur_maskusdc_4h_in\session_summary.json,C:\Users\o3-Pro\Documents\backtest_results\_builder_sessions\20260318_190045_objectif_de_strat_gie_sur_maskusdc_4h_in,4e65f202b6fec11a6033e3190935346e74d8271b15e7125c155c840dc9e96f97,91807,,,max_iterations,,,,10,,0.5499379957920263,56.2449904423646,
330,20260318_190621_objectif_de_strat_gie_sur_penguusdc_3m_i,C:\Users\o3-Pro\Documents\backtest_results\_builder_sessions\20260318_190621_objectif_de_strat_gie_sur_penguusdc_3m_i\session_summary.json,C:\Users\o3-Pro\Documents\backtest_results\_builder_sessions\20260318_190621_objectif_de_strat_gie_sur_penguusdc_3m_i,afb8d6c126a0bda480daa300ac685571d58b3969006a6e09b752d09a6fdf3737,59162,,,failed,,,,6,,0.0,-100.0,
331,20260318_191702_objectif_d_tection_de_divergence_entre_l,C:\Users\o3-Pro\Documents\backtest_results\_builder_sessions\20260318_191702_objectif_d_tection_de_divergence_entre_l\session_summary.json,C:\Users\o3-Pro\Documents\backtest_results\_builder_sessions\20260318_191702_objectif_d_tection_de_divergence_entre_l,0175b9b9bebf1775a8b58d06e692a0a8fae7958c30c4223ae76069f7ec46a56e,28771,,,running,,,,3,,0.0,-100.0,
332,20260318_192052_objectif_strat_gie_de_divergence_dynamiq,C:\Users\o3-Pro\Documents\backtest_results\_builder_sessions\20260318_192052_objectif_strat_gie_de_divergence_dynamiq\session_summary.json,C:\Users\o3-Pro\Documents\backtest_results\_builder_sessions\20260318_192052_objectif_strat_gie_de_divergence_dynamiq,2f0526a888b9ab9d46b6470623ab4fd3c455f7768c63cf4771e6bd33aadbede9,17113,,,running,,,,2,,0.0,-100.0,
333,20260318_192620_objectif_de_strat_gie_sur_trumpusdc_1h_i,C:\Users\o3-Pro\Documents\backtest_results\_builder_sessions\20260318_192620_objectif_de_strat_gie_sur_trumpusdc_1h_i\session_summary.json,C:\Users\o3-Pro\Documents\backtest_results\_builder_sessions\20260318_192620_objectif_de_strat_gie_sur_trumpusdc_1h_i,32c540b6e6973e12cf3134ef4de9b37e76f040b4889e0e87e00452fd71c883a6,13186,,,running,,,,1,,-20.0,-100.0,
334,20260318_192713_strat_gie_de_scalping_sur_api3usdc_15m_i,C:\Users\o3-Pro\Documents\backtest_results\_builder_sessions\20260318_192713_strat_gie_de_scalping_sur_api3usdc_15m_i\session_summary.json,C:\Users\o3-Pro\Documents\backtest_results\_builder_sessions\20260318_192713_strat_gie_de_scalping_sur_api3usdc_15m_i,155f63d93a45e0edc7f443cd3176360b4267545b1e1ef6d17d1eb8381e1bfdb8,2062,,,failed,,,,1,,-inf,-inf,
335,20260318_192738_strat_gie_de_trend_following_sur_redusdc,C:\Users\o3-Pro\Documents\backtest_results\_builder_sessions\20260318_192738_strat_gie_de_trend_following_sur_redusdc\session_summary.json,C:\Users\o3-Pro\Documents\backtest_results\_builder_sessions\20260318_192738_strat_gie_de_trend_following_sur_redusdc,76b40305267e680378d1f85db6478a784b6cb375658e8a5c799728e24471663c,80445,,,max_iterations,,,,10,,0.5659937320072459,43.860190399751986,
336,20260318_193048_objectif_sur_solusdc_1h_indicateurs_dire,C:\Users\o3-Pro\Documents\backtest_results\_builder_sessions\20260318_193048_objectif_sur_solusdc_1h_indicateurs_dire\session_summary.json,C:\Users\o3-Pro\Documents\backtest_results\_builder_sessions\20260318_193048_objectif_sur_solusdc_1h_indicateurs_dire,0108bbfe06997ff1cdb0e7952eae151f3b5880a932c4c2252be7d4e718b02e18,20152,,,running,,,,2,,0.0,-50.0,
337,20260318_193638_objectif_de_strat_gie_sur_neousdc_4h_ind,C:\Users\o3-Pro\Documents\backtest_results\_builder_sessions\20260318_193638_objectif_de_strat_gie_sur_neousdc_4h_ind\session_summary.json,C:\Users\o3-Pro\Documents\backtest_results\_builder_sessions\20260318_193638_objectif_de_strat_gie_sur_neousdc_4h_ind,cf20f8b37506055b97b1d586e6102f7df7e068ef856d598237d57d99107e4796,54709,,,failed,,,,6,,0.0,-26.0,
338,20260318_194519_objectif_de_strat_gie_sur_galausdc_1h_in,C:\Users\o3-Pro\Documents\backtest_results\_builder_sessions\20260318_194519_objectif_de_strat_gie_sur_galausdc_1h_in\session_summary.json,C:\Users\o3-Pro\Documents\backtest_results\_builder_sessions\20260318_194519_objectif_de_strat_gie_sur_galausdc_1h_in,2363e01222227bd74649ca0aad371e73c3d39bd588c6c2f6eedc71e4407c2efc,40386,,,running,,,,5,,0.0,-26.0,
339,20260318_195053_strat_gie_de_momentum_sur_stousdc_15m_in,C:\Users\o3-Pro\Documents\backtest_results\_builder_sessions\20260318_195053_strat_gie_de_momentum_sur_stousdc_15m_in\session_summary.json,C:\Users\o3-Pro\Documents\backtest_results\_builder_sessions\20260318_195053_strat_gie_de_momentum_sur_stousdc_15m_in,50afc29965b3e6b80643d44154af328cbee2d43c373ca2c64fd45ab1d1be8963,31764,,,running,,,,3,,0.4942019694285435,-97.66220447193137,
340,20260318_195809_objectif_de_strat_gie_sur_neirousdc_1h_i,C:\Users\o3-Pro\Documents\backtest_results\_builder_sessions\20260318_195809_objectif_de_strat_gie_sur_neirousdc_1h_i\session_summary.json,C:\Users\o3-Pro\Documents\backtest_results\_builder_sessions\20260318_195809_objectif_de_strat_gie_sur_neirousdc_1h_i,d352b8cfcf9a20003bfae894806b2e245ecf8c87a0f44e6495acf79daddbc711,62123,,,failed,,,,6,,0.0,-100.0,
341,20260318_195901_strat_gie_de_regime_adaptatif_sur_dashus,C:\Users\o3-Pro\Documents\backtest_results\_builder_sessions\20260318_195901_strat_gie_de_regime_adaptatif_sur_dashus\session_summary.json,C:\Users\o3-Pro\Documents\backtest_results\_builder_sessions\20260318_195901_strat_gie_de_regime_adaptatif_sur_dashus,022dccf6c9a232a4b3228ae3185bbc3ca893182f1221b8a5e9d04b6c04f7f1be,12248,,,running,,,,1,,-20.0,-100.0,
342,20260318_200238_strat_gie_de_breakout_sur_crvusdc_15m_in,C:\Users\o3-Pro\Documents\backtest_results\_builder_sessions\20260318_200238_strat_gie_de_breakout_sur_crvusdc_15m_in\session_summary.json,C:\Users\o3-Pro\Documents\backtest_results\_builder_sessions\20260318_200238_strat_gie_de_breakout_sur_crvusdc_15m_in,3ddb4d7a979c2afae84ed09b6665763b9374e13771bf1a33c62ab3375e32564f,56335,,,failed,,,,6,,0.0,-100.0,
343,20260318_201053_strat_gie_de_mean_reversion_sur_giggleus,C:\Users\o3-Pro\Documents\backtest_results\_builder_sessions\20260318_201053_strat_gie_de_mean_reversion_sur_giggleus\session_summary.json,C:\Users\o3-Pro\Documents\backtest_results\_builder_sessions\20260318_201053_strat_gie_de_mean_reversion_sur_giggleus,e7fb79f588177bb37e5730caf6862b77f52defe1de4e489a41163b63dfb16bf7,2085,,,failed,,,,1,,-inf,-inf,
344,20260318_201120_strat_gie_de_scalping_sur_nearusdc_5m_in,C:\Users\o3-Pro\Documents\backtest_results\_builder_sessions\20260318_201120_strat_gie_de_scalping_sur_nearusdc_5m_in\session_summary.json,C:\Users\o3-Pro\Documents\backtest_results\_builder_sessions\20260318_201120_strat_gie_de_scalping_sur_nearusdc_5m_in,c05bf8d89d472336746c31094a54119c7b0b87dc986d0bdfaf4103023ac45711,12204,,,running,,,,1,,-20.0,-100.0,
345,20260318_201618_strat_gie_de_regime_adaptatif_sur_memeus,C:\Users\o3-Pro\Documents\backtest_results\_builder_sessions\20260318_201618_strat_gie_de_regime_adaptatif_sur_memeus\session_summary.json,C:\Users\o3-Pro\Documents\backtest_results\_builder_sessions\20260318_201618_strat_gie_de_regime_adaptatif_sur_memeus,025d38fd19096e04640a186a191f3ed60a6e21fed87945139d1a104b1d0686f3,57395,,,failed,,,,6,,0.21693774011448855,-11.48498940918548,
346,20260318_201652_strat_gie_de_trend_following_sur_gpsusdc,C:\Users\o3-Pro\Documents\backtest_results\_builder_sessions\20260318_201652_strat_gie_de_trend_following_sur_gpsusdc\session_summary.json,C:\Users\o3-Pro\Documents\backtest_results\_builder_sessions\20260318_201652_strat_gie_de_trend_following_sur_gpsusdc,3943d7064d67f720bbe23bbb07275633fec12371e7b0967357a7fdddadf0ed88,42029,,,success,,,,4,,1.2780802666456612,-97.66220447193137,
347,20260318_202949_objectif_sur_neirousdc_1h_exploiter_l_as,C:\Users\o3-Pro\Documents\backtest_results\_builder_sessions\20260318_202949_objectif_sur_neirousdc_1h_exploiter_l_as\session_summary.json,C:\Users\o3-Pro\Documents\backtest_results\_builder_sessions\20260318_202949_objectif_sur_neirousdc_1h_exploiter_l_as,c5602bab2d1922ee06fba375d742c3418a5036b353186a81a603fc3da61bc709,8041,,,running,,,,1,,0.0,-26.0,
348,20260318_202957_strat_gie_de_breakout_sur_holousdc_15m_i,C:\Users\o3-Pro\Documents\backtest_results\_builder_sessions\20260318_202957_strat_gie_de_breakout_sur_holousdc_15m_i\session_summary.json,C:\Users\o3-Pro\Documents\backtest_results\_builder_sessions\20260318_202957_strat_gie_de_breakout_sur_holousdc_15m_i,d790005fb7ab54c60c240193fc7f9ecb821e5b06be896f227d96f2b1132e2d3c,17856,,,running,,,,2,,-20.0,-100.0,
349,20260318_203154_objectif_de_strat_gie_sur_vetusdc_1h_ind,C:\Users\o3-Pro\Documents\backtest_results\_builder_sessions\20260318_203154_objectif_de_strat_gie_sur_vetusdc_1h_ind\session_summary.json,C:\Users\o3-Pro\Documents\backtest_results\_builder_sessions\20260318_203154_objectif_de_strat_gie_sur_vetusdc_1h_ind,2977b0b35d703a1f04176a8f693616151fa6f8f63827d545d5716a752864020a,28556,,,running,,,,3,,0.0,-100.0,
350,20260318_203428_strat_gie_de_scalping_sur_opnusdc_4h_ind,C:\Users\o3-Pro\Documents\backtest_results\_builder_sessions\20260318_203428_strat_gie_de_scalping_sur_opnusdc_4h_ind\session_summary.json,C:\Users\o3-Pro\Documents\backtest_results\_builder_sessions\20260318_203428_strat_gie_de_scalping_sur_opnusdc_4h_ind,dedcb3f6e44774da6d94fed83b22ac2b0b1678127a1dba0955075f664cb82951,2097,,,failed,,,,1,,-inf,-inf,
351,20260318_203511_strat_gie_de_momentum_sur_hyperusdc_1h_i,C:\Users\o3-Pro\Documents\backtest_results\_builder_sessions\20260318_203511_strat_gie_de_momentum_sur_hyperusdc_1h_i\session_summary.json,C:\Users\o3-Pro\Documents\backtest_results\_builder_sessions\20260318_203511_strat_gie_de_momentum_sur_hyperusdc_1h_i,8b7fbbd949061e85f8dd877ad49086586847f12da1bbbc884c7048d8ceb71b9f,16495,,,running,,,,2,,0.0,-100.0,
352,20260318_203943_objectif_de_strat_gie_sur_omusdc_1h_indi,C:\Users\o3-Pro\Documents\backtest_results\_builder_sessions\20260318_203943_objectif_de_strat_gie_sur_omusdc_1h_indi\session_summary.json,C:\Users\o3-Pro\Documents\backtest_results\_builder_sessions\20260318_203943_objectif_de_strat_gie_sur_omusdc_1h_indi,65970c9bd81fcfc1720a0809117b0f168ba6dcad140889fe0251c7341a2ba112,10699,,,running,,,,1,,0.39785922616985975,-100.0,
353,20260318_204027_strat_gie_de_mean_reversion_sur_peopleus,C:\Users\o3-Pro\Documents\backtest_results\_builder_sessions\20260318_204027_strat_gie_de_mean_reversion_sur_peopleus\session_summary.json,C:\Users\o3-Pro\Documents\backtest_results\_builder_sessions\20260318_204027_strat_gie_de_mean_reversion_sur_peopleus,b8c020bdfaa19245f2757fde4594e7c174b42da9b6cbc3a6e5aab1dd8cf63257,10023,,,running,,,,1,,0.6874450253579103,46.3260684093582,
354,20260318_204414_strat_gie_de_regime_adaptatif_sur_skyusd,C:\Users\o3-Pro\Documents\backtest_results\_builder_sessions\20260318_204414_strat_gie_de_regime_adaptatif_sur_skyusd\session_summary.json,C:\Users\o3-Pro\Documents\backtest_results\_builder_sessions\20260318_204414_strat_gie_de_regime_adaptatif_sur_skyusd,6b594dc2efab5d388ddb8f6b35bc0d12520143d89e416ae4d66bf9f56948c1ee,39067,,,success,,,,4,,1.1012738890896188,-97.66220447193137,
355,20260318_204502_strat_gie_de_multi_factor_sur_luncusdc_1,C:\Users\o3-Pro\Documents\backtest_results\_builder_sessions\20260318_204502_strat_gie_de_multi_factor_sur_luncusdc_1\session_summary.json,C:\Users\o3-Pro\Documents\backtest_results\_builder_sessions\20260318_204502_strat_gie_de_multi_factor_sur_luncusdc_1,afe2eff81fb59aa1e56a8f07dd8ab1351ad3e1c21df18fed6954d24b5611a793,2084,,,failed,,,,1,,-inf,-inf,
356,20260318_204524_strat_gie_de_momentum_sur_neirousdc_5m_i,C:\Users\o3-Pro\Documents\backtest_results\_builder_sessions\20260318_204524_strat_gie_de_momentum_sur_neirousdc_5m_i\session_summary.json,C:\Users\o3-Pro\Documents\backtest_results\_builder_sessions\20260318_204524_strat_gie_de_momentum_sur_neirousdc_5m_i,1fbea210920abf027f3c6ab890f67250e47764ab343c0b79272b1a4a632b479c,2091,,,failed,,,,1,,-inf,-inf,
357,20260318_204547_strat_gie_de_breakout_sur_maticusdc_30m,C:\Users\o3-Pro\Documents\backtest_results\_builder_sessions\20260318_204547_strat_gie_de_breakout_sur_maticusdc_30m\session_summary.json,C:\Users\o3-Pro\Documents\backtest_results\_builder_sessions\20260318_204547_strat_gie_de_breakout_sur_maticusdc_30m,8e726a6aeab0363988233efc7d1985234038af94652d024bbaf0c42c6defbc25,24468,,,running,,,,2,,0.0,-100.0,
358,20260318_205138_objectif_de_strat_gie_sur_kiteusdc_1h_co,C:\Users\o3-Pro\Documents\backtest_results\_builder_sessions\20260318_205138_objectif_de_strat_gie_sur_kiteusdc_1h_co\session_summary.json,C:\Users\o3-Pro\Documents\backtest_results\_builder_sessions\20260318_205138_objectif_de_strat_gie_sur_kiteusdc_1h_co,44aa62dfdccb79f751d6808e18e2ab4ecdd4ad6f8602d649f99fd81f3e84b7b7,81820,,,max_iterations,,,,10,,0.9761653935474741,66.13841612292376,
359,20260318_205445_strat_gie_de_mean_reversion_sur_rareusdc,C:\Users\o3-Pro\Documents\backtest_results\_builder_sessions\20260318_205445_strat_gie_de_mean_reversion_sur_rareusdc\session_summary.json,C:\Users\o3-Pro\Documents\backtest_results\_builder_sessions\20260318_205445_strat_gie_de_mean_reversion_sur_rareusdc,94ed350795b5b70367363b61f37e0d39b06d3465915c4eaa09cccad5aea44dd2,3323,,,running,,,,1,,-inf,-inf,
360,20260318_205649_strat_gie_de_scalping_sur_opusdc_5m_indi,C:\Users\o3-Pro\Documents\backtest_results\_builder_sessions\20260318_205649_strat_gie_de_scalping_sur_opusdc_5m_indi\session_summary.json,C:\Users\o3-Pro\Documents\backtest_results\_builder_sessions\20260318_205649_strat_gie_de_scalping_sur_opusdc_5m_indi,fb062349dd52ddcfc3cfb8fffffb9d429363d9fb8fd257c46516fac064d579e6,19396,,,running,,,,2,,0.0,-100.0,
361,20260318_210128_strat_gie_de_momentum_sur_bchusdc_15m_in,C:\Users\o3-Pro\Documents\backtest_results\_builder_sessions\20260318_210128_strat_gie_de_momentum_sur_bchusdc_15m_in\session_summary.json,C:\Users\o3-Pro\Documents\backtest_results\_builder_sessions\20260318_210128_strat_gie_de_momentum_sur_bchusdc_15m_in,d66bbc5f73a96140d99e1a9fa8d8833b595f05e567eb1ac141626e01ddfd6d05,2055,,,failed,,,,1,,-inf,-inf,
362,20260318_210140_objectif_de_strat_gie_sur_polusdc_4h_ind,C:\Users\o3-Pro\Documents\backtest_results\_builder_sessions\20260318_210140_objectif_de_strat_gie_sur_polusdc_4h_ind\session_summary.json,C:\Users\o3-Pro\Documents\backtest_results\_builder_sessions\20260318_210140_objectif_de_strat_gie_sur_polusdc_4h_ind,79e1c21e4a7028d51904e4fca4a8f7a2b13cb7c808f3d0d7837143bb3c698a6f,10017,,,running,,,,1,,-20.0,-100.0,
363,20260318_210207_strat_gie_de_regime_adaptatif_sur_bomeus,C:\Users\o3-Pro\Documents\backtest_results\_builder_sessions\20260318_210207_strat_gie_de_regime_adaptatif_sur_bomeus\session_summary.json,C:\Users\o3-Pro\Documents\backtest_results\_builder_sessions\20260318_210207_strat_gie_de_regime_adaptatif_sur_bomeus,02497b01a8b26bbc159bca5f343e8f4f255f0289fec18cb7104f26f39edb61e6,12398,,,running,,,,1,,-20.0,-100.0,
364,20260318_210520_objectif_de_strat_gie_sur_gunusdc_4h_ind,C:\Users\o3-Pro\Documents\backtest_results\_builder_sessions\20260318_210520_objectif_de_strat_gie_sur_gunusdc_4h_ind\session_summary.json,C:\Users\o3-Pro\Documents\backtest_results\_builder_sessions\20260318_210520_objectif_de_strat_gie_sur_gunusdc_4h_ind,c071c1f4c838b6dbcd522b01302dcf779aea92b927b210ad6a1f4f28a518ee03,55024,,,success,,,,6,,1.146812070690658,82.4914500143823,
365,20260318_210552_strat_gie_de_multi_factor_sur_mavusdc_1h,C:\Users\o3-Pro\Documents\backtest_results\_builder_sessions\20260318_210552_strat_gie_de_multi_factor_sur_mavusdc_1h\session_summary.json,C:\Users\o3-Pro\Documents\backtest_results\_builder_sessions\20260318_210552_strat_gie_de_multi_factor_sur_mavusdc_1h,60349de48b76041ed7b975f1032c32650b369710bcab7b43b36d94ffe04afc4e,66959,,,failed,,,,6,,0.0,-73.44828836208804,
366,20260318_211657_objectif_sur_hiveusdc_30m_combiner_aroon,C:\Users\o3-Pro\Documents\backtest_results\_builder_sessions\20260318_211657_objectif_sur_hiveusdc_30m_combiner_aroon\session_summary.json,C:\Users\o3-Pro\Documents\backtest_results\_builder_sessions\20260318_211657_objectif_sur_hiveusdc_30m_combiner_aroon,a6f1ca389241afe0a6427b1453407027d4be718de54ff1e58cabf431c9c2f5d6,17422,,,running,,,,2,,0.0,-26.0,
367,20260318_211915_strat_gie_de_mean_reversion_sur_rareusdc,C:\Users\o3-Pro\Documents\backtest_results\_builder_sessions\20260318_211915_strat_gie_de_mean_reversion_sur_rareusdc\session_summary.json,C:\Users\o3-Pro\Documents\backtest_results\_builder_sessions\20260318_211915_strat_gie_de_mean_reversion_sur_rareusdc,0c76f13bdaa706b1e51d63195c41b26affc81a9a43f80d50fb6ab04e0b8c6355,30814,,,running,,,,3,,0.0,-100.0,
368,20260318_212331_objectif_de_strat_gie_sur_lunausdc_1h_in,C:\Users\o3-Pro\Documents\backtest_results\_builder_sessions\20260318_212331_objectif_de_strat_gie_sur_lunausdc_1h_in\session_summary.json,C:\Users\o3-Pro\Documents\backtest_results\_builder_sessions\20260318_212331_objectif_de_strat_gie_sur_lunausdc_1h_in,9850087b27a05f8aad25e518f48d1ca7c65e68712a2614def8a32ff59659fc97,9785,,,running,,,,1,,0.002316731483513101,-7.768310864180683,
369,20260318_212951_objectif_sur_steemusdc_4h_utiliser_une_c,C:\Users\o3-Pro\Documents\backtest_results\_builder_sessions\20260318_212951_objectif_sur_steemusdc_4h_utiliser_une_c\session_summary.json,C:\Users\o3-Pro\Documents\backtest_results\_builder_sessions\20260318_212951_objectif_sur_steemusdc_4h_utiliser_une_c,b4960c07b7432bfc7c2271112be1370e26536caee6d4a0a8fb21ca71e525bb71,80131,,,max_iterations,,,,10,,0.6191395094649379,69.07639957085328,
370,20260318_213033_strat_gie_de_scalping_sur_wusdc_1d_indic,C:\Users\o3-Pro\Documents\backtest_results\_builder_sessions\20260318_213033_strat_gie_de_scalping_sur_wusdc_1d_indic\session_summary.json,C:\Users\o3-Pro\Documents\backtest_results\_builder_sessions\20260318_213033_strat_gie_de_scalping_sur_wusdc_1d_indic,70fbf0a42d555dc3351cff09b128fd58818571877cc7cfaae7ce3f972ebe926d,2048,,,failed,,,,1,,-inf,-inf,
371,20260318_213059_strat_gie_de_trend_following_sur_zkcusdc,C:\Users\o3-Pro\Documents\backtest_results\_builder_sessions\20260318_213059_strat_gie_de_trend_following_sur_zkcusdc\session_summary.json,C:\Users\o3-Pro\Documents\backtest_results\_builder_sessions\20260318_213059_strat_gie_de_trend_following_sur_zkcusdc,3ac91749c4e5881b285e597f5cb80ce1e9802ca1c3f7ab2d60bf7001c6c77c68,84630,,,failed,,,,9,,0.5578668664190061,-96.82702599851068,
372,20260318_213719_objectif_de_strat_gie_sur_catiusdc_30m_i,C:\Users\o3-Pro\Documents\backtest_results\_builder_sessions\20260318_213719_objectif_de_strat_gie_sur_catiusdc_30m_i\session_summary.json,C:\Users\o3-Pro\Documents\backtest_results\_builder_sessions\20260318_213719_objectif_de_strat_gie_sur_catiusdc_30m_i,702bb573a47c5a87e48fb74f983a9808e5bfaeaff930dae884e9c443c7f51406,9904,,,running,,,,1,,-0.30125390382444994,-100.0,
373,20260318_214132_objectif_sur_rareusdc_1h_exploiter_une_d,C:\Users\o3-Pro\Documents\backtest_results\_builder_sessions\20260318_214132_objectif_sur_rareusdc_1h_exploiter_une_d\session_summary.json,C:\Users\o3-Pro\Documents\backtest_results\_builder_sessions\20260318_214132_objectif_sur_rareusdc_1h_exploiter_une_d,d7e6a29e95816e45a17178ccb302c72debc968776695a4cb61d8bbac3b164af3,62586,,,failed,,,,6,,0.0,-100.0,
374,20260318_214454_strat_gie_de_momentum_sur_turtleusdc_1h,C:\Users\o3-Pro\Documents\backtest_results\_builder_sessions\20260318_214454_strat_gie_de_momentum_sur_turtleusdc_1h\session_summary.json,C:\Users\o3-Pro\Documents\backtest_results\_builder_sessions\20260318_214454_strat_gie_de_momentum_sur_turtleusdc_1h,828025f1f364bf2b222172e62c580612a89fa53b694cad57e91cb1f0f5c31f0c,9306,,,running,,,,1,,-1.0783848231572668,-100.0,
375,20260318_215121_strat_gie_de_breakout_sur_robousdc_15m_i,C:\Users\o3-Pro\Documents\backtest_results\_builder_sessions\20260318_215121_strat_gie_de_breakout_sur_robousdc_15m_i\session_summary.json,C:\Users\o3-Pro\Documents\backtest_results\_builder_sessions\20260318_215121_strat_gie_de_breakout_sur_robousdc_15m_i,c239be90a001ee2b6af9c89c8e32dd6a27acf85a958df3123490170e77e0b3e6,2147,,,failed,,,,1,,-inf,-inf,
376,20260318_215153_strat_gie_de_mean_reversion_sur_robousdc,C:\Users\o3-Pro\Documents\backtest_results\_builder_sessions\20260318_215153_strat_gie_de_mean_reversion_sur_robousdc\session_summary.json,C:\Users\o3-Pro\Documents\backtest_results\_builder_sessions\20260318_215153_strat_gie_de_mean_reversion_sur_robousdc,a190154a0313f967561356c6bf2c5806a4fbe83a37dc8a7523e2ccd03e64e81e,2071,,,failed,,,,1,,-inf,-inf,
377,20260318_215217_strat_gie_de_multi_factor_sur_kaiausdc_1,C:\Users\o3-Pro\Documents\backtest_results\_builder_sessions\20260318_215217_strat_gie_de_multi_factor_sur_kaiausdc_1\session_summary.json,C:\Users\o3-Pro\Documents\backtest_results\_builder_sessions\20260318_215217_strat_gie_de_multi_factor_sur_kaiausdc_1,74d54c82e058a9cac0abc0de1faa75ef0c66ecff837e5ddb21c55f8b982446a9,10180,,,running,,,,1,,0.27860973074078105,-63.785303763181496,
378,20260318_215639_objectif_de_strat_gie_sur_sapienusdc_1d,C:\Users\o3-Pro\Documents\backtest_results\_builder_sessions\20260318_215639_objectif_de_strat_gie_sur_sapienusdc_1d\session_summary.json,C:\Users\o3-Pro\Documents\backtest_results\_builder_sessions\20260318_215639_objectif_de_strat_gie_sur_sapienusdc_1d,ef1ebf2d8f4014d93306058c3da0441fa6d7973e68aee8a6639fb10a6ba37647,2504,,,failed,,,,1,,-inf,-inf,
379,20260318_215706_strat_gie_de_trend_following_sur_mirausd,C:\Users\o3-Pro\Documents\backtest_results\_builder_sessions\20260318_215706_strat_gie_de_trend_following_sur_mirausd\session_summary.json,C:\Users\o3-Pro\Documents\backtest_results\_builder_sessions\20260318_215706_strat_gie_de_trend_following_sur_mirausd,5bfdf41aa063bf44fc61ad54437b186a80b5fe3ff9b36f7783adb2d525cc8fb4,3220,,,running,,,,1,,-inf,-inf,
380,20260318_215707_strat_gie_de_momentum_sur_zecusdc_30m_in,C:\Users\o3-Pro\Documents\backtest_results\_builder_sessions\20260318_215707_strat_gie_de_momentum_sur_zecusdc_30m_in\session_summary.json,C:\Users\o3-Pro\Documents\backtest_results\_builder_sessions\20260318_215707_strat_gie_de_momentum_sur_zecusdc_30m_in,0efaa6ea8c125d2159a10971af82da574a245614e96e387b9e131b2a78548181,24604,,,running,,,,3,,0.0,-100.0,
381,20260318_220035_strat_gie_de_scalping_sur_broccoli714usd,C:\Users\o3-Pro\Documents\backtest_results\_builder_sessions\20260318_220035_strat_gie_de_scalping_sur_broccoli714usd\session_summary.json,C:\Users\o3-Pro\Documents\backtest_results\_builder_sessions\20260318_220035_strat_gie_de_scalping_sur_broccoli714usd,7609dc0f8c2bd9e001a241272a2abc33452148375ce7b4a5b10c647a704a84e5,2109,,,failed,,,,1,,-inf,-inf,
382,20260318_220125_strat_gie_de_breakout_sur_morphousdc_1h,C:\Users\o3-Pro\Documents\backtest_results\_builder_sessions\20260318_220125_strat_gie_de_breakout_sur_morphousdc_1h\session_summary.json,C:\Users\o3-Pro\Documents\backtest_results\_builder_sessions\20260318_220125_strat_gie_de_breakout_sur_morphousdc_1h,ef42b853f2a2a208e8c3a12082397ef8610a7c34ed6c47045b64e85485293370,52865,,,running,,,,5,,0.0,-50.0,
383,20260318_220414_strat_gie_de_multi_factor_sur_lptusdc_4h,C:\Users\o3-Pro\Documents\backtest_results\_builder_sessions\20260318_220414_strat_gie_de_multi_factor_sur_lptusdc_4h\session_summary.json,C:\Users\o3-Pro\Documents\backtest_results\_builder_sessions\20260318_220414_strat_gie_de_multi_factor_sur_lptusdc_4h,51cd759f6102d29587735305bade74332851c39669d24d46ac5621f96da88ef3,10012,,,success,,,,1,,1.8174617904133243,100.0,
384,20260318_220657_objectif_de_strat_gie_sur_theusdc_4h_ind,C:\Users\o3-Pro\Documents\backtest_results\_builder_sessions\20260318_220657_objectif_de_strat_gie_sur_theusdc_4h_ind\session_summary.json,C:\Users\o3-Pro\Documents\backtest_results\_builder_sessions\20260318_220657_objectif_de_strat_gie_sur_theusdc_4h_ind,ee8354d0cd180c3215990e442749febd8aa935bb66adfb2d96dc1f2862816779,29265,,,success,,,,3,,1.6399296093265394,-100.0,
385,20260318_221540_strat_gie_de_trend_following_sur_omniusd,C:\Users\o3-Pro\Documents\backtest_results\_builder_sessions\20260318_221540_strat_gie_de_trend_following_sur_omniusd\session_summary.json,C:\Users\o3-Pro\Documents\backtest_results\_builder_sessions\20260318_221540_strat_gie_de_trend_following_sur_omniusd,3d3704034dab71be74f3b50f07f3175337df862ac4826c412246d53ed4540ed3,38919,,,running,,,,4,,0.5985323719279402,-26.0,
386,20260318_221617_objectif_de_strat_gie_sur_fluxusdc_1h_ex,C:\Users\o3-Pro\Documents\backtest_results\_builder_sessions\20260318_221617_objectif_de_strat_gie_sur_fluxusdc_1h_ex\session_summary.json,C:\Users\o3-Pro\Documents\backtest_results\_builder_sessions\20260318_221617_objectif_de_strat_gie_sur_fluxusdc_1h_ex,a0da988035b83c261a29294829bc196abd54ae1d04b04da86d8285c99a067b17,77296,,,max_iterations,,,,10,,0.8782851198176981,70.42864719081544,
387,20260318_222352_strat_gie_de_momentum_sur_cakeusdc_1h_in,C:\Users\o3-Pro\Documents\backtest_results\_builder_sessions\20260318_222352_strat_gie_de_momentum_sur_cakeusdc_1h_in\session_summary.json,C:\Users\o3-Pro\Documents\backtest_results\_builder_sessions\20260318_222352_strat_gie_de_momentum_sur_cakeusdc_1h_in,02478164e900672f41a8c63c4f206df08def7d72b2136faa97e3cf5c660f60dc,9801,,,running,,,,1,,-20.0,-100.0,
388,20260318_222602_objectif_sur_umausdc_1h_utilise_un_filtr,C:\Users\o3-Pro\Documents\backtest_results\_builder_sessions\20260318_222602_objectif_sur_umausdc_1h_utilise_un_filtr\session_summary.json,C:\Users\o3-Pro\Documents\backtest_results\_builder_sessions\20260318_222602_objectif_sur_umausdc_1h_utilise_un_filtr,c533ada057243b6a1d202d71f6ee370dc2ccbbe549d63612193edf6a19e578ef,13025,,,running,,,,1,,-0.9255737923367015,-100.0,
389,20260318_222632_strat_gie_de_mean_reversion_sur_pepeusdc,C:\Users\o3-Pro\Documents\backtest_results\_builder_sessions\20260318_222632_strat_gie_de_mean_reversion_sur_pepeusdc\session_summary.json,C:\Users\o3-Pro\Documents\backtest_results\_builder_sessions\20260318_222632_strat_gie_de_mean_reversion_sur_pepeusdc,ffd10402caa1509a73e6c5de905ac53e39a48c626155637e385ac7124057581c,2115,,,failed,,,,1,,-inf,-inf,
390,20260318_222656_strat_gie_de_breakout_sur_roseusdc_1d_in,C:\Users\o3-Pro\Documents\backtest_results\_builder_sessions\20260318_222656_strat_gie_de_breakout_sur_roseusdc_1d_in\session_summary.json,C:\Users\o3-Pro\Documents\backtest_results\_builder_sessions\20260318_222656_strat_gie_de_breakout_sur_roseusdc_1d_in,278b44244654d36ff8774ef07cba2de1e00d2a9f8ce1e2b8630ac8ebf9b8ce56,2126,,,failed,,,,1,,-inf,-inf,
391,20260318_222822_objectif_de_strat_gie_sur_btcusdc_1h_ind,C:\Users\o3-Pro\Documents\backtest_results\_builder_sessions\20260318_222822_objectif_de_strat_gie_sur_btcusdc_1h_ind\session_summary.json,C:\Users\o3-Pro\Documents\backtest_results\_builder_sessions\20260318_222822_objectif_de_strat_gie_sur_btcusdc_1h_ind,18e63982a4acff8909cc0db813f1fb07fdde6e166f864a460421f0b025062f57,47178,,,running,,,,5,,0.0,-100.0,
392,20260318_222907_strat_gie_de_scalping_sur_resolvusdc_15m,C:\Users\o3-Pro\Documents\backtest_results\_builder_sessions\20260318_222907_strat_gie_de_scalping_sur_resolvusdc_15m\session_summary.json,C:\Users\o3-Pro\Documents\backtest_results\_builder_sessions\20260318_222907_strat_gie_de_scalping_sur_resolvusdc_15m,7a5e978a2cae1a585748f42135131b7eac5edcf1a9bcbb6de125e9c22d87c57b,47386,,,running,,,,5,,0.0,-100.0,
393,20260318_223936_strat_gie_de_momentum_sur_api3usdc_1h_in,C:\Users\o3-Pro\Documents\backtest_results\_builder_sessions\20260318_223936_strat_gie_de_momentum_sur_api3usdc_1h_in\session_summary.json,C:\Users\o3-Pro\Documents\backtest_results\_builder_sessions\20260318_223936_strat_gie_de_momentum_sur_api3usdc_1h_in,0ee09f4be509a9a38df1dd3069b7df1b76c19f249c39c215d74f8ee7e36d6c27,2089,,,failed,,,,1,,-inf,-inf,
394,20260318_224036_sur_zkpusdc_4h_indicateurs_directional_b,C:\Users\o3-Pro\Documents\backtest_results\_builder_sessions\20260318_224036_sur_zkpusdc_4h_indicateurs_directional_b\session_summary.json,C:\Users\o3-Pro\Documents\backtest_results\_builder_sessions\20260318_224036_sur_zkpusdc_4h_indicateurs_directional_b,aac928b3646a6f30ea5073acd00255cc0d3f19dfe602c3bcc2a285662d474b01,78643,,,max_iterations,,,,10,,0.9155461807620873,48.16207281265468,
395,20260318_224112_strat_gie_de_multi_factor_sur_galausdc_1,C:\Users\o3-Pro\Documents\backtest_results\_builder_sessions\20260318_224112_strat_gie_de_multi_factor_sur_galausdc_1\session_summary.json,C:\Users\o3-Pro\Documents\backtest_results\_builder_sessions\20260318_224112_strat_gie_de_multi_factor_sur_galausdc_1,67b7c8a6549051e3481b7b62359eb0f72bc22f9caff96b7293ed50044ccb7575,28658,,,running,,,,3,,0.0,-100.0,
396,20260318_224737_strat_gie_de_trend_following_sur_omniusd,C:\Users\o3-Pro\Documents\backtest_results\_builder_sessions\20260318_224737_strat_gie_de_trend_following_sur_omniusd\session_summary.json,C:\Users\o3-Pro\Documents\backtest_results\_builder_sessions\20260318_224737_strat_gie_de_trend_following_sur_omniusd,0867be8d3890e174c4a63344beeda741f36ce306171c7a06f08a06bc1330f24a,7973,,,running,,,,1,,0.0,-26.0,
397,20260318_224947_objectif_sur_euriusdc_4h_exploiter_l_asy,C:\Users\o3-Pro\Documents\backtest_results\_builder_sessions\20260318_224947_objectif_sur_euriusdc_4h_exploiter_l_asy\session_summary.json,C:\Users\o3-Pro\Documents\backtest_results\_builder_sessions\20260318_224947_objectif_sur_euriusdc_4h_exploiter_l_asy,cb3987cbec522cfbe5cf06ef96e87cdf5ec16bfa872c2d971565e88d0a02e1ef,38003,,,running,,,,4,,0.0,-100.0,
398,20260318_225014_strat_gie_de_breakout_sur_trxusdc_4h_ind,C:\Users\o3-Pro\Documents\backtest_results\_builder_sessions\20260318_225014_strat_gie_de_breakout_sur_trxusdc_4h_ind\session_summary.json,C:\Users\o3-Pro\Documents\backtest_results\_builder_sessions\20260318_225014_strat_gie_de_breakout_sur_trxusdc_4h_ind,23a3ca23a2cd6261d9c42ef79e8dcfdc7d5f401ea2a50d6cd6fbf512f8f3da04,2110,,,failed,,,,1,,-inf,-inf,
399,20260318_225059_strat_gie_de_scalping_sur_cyberusdc_5m_i,C:\Users\o3-Pro\Documents\backtest_results\_builder_sessions\20260318_225059_strat_gie_de_scalping_sur_cyberusdc_5m_i\session_summary.json,C:\Users\o3-Pro\Documents\backtest_results\_builder_sessions\20260318_225059_strat_gie_de_scalping_sur_cyberusdc_5m_i,d540012533908da3d76dc30a85de17e696227e04f353e4b5d7dfb973c1cc7f51,66188,,,failed,,,,6,,0.0,-100.0,
400,20260318_225819_objectif_de_strat_gie_sur_stousdc_1h_ind,C:\Users\o3-Pro\Documents\backtest_results\_builder_sessions\20260318_225819_objectif_de_strat_gie_sur_stousdc_1h_ind\session_summary.json,C:\Users\o3-Pro\Documents\backtest_results\_builder_sessions\20260318_225819_objectif_de_strat_gie_sur_stousdc_1h_ind,8689670f62b5cff02fbc708e031b0f495e332d1c2adbca0f28610ebb87724a51,27678,,,running,,,,3,,0.12187813083705584,-78.45805460281223,
401,20260318_230231_strat_gie_de_multi_factor_sur_stousdc_1h,C:\Users\o3-Pro\Documents\backtest_results\_builder_sessions\20260318_230231_strat_gie_de_multi_factor_sur_stousdc_1h\session_summary.json,C:\Users\o3-Pro\Documents\backtest_results\_builder_sessions\20260318_230231_strat_gie_de_multi_factor_sur_stousdc_1h,2e3e1b970cc4d24a2e7bd40b59445b1a9d214555f618dfa9800e0a536c93f16c,62476,,,failed,,,,6,,0.12187813083705584,-26.0,
402,20260318_230909_objectif_de_strat_gie_sur_ensusdc_1h_ind,C:\Users\o3-Pro\Documents\backtest_results\_builder_sessions\20260318_230909_objectif_de_strat_gie_sur_ensusdc_1h_ind\session_summary.json,C:\Users\o3-Pro\Documents\backtest_results\_builder_sessions\20260318_230909_objectif_de_strat_gie_sur_ensusdc_1h_ind,87544d71663e07856bd5e022460d8f358d6d187d07ee410940018c60e982917f,38918,,,running,,,,4,,-20.0,-100.0,
403,20260318_231718_strat_gie_de_momentum_sur_lunausdc_1d_in,C:\Users\o3-Pro\Documents\backtest_results\_builder_sessions\20260318_231718_strat_gie_de_momentum_sur_lunausdc_1d_in\session_summary.json,C:\Users\o3-Pro\Documents\backtest_results\_builder_sessions\20260318_231718_strat_gie_de_momentum_sur_lunausdc_1d_in,b69cb86f6ed885a2eec395f7282020bd3db996ccbbe72081c5916e0d737fecd8,2056,,,failed,,,,1,,-inf,-inf,
404,20260318_231752_strat_gie_de_regime_adaptatif_sur_a2zusd,C:\Users\o3-Pro\Documents\backtest_results\_builder_sessions\20260318_231752_strat_gie_de_regime_adaptatif_sur_a2zusd\session_summary.json,C:\Users\o3-Pro\Documents\backtest_results\_builder_sessions\20260318_231752_strat_gie_de_regime_adaptatif_sur_a2zusd,e0da1e3be01843f55990a6d5f4d4268156360ff402580a30ae21c997b1320f81,2062,,,failed,,,,1,,-inf,-inf,
405,20260318_231842_strat_gie_de_breakout_sur_enjusdc_1h_ind,C:\Users\o3-Pro\Documents\backtest_results\_builder_sessions\20260318_231842_strat_gie_de_breakout_sur_enjusdc_1h_ind\session_summary.json,C:\Users\o3-Pro\Documents\backtest_results\_builder_sessions\20260318_231842_strat_gie_de_breakout_sur_enjusdc_1h_ind,be1c6759b16dd50588b95ccf667b32e420e93c32522c60aa52da9d03536f9be2,11544,,,running,,,,1,,-1.948557816028077,-100.0,
406,20260318_231940_strat_gie_de_multi_factor_sur_uniusdc_1h,C:\Users\o3-Pro\Documents\backtest_results\_builder_sessions\20260318_231940_strat_gie_de_multi_factor_sur_uniusdc_1h\session_summary.json,C:\Users\o3-Pro\Documents\backtest_results\_builder_sessions\20260318_231940_strat_gie_de_multi_factor_sur_uniusdc_1h,f17abb27f6a53b536be3771c19172863c741d4f3c4f19c48e64627541b3b380f,64587,,,failed,,,,6,,0.0,-100.0,
407,20260318_232155_strat_gie_de_mean_reversion_sur_sapienus,C:\Users\o3-Pro\Documents\backtest_results\_builder_sessions\20260318_232155_strat_gie_de_mean_reversion_sur_sapienus\session_summary.json,C:\Users\o3-Pro\Documents\backtest_results\_builder_sessions\20260318_232155_strat_gie_de_mean_reversion_sur_sapienus,8c8412b79df117f280b60314a352d95086a63a388486d83921abfab7a43dcacc,76887,,,max_iterations,,,,10,,1.0148242776589818,69.96441381948455,
408,20260318_233031_strat_gie_de_scalping_sur_opnusdc_5m_ind,C:\Users\o3-Pro\Documents\backtest_results\_builder_sessions\20260318_233031_strat_gie_de_scalping_sur_opnusdc_5m_ind\session_summary.json,C:\Users\o3-Pro\Documents\backtest_results\_builder_sessions\20260318_233031_strat_gie_de_scalping_sur_opnusdc_5m_ind,db560edd936db280f7c0aad229507f789622febaf4aa7aac0ad8dbeec43ba093,2118,,,failed,,,,1,,-inf,-inf,
409,20260318_233245_objectif_sur_luncusdc_1h_appliquer_une_s,C:\Users\o3-Pro\Documents\backtest_results\_builder_sessions\20260318_233245_objectif_sur_luncusdc_1h_appliquer_une_s\session_summary.json,C:\Users\o3-Pro\Documents\backtest_results\_builder_sessions\20260318_233245_objectif_sur_luncusdc_1h_appliquer_une_s,23a7c78e21a4b2fa665e66b3665e3ab964953c9d064d042a3d9a8e945ba58445,80093,,,max_iterations,,,,10,,0.6151007377277489,32.9831841445436,
410,20260318_233325_objectif_sur_adausdc_1d_indicateurs_atr,C:\Users\o3-Pro\Documents\backtest_results\_builder_sessions\20260318_233325_objectif_sur_adausdc_1d_indicateurs_atr\session_summary.json,C:\Users\o3-Pro\Documents\backtest_results\_builder_sessions\20260318_233325_objectif_sur_adausdc_1d_indicateurs_atr,e4dab5fcbec5c81b6a73108bff44d054b3ff24d68e2cd56f831884e940a02e67,16495,,,running,,,,2,,0.0,-100.0,
411,20260318_233953_objectif_de_strat_gie_sur_broccoli714usd,C:\Users\o3-Pro\Documents\backtest_results\_builder_sessions\20260318_233953_objectif_de_strat_gie_sur_broccoli714usd\session_summary.json,C:\Users\o3-Pro\Documents\backtest_results\_builder_sessions\20260318_233953_objectif_de_strat_gie_sur_broccoli714usd,1df3ed3d8c297fb84ab5e42cbb2c494b714d2618606c5a97bda31e7396793556,17864,,,running,,,,2,,0.0,-100.0,
412,20260318_234234_objectif_de_strat_gie_sur_maticusdc_4h_i,C:\Users\o3-Pro\Documents\backtest_results\_builder_sessions\20260318_234234_objectif_de_strat_gie_sur_maticusdc_4h_i\session_summary.json,C:\Users\o3-Pro\Documents\backtest_results\_builder_sessions\20260318_234234_objectif_de_strat_gie_sur_maticusdc_4h_i,0bbb35002b2854fde511a3584f55460a5f0ccfca5c6e121e100fe7105c9314e1,18015,,,running,,,,2,,0.23061992367408402,14.986394830040974,
413,20260318_234504_strat_gie_de_breakout_sur_sklusdc_1d_ind,C:\Users\o3-Pro\Documents\backtest_results\_builder_sessions\20260318_234504_strat_gie_de_breakout_sur_sklusdc_1d_ind\session_summary.json,C:\Users\o3-Pro\Documents\backtest_results\_builder_sessions\20260318_234504_strat_gie_de_breakout_sur_sklusdc_1d_ind,7fff97dfbb4c01d6486ea10a9ff0de1606acb0391ec0d59b07864e698e2d6457,2101,,,failed,,,,1,,-inf,-inf,
414,20260318_234540_strat_gie_de_regime_adaptatif_sur_grtusd,C:\Users\o3-Pro\Documents\backtest_results\_builder_sessions\20260318_234540_strat_gie_de_regime_adaptatif_sur_grtusd\session_summary.json,C:\Users\o3-Pro\Documents\backtest_results\_builder_sessions\20260318_234540_strat_gie_de_regime_adaptatif_sur_grtusd,38c274bbbf0b9de9423fb7a4198e0361a26bcec191006f98b717c790c7dac5d9,2060,,,failed,,,,1,,-inf,-inf,
415,20260318_234602_strat_gie_de_mean_reversion_sur_hbarusdc,C:\Users\o3-Pro\Documents\backtest_results\_builder_sessions\20260318_234602_strat_gie_de_mean_reversion_sur_hbarusdc\session_summary.json,C:\Users\o3-Pro\Documents\backtest_results\_builder_sessions\20260318_234602_strat_gie_de_mean_reversion_sur_hbarusdc,f84c2b5425a73facb1517d9e711a2a1aca02bd6852cd2b7b51103725338eed63,94229,,,failed,,,,9,,0.6792942348803798,-26.0,
416,20260318_234937_objectif_de_strat_gie_sur_lskusdc_30m_in,C:\Users\o3-Pro\Documents\backtest_results\_builder_sessions\20260318_234937_objectif_de_strat_gie_sur_lskusdc_30m_in\session_summary.json,C:\Users\o3-Pro\Documents\backtest_results\_builder_sessions\20260318_234937_objectif_de_strat_gie_sur_lskusdc_30m_in,62f632860f34a38ec6b4e171c7c216d519da5a2a3eeea8e04541766191db6a07,80815,,,max_iterations,,,,10,,0.8596179509348053,74.70689469188738,
417,20260318_235922_objectif_de_strat_gie_sur_cowusdc_1h_ind,C:\Users\o3-Pro\Documents\backtest_results\_builder_sessions\20260318_235922_objectif_de_strat_gie_sur_cowusdc_1h_ind\session_summary.json,C:\Users\o3-Pro\Documents\backtest_results\_builder_sessions\20260318_235922_objectif_de_strat_gie_sur_cowusdc_1h_ind,43305d25b35f059d17f597083e7ba3953db295aadb08c8da257e6a7427644a7a,23120,,,running,,,,2,,0.2081359890480651,-49.642561576627095,
418,20260319_000113_strat_gie_de_multi_factor_sur_apeusdc_4h,C:\Users\o3-Pro\Documents\backtest_results\_builder_sessions\20260319_000113_strat_gie_de_multi_factor_sur_apeusdc_4h\session_summary.json,C:\Users\o3-Pro\Documents\backtest_results\_builder_sessions\20260319_000113_strat_gie_de_multi_factor_sur_apeusdc_4h,9b0f65b7b97f36afc51075a5f037062455b4a8185c8ac6463df439445d59ceff,45358,,,running,,,,4,,0.38054260296605535,-50.0,
419,20260319_000531_objectif_de_strat_gie_sur_dashusdc_4h_in,C:\Users\o3-Pro\Documents\backtest_results\_builder_sessions\20260319_000531_objectif_de_strat_gie_sur_dashusdc_4h_in\session_summary.json,C:\Users\o3-Pro\Documents\backtest_results\_builder_sessions\20260319_000531_objectif_de_strat_gie_sur_dashusdc_4h_in,17b664c4f08cd843e6d084bcba958a07eafab4e3bb9122e6f22616799be7ec50,51354,,,success,,,,5,,1.4394635463480983,-26.0,
420,20260319_001109_strat_gie_de_breakout_sur_pepeusdc_1d_in,C:\Users\o3-Pro\Documents\backtest_results\_builder_sessions\20260319_001109_strat_gie_de_breakout_sur_pepeusdc_1d_in\session_summary.json,C:\Users\o3-Pro\Documents\backtest_results\_builder_sessions\20260319_001109_strat_gie_de_breakout_sur_pepeusdc_1d_in,0efa7002621a227e3bb097f7d9cc70ab3f81eaaae66af46c525f7e73e35add59,2123,,,failed,,,,1,,-inf,-inf,
421,20260319_001353_strat_gie_de_scalping_sur_memeusdc_5m_in,C:\Users\o3-Pro\Documents\backtest_results\_builder_sessions\20260319_001353_strat_gie_de_scalping_sur_memeusdc_5m_in\session_summary.json,C:\Users\o3-Pro\Documents\backtest_results\_builder_sessions\20260319_001353_strat_gie_de_scalping_sur_memeusdc_5m_in,bf1292027c47f1ab1fe546aedaf46aef77edbde26e9232aa156432d255598af3,11411,,,running,,,,1,,0.0,-50.0,
422,20260319_001431_objectif_de_strat_gie_sur_pythusdc_5m_in,C:\Users\o3-Pro\Documents\backtest_results\_builder_sessions\20260319_001431_objectif_de_strat_gie_sur_pythusdc_5m_in\session_summary.json,C:\Users\o3-Pro\Documents\backtest_results\_builder_sessions\20260319_001431_objectif_de_strat_gie_sur_pythusdc_5m_in,abcbd87d95ebd448b37b41463ceead9359f31d9b30b227ec6b506cfd13a88770,24134,,,running,,,,3,,0.0,-100.0,
423,20260319_001914_strat_gie_de_breakout_sur_gunusdc_5m_ind,C:\Users\o3-Pro\Documents\backtest_results\_builder_sessions\20260319_001914_strat_gie_de_breakout_sur_gunusdc_5m_ind\session_summary.json,C:\Users\o3-Pro\Documents\backtest_results\_builder_sessions\20260319_001914_strat_gie_de_breakout_sur_gunusdc_5m_ind,6acefc4f53d1c2da520639f9153960c1ad64361c14c8ea848bcad3174c5cf8b4,2068,,,failed,,,,1,,-inf,-inf,
424,20260319_001944_strat_gie_de_multi_factor_sur_yggusdc_4h,C:\Users\o3-Pro\Documents\backtest_results\_builder_sessions\20260319_001944_strat_gie_de_multi_factor_sur_yggusdc_4h\session_summary.json,C:\Users\o3-Pro\Documents\backtest_results\_builder_sessions\20260319_001944_strat_gie_de_multi_factor_sur_yggusdc_4h,a13f68a29b9f66b2e57e73dc70b5f1abe669cdf7779246534ea8042f79c71b1b,37077,,,running,,,,4,,0.7337670391851137,-26.0,
425,20260319_001945_objectif_sur_trumpusdc_30m_indicateurs_a,C:\Users\o3-Pro\Documents\backtest_results\_builder_sessions\20260319_001945_objectif_sur_trumpusdc_30m_indicateurs_a\session_summary.json,C:\Users\o3-Pro\Documents\backtest_results\_builder_sessions\20260319_001945_objectif_sur_trumpusdc_30m_indicateurs_a,53e8eb6cf84d182be196badc248b6d57504b9f69ffd33fdace55b9b7eafe4843,13045,,,running,,,,1,,-20.0,-100.0,
426,20260319_002851_objectif_de_strat_gie_sur_maticusdc_1h_i,C:\Users\o3-Pro\Documents\backtest_results\_builder_sessions\20260319_002851_objectif_de_strat_gie_sur_maticusdc_1h_i\session_summary.json,C:\Users\o3-Pro\Documents\backtest_results\_builder_sessions\20260319_002851_objectif_de_strat_gie_sur_maticusdc_1h_i,9a1bf48a7faafe3ff4cf7d7a8b854f327b72f1321b15ace8452a810d67fb923c,13062,,,running,,,,1,,-1.8952747612610914,-100.0,
427,20260319_003002_strat_gie_de_momentum_sur_vetusdc_1h_ind,C:\Users\o3-Pro\Documents\backtest_results\_builder_sessions\20260319_003002_strat_gie_de_momentum_sur_vetusdc_1h_ind\session_summary.json,C:\Users\o3-Pro\Documents\backtest_results\_builder_sessions\20260319_003002_strat_gie_de_momentum_sur_vetusdc_1h_ind,da7c07f8cd1d53265b8b310268c6331d017f059458f40a2273aeedebe6edb102,30903,,,running,,,,3,,0.0,-100.0,
428,20260319_003401_strat_gie_de_scalping_sur_sagausdc_5m_in,C:\Users\o3-Pro\Documents\backtest_results\_builder_sessions\20260319_003401_strat_gie_de_scalping_sur_sagausdc_5m_in\session_summary.json,C:\Users\o3-Pro\Documents\backtest_results\_builder_sessions\20260319_003401_strat_gie_de_scalping_sur_sagausdc_5m_in,0dc5106e3bc44034e7a51341b14bcda6c2c380906425eae2395375b4e4712ff1,47922,,,running,,,,5,,0.0,-100.0,
429,20260319_004351_strat_gie_de_breakout_sur_neirousdc_1w_i,C:\Users\o3-Pro\Documents\backtest_results\_builder_sessions\20260319_004351_strat_gie_de_breakout_sur_neirousdc_1w_i\session_summary.json,C:\Users\o3-Pro\Documents\backtest_results\_builder_sessions\20260319_004351_strat_gie_de_breakout_sur_neirousdc_1w_i,57206c77f306dda18cc9017824ef19468180025072e2299522a35aaf74d253cc,2131,,,failed,,,,1,,-inf,-inf,
430,20260319_004420_strat_gie_de_momentum_sur_atusdc_1h_indi,C:\Users\o3-Pro\Documents\backtest_results\_builder_sessions\20260319_004420_strat_gie_de_momentum_sur_atusdc_1h_indi\session_summary.json,C:\Users\o3-Pro\Documents\backtest_results\_builder_sessions\20260319_004420_strat_gie_de_momentum_sur_atusdc_1h_indi,3140e5ef23cdb4bcb44d030c5ff8097791b9af3059c640b8bcf0c8ccb6a31d82,17103,,,success,,,,2,,1.7476916096498063,-100.0,
431,20260319_004720_strat_gie_de_multi_factor_sur_neousdc_4h,C:\Users\o3-Pro\Documents\backtest_results\_builder_sessions\20260319_004720_strat_gie_de_multi_factor_sur_neousdc_4h\session_summary.json,C:\Users\o3-Pro\Documents\backtest_results\_builder_sessions\20260319_004720_strat_gie_de_multi_factor_sur_neousdc_4h,59abf49ac49f17309985311337c1cbded5b07eeafb406a739c76d49e93b7cb21,54129,,,running,,,,7,,0.5444064435419875,56.30437906724063,
432,20260319_004822_objectif_sur_taousdc_30m_exploiter_une_a,C:\Users\o3-Pro\Documents\backtest_results\_builder_sessions\20260319_004822_objectif_sur_taousdc_30m_exploiter_une_a\session_summary.json,C:\Users\o3-Pro\Documents\backtest_results\_builder_sessions\20260319_004822_objectif_sur_taousdc_30m_exploiter_une_a,cc4d211e75a4040a71c7fe300a964e41c24571f0185a54f4b25cbcf3a5a57be2,64054,,,failed,,,,6,,0.0,-100.0,
433,20260319_005715_strat_gie_de_scalping_sur_crvusdc_1h_ind,C:\Users\o3-Pro\Documents\backtest_results\_builder_sessions\20260319_005715_strat_gie_de_scalping_sur_crvusdc_1h_ind\session_summary.json,C:\Users\o3-Pro\Documents\backtest_results\_builder_sessions\20260319_005715_strat_gie_de_scalping_sur_crvusdc_1h_ind,01ac0fa021745ff930da8f8189d76c0580028ca5326f081afe24bd3474eb6aa2,12267,,,running,,,,1,,-20.0,-100.0,
434,20260319_010136_objectif_de_strat_gie_sur_bomeusdc_1h_in,C:\Users\o3-Pro\Documents\backtest_results\_builder_sessions\20260319_010136_objectif_de_strat_gie_sur_bomeusdc_1h_in\session_summary.json,C:\Users\o3-Pro\Documents\backtest_results\_builder_sessions\20260319_010136_objectif_de_strat_gie_sur_bomeusdc_1h_in,224e908b8f9fe60256791d5db6787f1a29f9724fb2a7414e338930f6fa8b28f2,13162,,,running,,,,1,,0.1667700377192544,-59.80779036039547,
435,20260319_010207_strat_gie_de_mean_reversion_sur_rayusdc,C:\Users\o3-Pro\Documents\backtest_results\_builder_sessions\20260319_010207_strat_gie_de_mean_reversion_sur_rayusdc\session_summary.json,C:\Users\o3-Pro\Documents\backtest_results\_builder_sessions\20260319_010207_strat_gie_de_mean_reversion_sur_rayusdc,b62afae836aaef366905cc86a012900e0885e3588470a2b4ae50fbde6ac2354a,45879,,,success,,,,5,,1.1012738890896188,-50.0,
436,20260319_010422_objectif_d_tection_d_asym_trie_volatilit,C:\Users\o3-Pro\Documents\backtest_results\_builder_sessions\20260319_010422_objectif_d_tection_d_asym_trie_volatilit\session_summary.json,C:\Users\o3-Pro\Documents\backtest_results\_builder_sessions\20260319_010422_objectif_d_tection_d_asym_trie_volatilit,1d5f1037666def11db41714d9f51d98f92d9ec1879cd6a589d80cc9e66b06bb4,17152,,,running,,,,2,,0.0,-26.0,
437,20260319_011132_objectif_de_strat_gie_sur_gunusdc_4h_ind,C:\Users\o3-Pro\Documents\backtest_results\_builder_sessions\20260319_011132_objectif_de_strat_gie_sur_gunusdc_4h_ind\session_summary.json,C:\Users\o3-Pro\Documents\backtest_results\_builder_sessions\20260319_011132_objectif_de_strat_gie_sur_gunusdc_4h_ind,32fba858e1fb7d76998bf67e9ea4fb729d5c3f0521620e528cb369bd334ef107,58476,,,running,,,,6,,1.146812070690658,82.4914500143823,
438,20260319_011316_objectif_sur_zbtusdc_1d_exploiter_la_div,C:\Users\o3-Pro\Documents\backtest_results\_builder_sessions\20260319_011316_objectif_sur_zbtusdc_1d_exploiter_la_div\session_summary.json,C:\Users\o3-Pro\Documents\backtest_results\_builder_sessions\20260319_011316_objectif_sur_zbtusdc_1d_exploiter_la_div,d3e75f0b6063865117f277686d3e760cbb8db1d2c4c11c37cec239e6071c7529,2579,,,failed,,,,1,,-inf,-inf,
439,20260319_011800_objectif_de_strat_gie_sur_xtzusdc_1h_ind,C:\Users\o3-Pro\Documents\backtest_results\_builder_sessions\20260319_011800_objectif_de_strat_gie_sur_xtzusdc_1h_ind\session_summary.json,C:\Users\o3-Pro\Documents\backtest_results\_builder_sessions\20260319_011800_objectif_de_strat_gie_sur_xtzusdc_1h_ind,9fef21260681730ece593b4d4e7a894ef8c3f439cde4fa9f39aac8b507a67db9,46637,,,running,,,,5,,0.0,-100.0,
440,20260319_012241_strat_gie_de_trend_following_sur_dashusd,C:\Users\o3-Pro\Documents\backtest_results\_builder_sessions\20260319_012241_strat_gie_de_trend_following_sur_dashusd\session_summary.json,C:\Users\o3-Pro\Documents\backtest_results\_builder_sessions\20260319_012241_strat_gie_de_trend_following_sur_dashusd,09e3890b0e6446e6a3cdcbdd2e8f666e388a7eff9bf843a4f2bee17b9097ab96,2082,,,failed,,,,1,,-inf,-inf,
441,20260319_012315_strat_gie_de_multi_factor_sur_taousdc_1h,C:\Users\o3-Pro\Documents\backtest_results\_builder_sessions\20260319_012315_strat_gie_de_multi_factor_sur_taousdc_1h\session_summary.json,C:\Users\o3-Pro\Documents\backtest_results\_builder_sessions\20260319_012315_strat_gie_de_multi_factor_sur_taousdc_1h,dd34c1ab42b30bde136f6f6e2973a9c55276ea68c36c7658dbea40d4797f4779,12352,,,running,,,,1,,-20.0,-100.0,
442,20260319_012727_strat_gie_de_scalping_sur_jtousdc_5m_ind,C:\Users\o3-Pro\Documents\backtest_results\_builder_sessions\20260319_012727_strat_gie_de_scalping_sur_jtousdc_5m_ind\session_summary.json,C:\Users\o3-Pro\Documents\backtest_results\_builder_sessions\20260319_012727_strat_gie_de_scalping_sur_jtousdc_5m_ind,81d57ba29ab70969514c9c706e1b1003bbde87ac3891ffd5125d518eca5c7b7b,23086,,,running,,,,2,,-20.0,-100.0,
443,20260319_012959_strat_gie_de_mean_reversion_sur_theusdc,C:\Users\o3-Pro\Documents\backtest_results\_builder_sessions\20260319_012959_strat_gie_de_mean_reversion_sur_theusdc\session_summary.json,C:\Users\o3-Pro\Documents\backtest_results\_builder_sessions\20260319_012959_strat_gie_de_mean_reversion_sur_theusdc,131095c7de6af29b2d30061fc05392508d7777cdd91d4a854ca9d13763864b3b,78549,,,failed,,,,10,,2.0062943895482963,100.0,
444,20260319_013222_strat_gie_de_momentum_sur_grtusdc_4h_ind,C:\Users\o3-Pro\Documents\backtest_results\_builder_sessions\20260319_013222_strat_gie_de_momentum_sur_grtusdc_4h_ind\session_summary.json,C:\Users\o3-Pro\Documents\backtest_results\_builder_sessions\20260319_013222_strat_gie_de_momentum_sur_grtusdc_4h_ind,6eb8d7461b349f6dc15fefaeff0f3098c3e01175ca6a2cc0b015ac7b367de550,49643,,,running,,,,6,,0.6063395600053051,54.03774970026877,
445,20260319_013911_strat_gie_de_multi_factor_sur_dotusdc_1h,C:\Users\o3-Pro\Documents\backtest_results\_builder_sessions\20260319_013911_strat_gie_de_multi_factor_sur_dotusdc_1h\session_summary.json,C:\Users\o3-Pro\Documents\backtest_results\_builder_sessions\20260319_013911_strat_gie_de_multi_factor_sur_dotusdc_1h,897a560e2d702be842f06b0edf74b0fe3ce9d17f687889bc3c53fc52d27a75b6,58460,,,failed,,,,6,,0.0,-100.0,
446,20260319_014002_strat_gie_de_scalping_sur_peopleusdc_5m,C:\Users\o3-Pro\Documents\backtest_results\_builder_sessions\20260319_014002_strat_gie_de_scalping_sur_peopleusdc_5m\session_summary.json,C:\Users\o3-Pro\Documents\backtest_results\_builder_sessions\20260319_014002_strat_gie_de_scalping_sur_peopleusdc_5m,6266b19ac8c075f1930dbad3b32ba29a37a1713cd1f6fd78bd987067524ab049,2114,,,failed,,,,1,,-inf,-inf,
447,20260319_014049_strat_gie_de_mean_reversion_sur_maskusdc,C:\Users\o3-Pro\Documents\backtest_results\_builder_sessions\20260319_014049_strat_gie_de_mean_reversion_sur_maskusdc\session_summary.json,C:\Users\o3-Pro\Documents\backtest_results\_builder_sessions\20260319_014049_strat_gie_de_mean_reversion_sur_maskusdc,57a9a90716571ef2ed04d6ae0a2bee38eabaadae026eb098ad4910f93ebef73b,19593,,,running,,,,2,,0.0,-26.0,
448,20260319_014545_strat_gie_de_momentum_sur_proveusdc_1h_i,C:\Users\o3-Pro\Documents\backtest_results\_builder_sessions\20260319_014545_strat_gie_de_momentum_sur_proveusdc_1h_i\session_summary.json,C:\Users\o3-Pro\Documents\backtest_results\_builder_sessions\20260319_014545_strat_gie_de_momentum_sur_proveusdc_1h_i,be1d437e7fbdfed04790031e2713a2bb048dbf54ca2510e062806638652a03d3,17759,,,running,,,,2,,0.0,-21.877863659050668,
449,20260319_015422_strat_gie_de_mean_reversion_sur_resolvus,C:\Users\o3-Pro\Documents\backtest_results\_builder_sessions\20260319_015422_strat_gie_de_mean_reversion_sur_resolvus\session_summary.json,C:\Users\o3-Pro\Documents\backtest_results\_builder_sessions\20260319_015422_strat_gie_de_mean_reversion_sur_resolvus,130903648eae2d79e2d77d5cb8b2a95e91f9d5a81448fc604038ae2131ec6879,46447,,,success,,,,5,,1.1020300130784662,-26.0,
450,20260319_015518_strat_gie_de_scalping_sur_pepeusdc_5m_in,C:\Users\o3-Pro\Documents\backtest_results\_builder_sessions\20260319_015518_strat_gie_de_scalping_sur_pepeusdc_5m_in\session_summary.json,C:\Users\o3-Pro\Documents\backtest_results\_builder_sessions\20260319_015518_strat_gie_de_scalping_sur_pepeusdc_5m_in,05d48d7eff3a661773f7f9dc26d3791de3c111693fb1f0ae448b3b0221d3087a,2091,,,failed,,,,1,,-inf,-inf,
451,20260319_020005_strat_gie_de_mean_reversion_sur_gunusdc,C:\Users\o3-Pro\Documents\backtest_results\_builder_sessions\20260319_020005_strat_gie_de_mean_reversion_sur_gunusdc\session_summary.json,C:\Users\o3-Pro\Documents\backtest_results\_builder_sessions\20260319_020005_strat_gie_de_mean_reversion_sur_gunusdc,545a653a8cde2a0486a4a58b1062bd5c0259e68a40a56b02f50fde6b387fb8c6,53819,,,running,,,,5,,0.9628190921904178,-100.0,
452,20260319_020133_objectif_de_strat_gie_sur_mitousdc_1h_in,C:\Users\o3-Pro\Documents\backtest_results\_builder_sessions\20260319_020133_objectif_de_strat_gie_sur_mitousdc_1h_in\session_summary.json,C:\Users\o3-Pro\Documents\backtest_results\_builder_sessions\20260319_020133_objectif_de_strat_gie_sur_mitousdc_1h_in,e40dbbf197c4cea338b46963bf18ac1d3571960b1b802cd07f7c844c23c226cc,60343,,,failed,,,,6,,0.8032811845126642,-100.0,
453,20260319_021202_strat_gie_de_momentum_sur_roseusdc_1h_in,C:\Users\o3-Pro\Documents\backtest_results\_builder_sessions\20260319_021202_strat_gie_de_momentum_sur_roseusdc_1h_in\session_summary.json,C:\Users\o3-Pro\Documents\backtest_results\_builder_sessions\20260319_021202_strat_gie_de_momentum_sur_roseusdc_1h_in,21339467edc247ec67a4967eaef924db4382d0301e9a0906cefa51b0bf01d08e,2057,,,failed,,,,1,,-inf,-inf,
454,20260319_021233_strat_gie_de_multi_factor_sur_bananas31u,C:\Users\o3-Pro\Documents\backtest_results\_builder_sessions\20260319_021233_strat_gie_de_multi_factor_sur_bananas31u\session_summary.json,C:\Users\o3-Pro\Documents\backtest_results\_builder_sessions\20260319_021233_strat_gie_de_multi_factor_sur_bananas31u,5af2c41ec115c61a44c566bb66925ea143206a32e235c25390a40afc5bddb6df,61620,,,success,,,,6,,1.4158599608977191,85.15655475519435,
455,20260319_021331_objectif_de_strat_gie_sur_zbtusdc_1h_ind,C:\Users\o3-Pro\Documents\backtest_results\_builder_sessions\20260319_021331_objectif_de_strat_gie_sur_zbtusdc_1h_ind\session_summary.json,C:\Users\o3-Pro\Documents\backtest_results\_builder_sessions\20260319_021331_objectif_de_strat_gie_sur_zbtusdc_1h_ind,72279a73cbd8e880f2d01e2908f75e1d6ad72c9a938b7d33a2fefd4b51b410c1,10219,,,success,,,,1,,1.1068496569805544,73.42454960276774,
456,20260319_021634_sur_bonkusdc_4h_indicateurs_atr_supertre,C:\Users\o3-Pro\Documents\backtest_results\_builder_sessions\20260319_021634_sur_bonkusdc_4h_indicateurs_atr_supertre\session_summary.json,C:\Users\o3-Pro\Documents\backtest_results\_builder_sessions\20260319_021634_sur_bonkusdc_4h_indicateurs_atr_supertre,23347812b37070d842b9a3d1393c43c4b3f4f229adc1e944f90500d3025ae1ce,20433,,,running,,,,2,,0.0,-100.0,
457,20260319_022135_objectif_sur_api3usdc_1w_cibler_les_phas,C:\Users\o3-Pro\Documents\backtest_results\_builder_sessions\20260319_022135_objectif_sur_api3usdc_1w_cibler_les_phas\session_summary.json,C:\Users\o3-Pro\Documents\backtest_results\_builder_sessions\20260319_022135_objectif_sur_api3usdc_1w_cibler_les_phas,9a3862acf99f85127bb36343d72fa1fedba800cad0c44b582b805b9a46e5c509,2476,,,failed,,,,1,,-inf,-inf,
458,20260319_022154_objectif_sur_lunausdc_1d_exploiter_une_d,C:\Users\o3-Pro\Documents\backtest_results\_builder_sessions\20260319_022154_objectif_sur_lunausdc_1d_exploiter_une_d\session_summary.json,C:\Users\o3-Pro\Documents\backtest_results\_builder_sessions\20260319_022154_objectif_sur_lunausdc_1d_exploiter_une_d,ea3d25a4614cbb22c9e814100b49cca104d4938df69963f34433fbfa1990dfd9,2546,,,failed,,,,1,,-inf,-inf,
459,20260319_022201_objectif_sur_rayusdc_1d_utiliser_une_com,C:\Users\o3-Pro\Documents\backtest_results\_builder_sessions\20260319_022201_objectif_sur_rayusdc_1d_utiliser_une_com\session_summary.json,C:\Users\o3-Pro\Documents\backtest_results\_builder_sessions\20260319_022201_objectif_sur_rayusdc_1d_utiliser_une_com,4297bdd4b03262cf362845be44dd02a3f4d8405ba34633536d419f703cbff145,10485,,,running,,,,1,,-20.0,-100.0,
460,20260319_022241_objectif_sur_trumpusdc_4h_exploitons_la,C:\Users\o3-Pro\Documents\backtest_results\_builder_sessions\20260319_022241_objectif_sur_trumpusdc_4h_exploitons_la\session_summary.json,C:\Users\o3-Pro\Documents\backtest_results\_builder_sessions\20260319_022241_objectif_sur_trumpusdc_4h_exploitons_la,aa4373034c4293a9fe1d772f29411c9fa632e242f35868008b349fb12b3d031a,19537,,,running,,,,2,,0.0,-100.0,
461,20260319_022528_objectif_de_strat_gie_sur_proveusdc_1h_i,C:\Users\o3-Pro\Documents\backtest_results\_builder_sessions\20260319_022528_objectif_de_strat_gie_sur_proveusdc_1h_i\session_summary.json,C:\Users\o3-Pro\Documents\backtest_results\_builder_sessions\20260319_022528_objectif_de_strat_gie_sur_proveusdc_1h_i,3cd215176081717bbdf86ff12d173f907e699dcb4356e334cd5fd345d7f53dad,10346,,,running,,,,1,,-0.43137587035397534,-87.36015347368145,
462,20260319_022924_objectif_sur_metusdc_4h_combiner_atr_pou,C:\Users\o3-Pro\Documents\backtest_results\_builder_sessions\20260319_022924_objectif_sur_metusdc_4h_combiner_atr_pou\session_summary.json,C:\Users\o3-Pro\Documents\backtest_results\_builder_sessions\20260319_022924_objectif_sur_metusdc_4h_combiner_atr_pou,2d900dbfb4fee9519f96298e7fa792b7202f959cf73f0993d1c348e2af2364eb,17732,,,running,,,,2,,0.0,-96.26969024832636,
463,20260319_023000_objectif_de_strat_gie_sur_biousdc_15m_in,C:\Users\o3-Pro\Documents\backtest_results\_builder_sessions\20260319_023000_objectif_de_strat_gie_sur_biousdc_15m_in\session_summary.json,C:\Users\o3-Pro\Documents\backtest_results\_builder_sessions\20260319_023000_objectif_de_strat_gie_sur_biousdc_15m_in,50ff22d3047c15134979b2ca0e27f9b0bc131f44c236bc15844801dd85d8f3f3,22573,,,running,,,,2,,0.0,-100.0,
464,20260319_023453_strat_gie_de_trend_following_sur_crvusdc,C:\Users\o3-Pro\Documents\backtest_results\_builder_sessions\20260319_023453_strat_gie_de_trend_following_sur_crvusdc\session_summary.json,C:\Users\o3-Pro\Documents\backtest_results\_builder_sessions\20260319_023453_strat_gie_de_trend_following_sur_crvusdc,5640363c5c538ca282c48cee65e120842f0f25978b2aaca6bd8001e295dcb7a3,31399,,,running,,,,3,,0.4942019694285435,-97.66220447193137,
465,20260319_023549_strat_gie_de_regime_adaptatif_sur_a2zusd,C:\Users\o3-Pro\Documents\backtest_results\_builder_sessions\20260319_023549_strat_gie_de_regime_adaptatif_sur_a2zusd\session_summary.json,C:\Users\o3-Pro\Documents\backtest_results\_builder_sessions\20260319_023549_strat_gie_de_regime_adaptatif_sur_a2zusd,d3ae20077aab922012d83690cc3b409ac6b0f87d22071d58567e3c50da8d6ad2,2114,,,failed,,,,1,,-inf,-inf,
466,20260319_023638_strat_gie_de_mean_reversion_sur_chzusdc,C:\Users\o3-Pro\Documents\backtest_results\_builder_sessions\20260319_023638_strat_gie_de_mean_reversion_sur_chzusdc\session_summary.json,C:\Users\o3-Pro\Documents\backtest_results\_builder_sessions\20260319_023638_strat_gie_de_mean_reversion_sur_chzusdc,debbed29f9288421ec3602a8018cf208f30828a7cc836da0af6a2cc988e201f1,108077,,,max_iterations,,,,10,,0.41081316313256006,-26.0,
467,20260319_024133_strat_gie_de_multi_factor_sur_galausdc_1,C:\Users\o3-Pro\Documents\backtest_results\_builder_sessions\20260319_024133_strat_gie_de_multi_factor_sur_galausdc_1\session_summary.json,C:\Users\o3-Pro\Documents\backtest_results\_builder_sessions\20260319_024133_strat_gie_de_multi_factor_sur_galausdc_1,589704edb40386bb4bf7bc3795e8a29713a8f0cc072312e149ab3ad992e9e5c5,10031,,,running,,,,1,,-20.0,-100.0,
468,20260319_024736_strat_gie_de_regime_adaptatif_sur_render,C:\Users\o3-Pro\Documents\backtest_results\_builder_sessions\20260319_024736_strat_gie_de_regime_adaptatif_sur_render\session_summary.json,C:\Users\o3-Pro\Documents\backtest_results\_builder_sessions\20260319_024736_strat_gie_de_regime_adaptatif_sur_render,0ae8b53606dd4c2a8846aa2e1602b78ccb6503044afbb8e2b36cb7f112362f4d,22692,,,running,,,,2,,0.0,-100.0,
469,20260319_025204_strat_gie_de_momentum_sur_stousdc_1w_ind,C:\Users\o3-Pro\Documents\backtest_results\_builder_sessions\20260319_025204_strat_gie_de_momentum_sur_stousdc_1w_ind\session_summary.json,C:\Users\o3-Pro\Documents\backtest_results\_builder_sessions\20260319_025204_strat_gie_de_momentum_sur_stousdc_1w_ind,03e08c6ddd5e04a0b097e14f47d9803e211475f22fef6db6aa9e5728261b766d,32470,,,success,,,,4,,1.1973757031002983,-26.0,
470,20260319_025618_objectif_sur_sentusdc_1h_indicateurs_atr,C:\Users\o3-Pro\Documents\backtest_results\_builder_sessions\20260319_025618_objectif_sur_sentusdc_1h_indicateurs_atr\session_summary.json,C:\Users\o3-Pro\Documents\backtest_results\_builder_sessions\20260319_025618_objectif_sur_sentusdc_1h_indicateurs_atr,002a4fda5889a8938bd560ac47377cbae1c5698fcf793badd70879461eac97ec,56062,,,failed,,,,6,,0.0,-50.0,
471,20260319_025914_objectif_sur_rezusdc_1h_combiner_aroon_p,C:\Users\o3-Pro\Documents\backtest_results\_builder_sessions\20260319_025914_objectif_sur_rezusdc_1h_combiner_aroon_p\session_summary.json,C:\Users\o3-Pro\Documents\backtest_results\_builder_sessions\20260319_025914_objectif_sur_rezusdc_1h_combiner_aroon_p,770e44ec3480f8f4f3171622ba1f4a4a55b7afb2e16139c2185e43c34ff618e8,20001,,,running,,,,2,,0.6428737540491325,-50.0,
472,20260319_030737_objectif_de_strat_gie_sur_lptusdc_1h_ind,C:\Users\o3-Pro\Documents\backtest_results\_builder_sessions\20260319_030737_objectif_de_strat_gie_sur_lptusdc_1h_ind\session_summary.json,C:\Users\o3-Pro\Documents\backtest_results\_builder_sessions\20260319_030737_objectif_de_strat_gie_sur_lptusdc_1h_ind,2e16fbabe793c9a72a476a785385ea0c6d797823f6b4fe166c10e564dec733a7,21147,,,running,,,,2,,0.0,-88.92005840499702,
473,20260319_030811_objectif_sur_injusdc_15m_utiliser_la_com,C:\Users\o3-Pro\Documents\backtest_results\_builder_sessions\20260319_030811_objectif_sur_injusdc_15m_utiliser_la_com\session_summary.json,C:\Users\o3-Pro\Documents\backtest_results\_builder_sessions\20260319_030811_objectif_sur_injusdc_15m_utiliser_la_com,ce0befa529ca9f790a6629cf83b302d9cd58d94e8d021fa2e269ef6b30579ea8,55170,,,running,,,,5,,0.0,-100.0,
474,20260319_031422_objectif_de_strat_gie_sur_aptusdc_4h_ind,C:\Users\o3-Pro\Documents\backtest_results\_builder_sessions\20260319_031422_objectif_de_strat_gie_sur_aptusdc_4h_ind\session_summary.json,C:\Users\o3-Pro\Documents\backtest_results\_builder_sessions\20260319_031422_objectif_de_strat_gie_sur_aptusdc_4h_ind,309e33c8f7c2a4971ec4d96d595621f30dddebd10db9c3790baa0aa19b730d28,50356,,,running,,,,6,,0.4618928420269476,-100.0,
475,20260319_032301_objectif_sur_resolvusdc_1h_exploiter_le,C:\Users\o3-Pro\Documents\backtest_results\_builder_sessions\20260319_032301_objectif_sur_resolvusdc_1h_exploiter_le\session_summary.json,C:\Users\o3-Pro\Documents\backtest_results\_builder_sessions\20260319_032301_objectif_sur_resolvusdc_1h_exploiter_le,c4faf96bcad21295241a691f1fc31e22539d765eeeabae1fb73dc2b909cb9f42,21367,,,running,,,,3,,0.0,-26.0,
476,20260319_032854_objectif_sur_pnutusdc_4h_utiliser_aroon,C:\Users\o3-Pro\Documents\backtest_results\_builder_sessions\20260319_032854_objectif_sur_pnutusdc_4h_utiliser_aroon\session_summary.json,C:\Users\o3-Pro\Documents\backtest_results\_builder_sessions\20260319_032854_objectif_sur_pnutusdc_4h_utiliser_aroon,a08001e536ae13848b5c35caa7f45de6bc0055b43ddc630b61b3701e534b8f5a,12578,,,running,,,,1,,-20.0,-100.0,
477,20260319_033127_strat_gie_de_mean_reversion_sur_roseusdc,C:\Users\o3-Pro\Documents\backtest_results\_builder_sessions\20260319_033127_strat_gie_de_mean_reversion_sur_roseusdc\session_summary.json,C:\Users\o3-Pro\Documents\backtest_results\_builder_sessions\20260319_033127_strat_gie_de_mean_reversion_sur_roseusdc,049baf7dc6639921533154bdd6f111aae1621ae9f66cda2981b2524b1ac58424,2119,,,failed,,,,1,,-inf,-inf,
478,20260319_033155_strat_gie_de_trend_following_sur_apeusdc,C:\Users\o3-Pro\Documents\backtest_results\_builder_sessions\20260319_033155_strat_gie_de_trend_following_sur_apeusdc\session_summary.json,C:\Users\o3-Pro\Documents\backtest_results\_builder_sessions\20260319_033155_strat_gie_de_trend_following_sur_apeusdc,8e4947943e697b325215ec9ba2d21a2ac6cb82e8b1b65e404718fe3d6ce24881,36844,,,success,,,,4,,1.1012738890896188,-97.66220447193137,
479,20260319_033156_strat_gie_de_multi_factor_sur_plumeusdc,C:\Users\o3-Pro\Documents\backtest_results\_builder_sessions\20260319_033156_strat_gie_de_multi_factor_sur_plumeusdc\session_summary.json,C:\Users\o3-Pro\Documents\backtest_results\_builder_sessions\20260319_033156_strat_gie_de_multi_factor_sur_plumeusdc,32e725adfdb8d4ad3467996f0c3562204a5843aff9e733032262794b7736c3f5,8109,,,running,,,,1,,0.0,-26.0,
480,20260319_034043_strat_gie_de_regime_adaptatif_sur_biousd,C:\Users\o3-Pro\Documents\backtest_results\_builder_sessions\20260319_034043_strat_gie_de_regime_adaptatif_sur_biousd\session_summary.json,C:\Users\o3-Pro\Documents\backtest_results\_builder_sessions\20260319_034043_strat_gie_de_regime_adaptatif_sur_biousd,4a9065a6946011b560eb7530e7c48b5459c6a66fcd1f023ef8e49c34bd315310,27294,,,running,,,,3,,0.47140885896642304,-32.120920371835226,
481,20260319_034044_objectif_de_strat_gie_sur_allousdc_3m_in,C:\Users\o3-Pro\Documents\backtest_results\_builder_sessions\20260319_034044_objectif_de_strat_gie_sur_allousdc_3m_in\session_summary.json,C:\Users\o3-Pro\Documents\backtest_results\_builder_sessions\20260319_034044_objectif_de_strat_gie_sur_allousdc_3m_in,ca7ab671c2579ace625ab6962535c032408374fffb9cfe90dd572b9e2292a7cb,10723,,,running,,,,1,,-20.0,-100.0,
482,20260319_034600_objectif_de_strat_gie_sur_catiusdc_4h_in,C:\Users\o3-Pro\Documents\backtest_results\_builder_sessions\20260319_034600_objectif_de_strat_gie_sur_catiusdc_4h_in\session_summary.json,C:\Users\o3-Pro\Documents\backtest_results\_builder_sessions\20260319_034600_objectif_de_strat_gie_sur_catiusdc_4h_in,ee5101ac2eaa7e0ca54d7922cd4b879a81608e6e414554a05f02d03999f03079,19325,,,running,,,,2,,0.0,-100.0,
483,20260319_034856_strat_gie_de_momentum_sur_opnusdc_1w_ind,C:\Users\o3-Pro\Documents\backtest_results\_builder_sessions\20260319_034856_strat_gie_de_momentum_sur_opnusdc_1w_ind\session_summary.json,C:\Users\o3-Pro\Documents\backtest_results\_builder_sessions\20260319_034856_strat_gie_de_momentum_sur_opnusdc_1w_ind,4fb319ae1980f8a3bb7f895aa8946d513aab3be852ab9ba550c9d16fac1ccfc1,2069,,,failed,,,,1,,-inf,-inf,
484,20260319_035215_strat_gie_de_mean_reversion_sur_chzusdc,C:\Users\o3-Pro\Documents\backtest_results\_builder_sessions\20260319_035215_strat_gie_de_mean_reversion_sur_chzusdc\session_summary.json,C:\Users\o3-Pro\Documents\backtest_results\_builder_sessions\20260319_035215_strat_gie_de_mean_reversion_sur_chzusdc,e16a06b87b163d978686b5421f901d980c96cc76536f1e51bccea209fcb0e8c1,73560,,,running,,,,7,,0.41081316313256006,-12.834299563405533,
485,20260319_035216_objectif_sur_trxusdc_4h_exploiter_la_dir,C:\Users\o3-Pro\Documents\backtest_results\_builder_sessions\20260319_035216_objectif_sur_trxusdc_4h_exploiter_la_dir\session_summary.json,C:\Users\o3-Pro\Documents\backtest_results\_builder_sessions\20260319_035216_objectif_sur_trxusdc_4h_exploiter_la_dir,cce7ac8596c6b909edb7e5e9b4a3e9f784efb7d312285eb8203231ec21cbc9df,28848,,,running,,,,3,,0.29881855605541957,-47.29731673393309,
486,20260319_040634_objectif_de_strat_gie_sur_dotusdc_15m_in,C:\Users\o3-Pro\Documents\backtest_results\_builder_sessions\20260319_040634_objectif_de_strat_gie_sur_dotusdc_15m_in\session_summary.json,C:\Users\o3-Pro\Documents\backtest_results\_builder_sessions\20260319_040634_objectif_de_strat_gie_sur_dotusdc_15m_in,938c33f3b1afe54aa34210c691e7bb65c5e103419ad4de8577c9a58361f3aa71,32984,,,running,,,,3,,0.0,-100.0,
487,20260319_041231_strat_gie_de_momentum_sur_dashusdc_1w_in,C:\Users\o3-Pro\Documents\backtest_results\_builder_sessions\20260319_041231_strat_gie_de_momentum_sur_dashusdc_1w_in\session_summary.json,C:\Users\o3-Pro\Documents\backtest_results\_builder_sessions\20260319_041231_strat_gie_de_momentum_sur_dashusdc_1w_in,4141b1e2f5517548efb8a804ac28b8bf59c56a75227f75df6d69bc40415e3124,2069,,,failed,,,,1,,-inf,-inf,
488,20260319_041258_strat_gie_de_regime_adaptatif_sur_zecusd,C:\Users\o3-Pro\Documents\backtest_results\_builder_sessions\20260319_041258_strat_gie_de_regime_adaptatif_sur_zecusd\session_summary.json,C:\Users\o3-Pro\Documents\backtest_results\_builder_sessions\20260319_041258_strat_gie_de_regime_adaptatif_sur_zecusd,a38b4dca5735a0db3dca5ef50983df42cc862ac1880a08a7c1826aa02f3b2fe6,25851,,,running,,,,3,,0.0,-100.0,
489,20260319_041742_strat_gie_de_breakout_sur_pnutusdc_30m_i,C:\Users\o3-Pro\Documents\backtest_results\_builder_sessions\20260319_041742_strat_gie_de_breakout_sur_pnutusdc_30m_i\session_summary.json,C:\Users\o3-Pro\Documents\backtest_results\_builder_sessions\20260319_041742_strat_gie_de_breakout_sur_pnutusdc_30m_i,8dbe979408c53916d5c08d55d939ee69546e24848c04c23b890c6722cee1689b,47351,,,running,,,,5,,0.03988911116036276,-100.0,
490,20260319_042200_strat_gie_de_regime_adaptatif_sur_bankus,C:\Users\o3-Pro\Documents\backtest_results\_builder_sessions\20260319_042200_strat_gie_de_regime_adaptatif_sur_bankus\session_summary.json,C:\Users\o3-Pro\Documents\backtest_results\_builder_sessions\20260319_042200_strat_gie_de_regime_adaptatif_sur_bankus,0a1255f86a27bc67b247634855b84230495e5a8f5324c13fc13cce6cc54436b9,53722,,,running,,,,5,,0.11135286795722309,-50.0,
491,20260319_042905_strat_gie_de_scalping_sur_penguusdc_15m,C:\Users\o3-Pro\Documents\backtest_results\_builder_sessions\20260319_042905_strat_gie_de_scalping_sur_penguusdc_15m\session_summary.json,C:\Users\o3-Pro\Documents\backtest_results\_builder_sessions\20260319_042905_strat_gie_de_scalping_sur_penguusdc_15m,f9947f123ab8450fca3b9c2a8676535bc67ba7861cb4008ea01b47a7dc26a661,23037,,,running,,,,2,,0.0,-100.0,
492,20260319_043605_strat_gie_de_breakout_sur_broccoli714usd,C:\Users\o3-Pro\Documents\backtest_results\_builder_sessions\20260319_043605_strat_gie_de_breakout_sur_broccoli714usd\session_summary.json,C:\Users\o3-Pro\Documents\backtest_results\_builder_sessions\20260319_043605_strat_gie_de_breakout_sur_broccoli714usd,55719d9b299da9bc4b4e95961665b079b3d8fbbce5ece6043c721ba4b04c5222,2104,,,failed,,,,1,,-inf,-inf,
493,20260319_043606_strat_gie_de_trend_following_sur_ldousdc,C:\Users\o3-Pro\Documents\backtest_results\_builder_sessions\20260319_043606_strat_gie_de_trend_following_sur_ldousdc\session_summary.json,C:\Users\o3-Pro\Documents\backtest_results\_builder_sessions\20260319_043606_strat_gie_de_trend_following_sur_ldousdc,a0b25c08f2f470e79a976e73c198503242b96c272249251b21cfdab4ff1d4c86,53710,,,running,,,,6,,0.44527474823748936,-50.0,
494,20260319_043643_strat_gie_de_regime_adaptatif_sur_mubara,C:\Users\o3-Pro\Documents\backtest_results\_builder_sessions\20260319_043643_strat_gie_de_regime_adaptatif_sur_mubara\session_summary.json,C:\Users\o3-Pro\Documents\backtest_results\_builder_sessions\20260319_043643_strat_gie_de_regime_adaptatif_sur_mubara,e4f50efa9ddb572c42bac297c2d8eae04987eebd6b40f9a1a674a398535945d1,41895,,,running,,,,5,,0.6678049324573485,-2.67320371325264,
495,20260319_044821_strat_gie_de_momentum_sur_memeusdc_1h_in,C:\Users\o3-Pro\Documents\backtest_results\_builder_sessions\20260319_044821_strat_gie_de_momentum_sur_memeusdc_1h_in\session_summary.json,C:\Users\o3-Pro\Documents\backtest_results\_builder_sessions\20260319_044821_strat_gie_de_momentum_sur_memeusdc_1h_in,a7a0676be8051bc12359ed2020d3b236cc89397b22184bd28ad7635c165b519c,19386,,,running,,,,2,,0.45961840827333705,27.266589151535328,
496,20260319_044852_strat_gie_de_mean_reversion_sur_stousdc,C:\Users\o3-Pro\Documents\backtest_results\_builder_sessions\20260319_044852_strat_gie_de_mean_reversion_sur_stousdc\session_summary.json,C:\Users\o3-Pro\Documents\backtest_results\_builder_sessions\20260319_044852_strat_gie_de_mean_reversion_sur_stousdc,afba0c7155410039fc004ffde8cb1e3bb36012b9bd1203ffaeeafa1b8762ddcf,9223,,,running,,,,1,,0.4942019694285435,-97.66220447193137,
497,20260319_045242_strat_gie_de_trend_following_sur_susdc_1,C:\Users\o3-Pro\Documents\backtest_results\_builder_sessions\20260319_045242_strat_gie_de_trend_following_sur_susdc_1\session_summary.json,C:\Users\o3-Pro\Documents\backtest_results\_builder_sessions\20260319_045242_strat_gie_de_trend_following_sur_susdc_1,9fbfa0ef55a3ede9eb1102c8080dc5f6e7fda88a449337bdb71c1d9f6d135eaf,20082,,,running,,,,2,,0.0,-100.0,
498,20260319_045502_strat_gie_de_regime_adaptatif_sur_eigenu,C:\Users\o3-Pro\Documents\backtest_results\_builder_sessions\20260319_045502_strat_gie_de_regime_adaptatif_sur_eigenu\session_summary.json,C:\Users\o3-Pro\Documents\backtest_results\_builder_sessions\20260319_045502_strat_gie_de_regime_adaptatif_sur_eigenu,2b404f812ab9ddf5abab143aaf8ede2e00e24f75494806fc26656f16e4095525,2074,,,failed,,,,1,,-inf,-inf,
499,20260319_045727_strat_gie_de_multi_factor_sur_opnusdc_5m,C:\Users\o3-Pro\Documents\backtest_results\_builder_sessions\20260319_045727_strat_gie_de_multi_factor_sur_opnusdc_5m\session_summary.json,C:\Users\o3-Pro\Documents\backtest_results\_builder_sessions\20260319_045727_strat_gie_de_multi_factor_sur_opnusdc_5m,06d6097c6d6c3173548ecffdece09fdf56ef9d649724b7d7e98ad07ccd728a18,2150,,,failed,,,,1,,-inf,-inf,
500,20260319_045752_strat_gie_de_mean_reversion_sur_galausdc,C:\Users\o3-Pro\Documents\backtest_results\_builder_sessions\20260319_045752_strat_gie_de_mean_reversion_sur_galausdc\session_summary.json,C:\Users\o3-Pro\Documents\backtest_results\_builder_sessions\20260319_045752_strat_gie_de_mean_reversion_sur_galausdc,13d18762adefa9ae4f84577d88a31c4f39e6656cc1711117e4a956b4818ac7ce,12075,,,running,,,,1,,-20.0,-100.0,
501,20260319_050006_strat_gie_de_scalping_sur_maticusdc_1h_i,C:\Users\o3-Pro\Documents\backtest_results\_builder_sessions\20260319_050006_strat_gie_de_scalping_sur_maticusdc_1h_i\session_summary.json,C:\Users\o3-Pro\Documents\backtest_results\_builder_sessions\20260319_050006_strat_gie_de_scalping_sur_maticusdc_1h_i,33b848fbde8808155d863a0fd6e403035cde7249a634dde5263afffc59e0e8f5,17140,,,running,,,,2,,0.0,-100.0,
502,20260319_050154_strat_gie_de_mean_reversion_sur_kernelus,C:\Users\o3-Pro\Documents\backtest_results\_builder_sessions\20260319_050154_strat_gie_de_mean_reversion_sur_kernelus\session_summary.json,C:\Users\o3-Pro\Documents\backtest_results\_builder_sessions\20260319_050154_strat_gie_de_mean_reversion_sur_kernelus,f8c7c1fb9f41fbef8b9f8cd6abf8b2cfd6eb81a1c1cd4ad8a944d0606c488d84,57642,,,running,,,,6,,1.0570237528929147,-50.42725690016986,
503,20260319_050711_strat_gie_de_breakout_sur_avntusdc_1h_in,C:\Users\o3-Pro\Documents\backtest_results\_builder_sessions\20260319_050711_strat_gie_de_breakout_sur_avntusdc_1h_in\session_summary.json,C:\Users\o3-Pro\Documents\backtest_results\_builder_sessions\20260319_050711_strat_gie_de_breakout_sur_avntusdc_1h_in,2c0a1a9468c16e150bb93d76b026868baf15da083f0426a8d0b8ad09cdb6871e,13092,,,running,,,,1,,0.21654531235243193,-25.032361498867022,
504,20260319_051109_strat_gie_de_regime_adaptatif_sur_omusdc,C:\Users\o3-Pro\Documents\backtest_results\_builder_sessions\20260319_051109_strat_gie_de_regime_adaptatif_sur_omusdc\session_summary.json,C:\Users\o3-Pro\Documents\backtest_results\_builder_sessions\20260319_051109_strat_gie_de_regime_adaptatif_sur_omusdc,5e8bcc72d75eb3baa02b51099346c464b396530e8364b2414b2fee8747df254a,11440,,,running,,,,1,,0.4942019694285435,-97.66220447193137,
505,20260319_051332_strat_gie_de_mean_reversion_sur_peopleus,C:\Users\o3-Pro\Documents\backtest_results\_builder_sessions\20260319_051332_strat_gie_de_mean_reversion_sur_peopleus\session_summary.json,C:\Users\o3-Pro\Documents\backtest_results\_builder_sessions\20260319_051332_strat_gie_de_mean_reversion_sur_peopleus,8b974d10262e2675d177dca3e2332989b637a65af28511c5b110280bede06278,2132,,,failed,,,,1,,-inf,-inf,
506,20260319_051514_strat_gie_de_breakout_sur_homeusdc_1h_in,C:\Users\o3-Pro\Documents\backtest_results\_builder_sessions\20260319_051514_strat_gie_de_breakout_sur_homeusdc_1h_in\session_summary.json,C:\Users\o3-Pro\Documents\backtest_results\_builder_sessions\20260319_051514_strat_gie_de_breakout_sur_homeusdc_1h_in,96d0d59806f795b29778c0d0c2685701caf0b3d8ba5432959ac583fecbc916e5,58301,,,failed,,,,6,,-1.1147714677801621,-100.0,
507,20260319_051628_strat_gie_de_momentum_sur_eosusdc_1h_ind,C:\Users\o3-Pro\Documents\backtest_results\_builder_sessions\20260319_051628_strat_gie_de_momentum_sur_eosusdc_1h_ind\session_summary.json,C:\Users\o3-Pro\Documents\backtest_results\_builder_sessions\20260319_051628_strat_gie_de_momentum_sur_eosusdc_1h_ind,f9fc24d675d7b4b4e0fb318aee6f69ee2bb83bc08158aead3ca6711fd4401479,49596,,,failed,,,,6,,0.0,-26.0,
508,20260319_052518_strat_gie_de_mean_reversion_sur_plumeusd,C:\Users\o3-Pro\Documents\backtest_results\_builder_sessions\20260319_052518_strat_gie_de_mean_reversion_sur_plumeusd\session_summary.json,C:\Users\o3-Pro\Documents\backtest_results\_builder_sessions\20260319_052518_strat_gie_de_mean_reversion_sur_plumeusd,7fafe54e3543049f1754dd909b1fbe86c2d18c8536197470727e279083c692e2,8065,,,running,,,,1,,0.0,-26.0,
509,20260319_052806_strat_gie_de_breakout_sur_dashusdc_1w_in,C:\Users\o3-Pro\Documents\backtest_results\_builder_sessions\20260319_052806_strat_gie_de_breakout_sur_dashusdc_1w_in\session_summary.json,C:\Users\o3-Pro\Documents\backtest_results\_builder_sessions\20260319_052806_strat_gie_de_breakout_sur_dashusdc_1w_in,6f4a905e6c53870dd1a324f00d44744cf0743f9232228508407546f789ff4558,2128,,,failed,,,,1,,-inf,-inf,
510,20260319_052912_strat_gie_de_multi_factor_sur_bomeusdc_1,C:\Users\o3-Pro\Documents\backtest_results\_builder_sessions\20260319_052912_strat_gie_de_multi_factor_sur_bomeusdc_1\session_summary.json,C:\Users\o3-Pro\Documents\backtest_results\_builder_sessions\20260319_052912_strat_gie_de_multi_factor_sur_bomeusdc_1,4a245b8fdb837fb364f306d351b04e75c9a7d5632e639af40d38ccf8c4dbbc1e,25019,,,running,,,,3,,0.1667700377192544,-59.80779036039547,
511,20260319_053049_strat_gie_de_scalping_sur_zrousdc_15m_in,C:\Users\o3-Pro\Documents\backtest_results\_builder_sessions\20260319_053049_strat_gie_de_scalping_sur_zrousdc_15m_in\session_summary.json,C:\Users\o3-Pro\Documents\backtest_results\_builder_sessions\20260319_053049_strat_gie_de_scalping_sur_zrousdc_15m_in,01a3e8bd0a2ac9ff4703f236f3f32ae4873e23c356364c5c1077aac054da7f1d,60344,,,failed,,,,6,,0.0,-100.0,
512,20260319_053514_strat_gie_de_breakout_sur_mavusdc_1h_ind,C:\Users\o3-Pro\Documents\backtest_results\_builder_sessions\20260319_053514_strat_gie_de_breakout_sur_mavusdc_1h_ind\session_summary.json,C:\Users\o3-Pro\Documents\backtest_results\_builder_sessions\20260319_053514_strat_gie_de_breakout_sur_mavusdc_1h_ind,e3faa0d415467a517aa060946e6356e920e9e9b80c323151484a061e446c51d8,40658,,,running,,,,4,,-20.0,-100.0,
513,20260319_054449_strat_gie_de_trend_following_sur_epicusd,C:\Users\o3-Pro\Documents\backtest_results\_builder_sessions\20260319_054449_strat_gie_de_trend_following_sur_epicusd\session_summary.json,C:\Users\o3-Pro\Documents\backtest_results\_builder_sessions\20260319_054449_strat_gie_de_trend_following_sur_epicusd,c7234ac0d5de44a76729ae6b773565e11e914ae9ca3481c09561c8e421fa1aef,11917,,,running,,,,1,,-20.0,-100.0,
514,20260319_054758_strat_gie_de_scalping_sur_bchusdc_3m_ind,C:\Users\o3-Pro\Documents\backtest_results\_builder_sessions\20260319_054758_strat_gie_de_scalping_sur_bchusdc_3m_ind\session_summary.json,C:\Users\o3-Pro\Documents\backtest_results\_builder_sessions\20260319_054758_strat_gie_de_scalping_sur_bchusdc_3m_ind,70f07d7854a4ebbdff45422fb9dcf07cfa22df71f9ec4ac0ec3077144fc8eac1,2094,,,failed,,,,1,,-inf,-inf,
515,20260319_054823_strat_gie_de_regime_adaptatif_sur_dydxus,C:\Users\o3-Pro\Documents\backtest_results\_builder_sessions\20260319_054823_strat_gie_de_regime_adaptatif_sur_dydxus\session_summary.json,C:\Users\o3-Pro\Documents\backtest_results\_builder_sessions\20260319_054823_strat_gie_de_regime_adaptatif_sur_dydxus,dead082193ccee8ba3993262d4fd95750b7e305b31895d466764c935cfd2fe09,29958,,,running,,,,3,,0.1787294080888083,-68.64548107999714,
516,20260319_055526_strat_gie_de_multi_factor_sur_galausdc_1,C:\Users\o3-Pro\Documents\backtest_results\_builder_sessions\20260319_055526_strat_gie_de_multi_factor_sur_galausdc_1\session_summary.json,C:\Users\o3-Pro\Documents\backtest_results\_builder_sessions\20260319_055526_strat_gie_de_multi_factor_sur_galausdc_1,8e0c9306f121ef8beb07f79200c5ca1af4815ad16aa43f2c1cddd35753fc6928,43750,,,running,,,,4,,0.0,-100.0,
517,20260319_055710_strat_gie_de_breakout_sur_mavusdc_15m_in,C:\Users\o3-Pro\Documents\backtest_results\_builder_sessions\20260319_055710_strat_gie_de_breakout_sur_mavusdc_15m_in\session_summary.json,C:\Users\o3-Pro\Documents\backtest_results\_builder_sessions\20260319_055710_strat_gie_de_breakout_sur_mavusdc_15m_in,31eb1c6e9faac7b535933297068521a0687f16307e09b0eaf6ea1bb744aafb09,45309,,,running,,,,5,,0.0,-100.0,
518,20260319_060708_strat_gie_de_scalping_sur_gunusdc_5m_ind,C:\Users\o3-Pro\Documents\backtest_results\_builder_sessions\20260319_060708_strat_gie_de_scalping_sur_gunusdc_5m_ind\session_summary.json,C:\Users\o3-Pro\Documents\backtest_results\_builder_sessions\20260319_060708_strat_gie_de_scalping_sur_gunusdc_5m_ind,1ca5161e0ade8f2e9e2e5fc8b5682efaceb8021a420c2e53cb15c6b56ca37384,42995,,,running,,,,4,,0.0,-100.0,
519,20260319_060951_strat_gie_de_regime_adaptatif_sur_metusd,C:\Users\o3-Pro\Documents\backtest_results\_builder_sessions\20260319_060951_strat_gie_de_regime_adaptatif_sur_metusd\session_summary.json,C:\Users\o3-Pro\Documents\backtest_results\_builder_sessions\20260319_060951_strat_gie_de_regime_adaptatif_sur_metusd,ff5b84810363fea0641ef5bf7e51a93ea2a89234df6ef16e6061668328f044d7,54510,,,running,,,,5,,0.8278664837084635,-54.11132902197255,
520,20260319_061732_strat_gie_de_momentum_sur_babyusdc_4h_in,C:\Users\o3-Pro\Documents\backtest_results\_builder_sessions\20260319_061732_strat_gie_de_momentum_sur_babyusdc_4h_in\session_summary.json,C:\Users\o3-Pro\Documents\backtest_results\_builder_sessions\20260319_061732_strat_gie_de_momentum_sur_babyusdc_4h_in,d8623473df2f34ad62becf677f25d25a56b7d14e0a9a6bd6deb140a5a6bdd802,12693,,,running,,,,1,,0.4942019694285435,-97.66220447193137,
521,20260319_062043_strat_gie_de_mean_reversion_sur_rayusdc,C:\Users\o3-Pro\Documents\backtest_results\_builder_sessions\20260319_062043_strat_gie_de_mean_reversion_sur_rayusdc\session_summary.json,C:\Users\o3-Pro\Documents\backtest_results\_builder_sessions\20260319_062043_strat_gie_de_mean_reversion_sur_rayusdc,b4f5903773a6e341dba58e0f31744f2fc257ab6fbfa8e111e44f91c2a95613b4,2093,,,failed,,,,1,,-inf,-inf,
522,20260319_062117_strat_gie_de_multi_factor_sur_openusdc_3,C:\Users\o3-Pro\Documents\backtest_results\_builder_sessions\20260319_062117_strat_gie_de_multi_factor_sur_openusdc_3\session_summary.json,C:\Users\o3-Pro\Documents\backtest_results\_builder_sessions\20260319_062117_strat_gie_de_multi_factor_sur_openusdc_3,bbc42d4adc64e8b67f3fbf2ed503880ab41c950b1e8b940357b7857f44137830,10689,,,running,,,,1,,-20.0,-100.0,
523,20260319_062814_strat_gie_de_multi_factor_sur_ldousdc_1h,C:\Users\o3-Pro\Documents\backtest_results\_builder_sessions\20260319_062814_strat_gie_de_multi_factor_sur_ldousdc_1h\session_summary.json,C:\Users\o3-Pro\Documents\backtest_results\_builder_sessions\20260319_062814_strat_gie_de_multi_factor_sur_ldousdc_1h,5829e6264ca26fd0f3cca1bbf822bfb92628915cc37892eebd09d3be44f4d947,8077,,,running,,,,1,,0.0,-26.0,
524,20260319_062815_strat_gie_de_trend_following_sur_trumpus,C:\Users\o3-Pro\Documents\backtest_results\_builder_sessions\20260319_062815_strat_gie_de_trend_following_sur_trumpus\session_summary.json,C:\Users\o3-Pro\Documents\backtest_results\_builder_sessions\20260319_062815_strat_gie_de_trend_following_sur_trumpus,e41d196c1635d81e4620ba7dfdcb77dff61f67682b379813c7f82bed87d86c3e,41916,,,success,,,,4,,1.0943357891403624,-100.0,
525,20260319_063147_strat_gie_de_regime_adaptatif_sur_1000ch,C:\Users\o3-Pro\Documents\backtest_results\_builder_sessions\20260319_063147_strat_gie_de_regime_adaptatif_sur_1000ch\session_summary.json,C:\Users\o3-Pro\Documents\backtest_results\_builder_sessions\20260319_063147_strat_gie_de_regime_adaptatif_sur_1000ch,b076a3ac06d1e70499398a7b24a9ed94a95c5aadb5074f3d8831a219373a3c13,2127,,,failed,,,,1,,-inf,-inf,
526,20260319_063250_strat_gie_de_breakout_sur_galausdc_15m_i,C:\Users\o3-Pro\Documents\backtest_results\_builder_sessions\20260319_063250_strat_gie_de_breakout_sur_galausdc_15m_i\session_summary.json,C:\Users\o3-Pro\Documents\backtest_results\_builder_sessions\20260319_063250_strat_gie_de_breakout_sur_galausdc_15m_i,5e60d428b4d99b343b764752bb2db58e3db12e98f06c9619e28176169cbf6411,31310,,,running,,,,3,,-20.0,-100.0,
527,20260319_064037_strat_gie_de_mean_reversion_sur_solusdc,C:\Users\o3-Pro\Documents\backtest_results\_builder_sessions\20260319_064037_strat_gie_de_mean_reversion_sur_solusdc\session_summary.json,C:\Users\o3-Pro\Documents\backtest_results\_builder_sessions\20260319_064037_strat_gie_de_mean_reversion_sur_solusdc,3d240cf48e1d400e0dd3734bb632a06d981ed59a7b40c771dd174e86d77df9ae,56921,,,running,,,,6,,0.46040082151752787,-100.0,
528,20260319_064146_objectif_de_strat_gie_sur_luncusdc_1d_in,C:\Users\o3-Pro\Documents\backtest_results\_builder_sessions\20260319_064146_objectif_de_strat_gie_sur_luncusdc_1d_in\session_summary.json,C:\Users\o3-Pro\Documents\backtest_results\_builder_sessions\20260319_064146_objectif_de_strat_gie_sur_luncusdc_1d_in,a35ce1755de84364a1ca74790ca8714ef3b8a8f41f20152e92e7381505bee39e,2483,,,failed,,,,1,,-inf,-inf,
529,20260319_064912_strat_gie_de_trend_following_sur_neousdc,C:\Users\o3-Pro\Documents\backtest_results\_builder_sessions\20260319_064912_strat_gie_de_trend_following_sur_neousdc\session_summary.json,C:\Users\o3-Pro\Documents\backtest_results\_builder_sessions\20260319_064912_strat_gie_de_trend_following_sur_neousdc,77940248f0e09f697e47fd243d04be27c5b95223dfcf244bbf99740f0d7d0afb,83689,,,max_iterations,,,,10,,0.5444064435419875,56.30437906724063,
530,20260319_065241_strat_gie_de_momentum_sur_susdc_1h_indic,C:\Users\o3-Pro\Documents\backtest_results\_builder_sessions\20260319_065241_strat_gie_de_momentum_sur_susdc_1h_indic\session_summary.json,C:\Users\o3-Pro\Documents\backtest_results\_builder_sessions\20260319_065241_strat_gie_de_momentum_sur_susdc_1h_indic,b40df71665729acba9159fee055bed10b2ab09cc4528bd6e148129974da83b57,11845,,,running,,,,1,,-20.0,-100.0,
531,20260319_065521_strat_gie_de_breakout_sur_robousdc_30m_i,C:\Users\o3-Pro\Documents\backtest_results\_builder_sessions\20260319_065521_strat_gie_de_breakout_sur_robousdc_30m_i\session_summary.json,C:\Users\o3-Pro\Documents\backtest_results\_builder_sessions\20260319_065521_strat_gie_de_breakout_sur_robousdc_30m_i,7f1f3f4622a17f250ae306a8bd0f41643b3d700fa379b60b661ed9af2854482e,2106,,,failed,,,,1,,-inf,-inf,
532,20260319_065554_strat_gie_de_regime_adaptatif_sur_trbusd,C:\Users\o3-Pro\Documents\backtest_results\_builder_sessions\20260319_065554_strat_gie_de_regime_adaptatif_sur_trbusd\session_summary.json,C:\Users\o3-Pro\Documents\backtest_results\_builder_sessions\20260319_065554_strat_gie_de_regime_adaptatif_sur_trbusd,851868107c4a25903437bb2e1b09ea00354ff11d48e794ac9787628b8d749a81,19552,,,running,,,,2,,0.4967761615875984,9.048178869764726,
533,20260319_070002_strat_gie_de_scalping_sur_mitousdc_5m_in,C:\Users\o3-Pro\Documents\backtest_results\_builder_sessions\20260319_070002_strat_gie_de_scalping_sur_mitousdc_5m_in\session_summary.json,C:\Users\o3-Pro\Documents\backtest_results\_builder_sessions\20260319_070002_strat_gie_de_scalping_sur_mitousdc_5m_in,edbe2393e78e63737c613dcbada2e0d3b24aa083cc02c5095d61f78b9a52a237,12743,,,running,,,,1,,-20.0,-100.0,
534,20260319_070051_objectif_de_strat_gie_sur_maskusdc_1h_in,C:\Users\o3-Pro\Documents\backtest_results\_builder_sessions\20260319_070051_objectif_de_strat_gie_sur_maskusdc_1h_in\session_summary.json,C:\Users\o3-Pro\Documents\backtest_results\_builder_sessions\20260319_070051_objectif_de_strat_gie_sur_maskusdc_1h_in,cfeb7c8f2c8e8644db8f23648fa3bd207bdd91f2c0dd7dd3d80470aa102b452f,9576,,,running,,,,1,,-0.09765011038615726,-22.08676736222442,
535,20260319_070431_strat_gie_de_momentum_sur_filusdc_1h_ind,C:\Users\o3-Pro\Documents\backtest_results\_builder_sessions\20260319_070431_strat_gie_de_momentum_sur_filusdc_1h_ind\session_summary.json,C:\Users\o3-Pro\Documents\backtest_results\_builder_sessions\20260319_070431_strat_gie_de_momentum_sur_filusdc_1h_ind,f84ab8b5115d3e7158464ede81c3ac8f711a7f4ed21cd5ee8129eed48fcb0a46,11638,,,running,,,,2,,-20.0,-100.0,
536,20260319_070726_objectif_de_strat_gie_sur_lptusdc_1d_ind,C:\Users\o3-Pro\Documents\backtest_results\_builder_sessions\20260319_070726_objectif_de_strat_gie_sur_lptusdc_1d_ind\session_summary.json,C:\Users\o3-Pro\Documents\backtest_results\_builder_sessions\20260319_070726_objectif_de_strat_gie_sur_lptusdc_1d_ind,7a7c1cde2fff65e29eaa1dacc280f387742012476c422d4664f2f8467f2399a7,2454,,,failed,,,,1,,-inf,-inf,
537,20260319_070732_strat_gie_de_mean_reversion_sur_roseusdc,C:\Users\o3-Pro\Documents\backtest_results\_builder_sessions\20260319_070732_strat_gie_de_mean_reversion_sur_roseusdc\session_summary.json,C:\Users\o3-Pro\Documents\backtest_results\_builder_sessions\20260319_070732_strat_gie_de_mean_reversion_sur_roseusdc,504b4a0a230a5844ccb6c3b031fc03784d830644328bfa5fcc6945df9234913d,2075,,,failed,,,,1,,-inf,-inf,
538,20260319_070820_strat_gie_de_trend_following_sur_ilvusdc,C:\Users\o3-Pro\Documents\backtest_results\_builder_sessions\20260319_070820_strat_gie_de_trend_following_sur_ilvusdc\session_summary.json,C:\Users\o3-Pro\Documents\backtest_results\_builder_sessions\20260319_070820_strat_gie_de_trend_following_sur_ilvusdc,bc1d1d3bc4ba53cc2d8b77d5db9263ad6bc395b27652de6a990029e9dcaa4c80,78866,,,max_iterations,,,,10,,0.7270280560718153,60.91600537918431,
539,20260319_071114_strat_gie_de_scalping_sur_btcusdc_5m_ind,C:\Users\o3-Pro\Documents\backtest_results\_builder_sessions\20260319_071114_strat_gie_de_scalping_sur_btcusdc_5m_ind\session_summary.json,C:\Users\o3-Pro\Documents\backtest_results\_builder_sessions\20260319_071114_strat_gie_de_scalping_sur_btcusdc_5m_ind,5f4db1ae35e68db8ab5fd8ed83368f502c20a89d270780006392d09b83391b42,43443,,,running,,,,4,,0.0,-100.0,
540,20260319_072005_objectif_sur_paxgusdc_1h_utiliser_la_com,C:\Users\o3-Pro\Documents\backtest_results\_builder_sessions\20260319_072005_objectif_sur_paxgusdc_1h_utiliser_la_com\session_summary.json,C:\Users\o3-Pro\Documents\backtest_results\_builder_sessions\20260319_072005_objectif_sur_paxgusdc_1h_utiliser_la_com,d355b04fa80189098ee39e99403f275bee0e731405d40575f394458f0df84def,9837,,,running,,,,1,,0.2630521819155206,6.95564723695805,
541,20260319_072234_strat_gie_de_mean_reversion_sur_xvgusdc,C:\Users\o3-Pro\Documents\backtest_results\_builder_sessions\20260319_072234_strat_gie_de_mean_reversion_sur_xvgusdc\session_summary.json,C:\Users\o3-Pro\Documents\backtest_results\_builder_sessions\20260319_072234_strat_gie_de_mean_reversion_sur_xvgusdc,691935d4cb07188b0cbc61c920299586d6c159c9c3be598d33927353de763ac0,13242,,,success,,,,1,,2.3201630425238866,100.0,
542,20260319_072348_objectif_sur_metusdc_1d_combiner_atr_ave,C:\Users\o3-Pro\Documents\backtest_results\_builder_sessions\20260319_072348_objectif_sur_metusdc_1d_combiner_atr_ave\session_summary.json,C:\Users\o3-Pro\Documents\backtest_results\_builder_sessions\20260319_072348_objectif_sur_metusdc_1d_combiner_atr_ave,6249d3d368bac1477da63fff7a0ce69a8f4640b4e53abf5a57539cfaae688d6b,2723,,,failed,,,,1,,-inf,-inf,
543,20260319_072428_objectif_de_strat_gie_sur_zkusdc_15m_ind,C:\Users\o3-Pro\Documents\backtest_results\_builder_sessions\20260319_072428_objectif_de_strat_gie_sur_zkusdc_15m_ind\session_summary.json,C:\Users\o3-Pro\Documents\backtest_results\_builder_sessions\20260319_072428_objectif_de_strat_gie_sur_zkusdc_15m_ind,20e44225e6c662ee3d8646b63290edf05a3ae3deb61513fc2fb181bb7b7aba14,20858,,,running,,,,2,,-20.0,-100.0,
544,20260319_072757_objectif_sur_ondousdc_4h_combiner_atr_av,C:\Users\o3-Pro\Documents\backtest_results\_builder_sessions\20260319_072757_objectif_sur_ondousdc_4h_combiner_atr_av\session_summary.json,C:\Users\o3-Pro\Documents\backtest_results\_builder_sessions\20260319_072757_objectif_sur_ondousdc_4h_combiner_atr_av,ca4b0e1e92a998548c3739429e4586dd4e8111d1bb4536e4422a33b275aaf25c,54127,,,running,,,,5,,0.28036545198458085,-100.0,
545,20260319_073141_objectif_sur_imxusdc_4h_exploiter_le_d_s,C:\Users\o3-Pro\Documents\backtest_results\_builder_sessions\20260319_073141_objectif_sur_imxusdc_4h_exploiter_le_d_s\session_summary.json,C:\Users\o3-Pro\Documents\backtest_results\_builder_sessions\20260319_073141_objectif_sur_imxusdc_4h_exploiter_le_d_s,fed383075c55cda774056f8c406c21a73ba79dad9423314ac38f71240046c6e4,35804,,,running,,,,4,,0.0,-100.0,
546,20260319_074258_objectif_de_strat_gie_sur_susdc_1h_indic,C:\Users\o3-Pro\Documents\backtest_results\_builder_sessions\20260319_074258_objectif_de_strat_gie_sur_susdc_1h_indic\session_summary.json,C:\Users\o3-Pro\Documents\backtest_results\_builder_sessions\20260319_074258_objectif_de_strat_gie_sur_susdc_1h_indic,c8c5263bb8b1ace3f49e300926fd1002d22198f452135699529440b503f21f78,87256,,,max_iterations,,,,10,,0.9615915225522979,70.18428603352044,
547,20260319_074526_strat_gie_de_trend_following_sur_wusdc_4,C:\Users\o3-Pro\Documents\backtest_results\_builder_sessions\20260319_074526_strat_gie_de_trend_following_sur_wusdc_4\session_summary.json,C:\Users\o3-Pro\Documents\backtest_results\_builder_sessions\20260319_074526_strat_gie_de_trend_following_sur_wusdc_4,d95945f377fe4d0292c72520537cf7273d54f64f1b231c94c08290ae91a395a3,2064,,,failed,,,,1,,-inf,-inf,
548,20260319_074623_strat_gie_de_breakout_sur_stousdc_1d_ind,C:\Users\o3-Pro\Documents\backtest_results\_builder_sessions\20260319_074623_strat_gie_de_breakout_sur_stousdc_1d_ind\session_summary.json,C:\Users\o3-Pro\Documents\backtest_results\_builder_sessions\20260319_074623_strat_gie_de_breakout_sur_stousdc_1d_ind,14986f39e4d5ffec63d712d0c9d43e74daff8cf534054c98642ff968d52a4168,12761,,,running,,,,1,,-0.22368452147420084,-100.0,
549,20260319_074917_strat_gie_de_regime_adaptatif_sur_cookie,C:\Users\o3-Pro\Documents\backtest_results\_builder_sessions\20260319_074917_strat_gie_de_regime_adaptatif_sur_cookie\session_summary.json,C:\Users\o3-Pro\Documents\backtest_results\_builder_sessions\20260319_074917_strat_gie_de_regime_adaptatif_sur_cookie,76ae4fa4fb80ead479429a3e16267d321633d788f1b462203e223e4798ac56b0,59950,,,running,,,,8,,0.7615728090011195,78.27761167965485,
550,20260319_075257_sur_injusdc_1h_indicateurs_adx_fisher_tr,C:\Users\o3-Pro\Documents\backtest_results\_builder_sessions\20260319_075257_sur_injusdc_1h_indicateurs_adx_fisher_tr\session_summary.json,C:\Users\o3-Pro\Documents\backtest_results\_builder_sessions\20260319_075257_sur_injusdc_1h_indicateurs_adx_fisher_tr,1b43a4aa136d39a48a7e2e6752cfb444953bad49e686ba5c93f87e3b1f2d0718,90887,,,max_iterations,,,,10,,0.5500869073009511,89.3404737480047,
551,20260319_075656_strat_gie_de_scalping_sur_neirousdc_30m,C:\Users\o3-Pro\Documents\backtest_results\_builder_sessions\20260319_075656_strat_gie_de_scalping_sur_neirousdc_30m\session_summary.json,C:\Users\o3-Pro\Documents\backtest_results\_builder_sessions\20260319_075656_strat_gie_de_scalping_sur_neirousdc_30m,17894cef5d60aa9b3f2e10ae6499e1e6d046de5deca968e9afd19010add1aa7d,2048,,,failed,,,,1,,-inf,-inf,
552,20260319_080017_strat_gie_de_momentum_sur_saharausdc_1h,C:\Users\o3-Pro\Documents\backtest_results\_builder_sessions\20260319_080017_strat_gie_de_momentum_sur_saharausdc_1h\session_summary.json,C:\Users\o3-Pro\Documents\backtest_results\_builder_sessions\20260319_080017_strat_gie_de_momentum_sur_saharausdc_1h,cf675952c7fc8c2efe53a5c2041be56e4edd9c24c4f2a732a1e35d33ad5ab3d3,22460,,,running,,,,2,,0.0,-100.0,
553,20260319_080112_objectif_de_strat_gie_sur_pnutusdc_1h_in,C:\Users\o3-Pro\Documents\backtest_results\_builder_sessions\20260319_080112_objectif_de_strat_gie_sur_pnutusdc_1h_in\session_summary.json,C:\Users\o3-Pro\Documents\backtest_results\_builder_sessions\20260319_080112_objectif_de_strat_gie_sur_pnutusdc_1h_in,7d115328bcb15e299d2b2809c8f7acd4e67a6038b5206ec6568f9435989d8c00,31756,,,running,,,,4,,1.0201928151973014,-26.0,
554,20260319_080544_strat_gie_de_scalping_sur_wusdc_3m_indic,C:\Users\o3-Pro\Documents\backtest_results\_builder_sessions\20260319_080544_strat_gie_de_scalping_sur_wusdc_3m_indic\session_summary.json,C:\Users\o3-Pro\Documents\backtest_results\_builder_sessions\20260319_080544_strat_gie_de_scalping_sur_wusdc_3m_indic,8d82bde4b218f8cb898a019d4195caffe786a685bfb22d94ae79bf4a8bd12447,2107,,,failed,,,,1,,-inf,-inf,
555,20260319_080758_strat_gie_de_mean_reversion_sur_townsusd,C:\Users\o3-Pro\Documents\backtest_results\_builder_sessions\20260319_080758_strat_gie_de_mean_reversion_sur_townsusd\session_summary.json,C:\Users\o3-Pro\Documents\backtest_results\_builder_sessions\20260319_080758_strat_gie_de_mean_reversion_sur_townsusd,664908d412a50b270445385e19d10ee861120a0e36f0d8317c17ab7ece60094a,2129,,,failed,,,,1,,-inf,-inf,
556,20260319_080823_strat_gie_de_momentum_sur_mavusdc_1h_ind,C:\Users\o3-Pro\Documents\backtest_results\_builder_sessions\20260319_080823_strat_gie_de_momentum_sur_mavusdc_1h_ind\session_summary.json,C:\Users\o3-Pro\Documents\backtest_results\_builder_sessions\20260319_080823_strat_gie_de_momentum_sur_mavusdc_1h_ind,8e6671494731ca79b1f6e2af45c15ee52e51ea5160017d935e57231c83a601a3,33227,,,running,,,,3,,0.0,-73.44828836208804,
557,20260319_080915_objectif_sur_bchusdc_1h_exploiter_la_com,C:\Users\o3-Pro\Documents\backtest_results\_builder_sessions\20260319_080915_objectif_sur_bchusdc_1h_exploiter_la_com\session_summary.json,C:\Users\o3-Pro\Documents\backtest_results\_builder_sessions\20260319_080915_objectif_sur_bchusdc_1h_exploiter_la_com,74e81459e5e3c016b41e3d2caeac3b81f687b6401c54fe0eac55004387e6fcdc,47602,,,running,,,,5,,0.0,-100.0,
558,20260319_081532_strat_gie_de_breakout_sur_dashusdc_1d_in,C:\Users\o3-Pro\Documents\backtest_results\_builder_sessions\20260319_081532_strat_gie_de_breakout_sur_dashusdc_1d_in\session_summary.json,C:\Users\o3-Pro\Documents\backtest_results\_builder_sessions\20260319_081532_strat_gie_de_breakout_sur_dashusdc_1d_in,02c3b23f1c74ed045e80a3e6c4352000f8575a57b81406a8082f089d05d28e97,2107,,,failed,,,,1,,-inf,-inf,
559,20260319_081600_strat_gie_de_multi_factor_sur_neirousdc,C:\Users\o3-Pro\Documents\backtest_results\_builder_sessions\20260319_081600_strat_gie_de_multi_factor_sur_neirousdc\session_summary.json,C:\Users\o3-Pro\Documents\backtest_results\_builder_sessions\20260319_081600_strat_gie_de_multi_factor_sur_neirousdc,c6c6b583519919e68dc0fb2f593354066afe59203e3d111cacb1574c0d8e013a,13126,,,running,,,,1,,0.6227961541066849,-100.0,
560,20260319_081948_strat_gie_de_regime_adaptatif_sur_brocco,C:\Users\o3-Pro\Documents\backtest_results\_builder_sessions\20260319_081948_strat_gie_de_regime_adaptatif_sur_brocco\session_summary.json,C:\Users\o3-Pro\Documents\backtest_results\_builder_sessions\20260319_081948_strat_gie_de_regime_adaptatif_sur_brocco,c25e824f7ec5735d02cebf5453750f1e8adb176ccf323b5fdb6214212c9de396,12508,,,running,,,,1,,-20.0,-100.0,
561,20260319_082028_objectif_de_strat_gie_sur_resolvusdc_4h,C:\Users\o3-Pro\Documents\backtest_results\_builder_sessions\20260319_082028_objectif_de_strat_gie_sur_resolvusdc_4h\session_summary.json,C:\Users\o3-Pro\Documents\backtest_results\_builder_sessions\20260319_082028_objectif_de_strat_gie_sur_resolvusdc_4h,87285f6a4ef4fdfd5ee70611e9e17133ee24006a09d96165e2d21b7d35261317,19926,,,running,,,,2,,0.0,-100.0,
562,20260319_082527_strat_gie_de_momentum_sur_kernelusdc_4h,C:\Users\o3-Pro\Documents\backtest_results\_builder_sessions\20260319_082527_strat_gie_de_momentum_sur_kernelusdc_4h\session_summary.json,C:\Users\o3-Pro\Documents\backtest_results\_builder_sessions\20260319_082527_strat_gie_de_momentum_sur_kernelusdc_4h,a4c37f24a3f6148c341c5e6d66a0f56de034e5ccbd10b27b739788eb2ade1a3e,31937,,,success,,,,4,,1.196256573382104,100.0,
563,20260319_082735_objectif_d_tecter_un_changement_de_r_gim,C:\Users\o3-Pro\Documents\backtest_results\_builder_sessions\20260319_082735_objectif_d_tecter_un_changement_de_r_gim\session_summary.json,C:\Users\o3-Pro\Documents\backtest_results\_builder_sessions\20260319_082735_objectif_d_tecter_un_changement_de_r_gim,14503985e917e89614378666b234038877e7fa297bba46668f9243045526a662,39741,,,running,,,,4,,0.6605484995678369,-100.0,
564,20260319_082931_objectif_de_strat_gie_sur_broccoli714usd,C:\Users\o3-Pro\Documents\backtest_results\_builder_sessions\20260319_082931_objectif_de_strat_gie_sur_broccoli714usd\session_summary.json,C:\Users\o3-Pro\Documents\backtest_results\_builder_sessions\20260319_082931_objectif_de_strat_gie_sur_broccoli714usd,0fa42047124fc2ec1db8ebabc42a9aba8a55228cc08ead45645809f70b388c61,88918,,,max_iterations,,,,10,,1.264641859541425,100.0,
565,20260319_083553_strat_gie_de_mean_reversion_sur_dydxusdc,C:\Users\o3-Pro\Documents\backtest_results\_builder_sessions\20260319_083553_strat_gie_de_mean_reversion_sur_dydxusdc\session_summary.json,C:\Users\o3-Pro\Documents\backtest_results\_builder_sessions\20260319_083553_strat_gie_de_mean_reversion_sur_dydxusdc,6d82449484a09abd1d19cc44d2058473b61fa856c6c8c914af8eecee093d2bbc,25424,,,running,,,,2,,0.0,-100.0,
566,20260319_084006_objectif_de_strat_gie_sur_mitousdc_1h_in,C:\Users\o3-Pro\Documents\backtest_results\_builder_sessions\20260319_084006_objectif_de_strat_gie_sur_mitousdc_1h_in\session_summary.json,C:\Users\o3-Pro\Documents\backtest_results\_builder_sessions\20260319_084006_objectif_de_strat_gie_sur_mitousdc_1h_in,abbfc18d0b3df46eeb852a35bbaad888767fc898f38297f3dab6e0c1b02dd2bd,49337,,,failed,,,,6,,0.8032811845126642,-26.0,
567,20260319_084302_strat_gie_de_regime_adaptatif_sur_redusd,C:\Users\o3-Pro\Documents\backtest_results\_builder_sessions\20260319_084302_strat_gie_de_regime_adaptatif_sur_redusd\session_summary.json,C:\Users\o3-Pro\Documents\backtest_results\_builder_sessions\20260319_084302_strat_gie_de_regime_adaptatif_sur_redusd,c7295a3e690aea7cb84f09f8b4d0b5751992ea050c56b3a248b83422d836b96f,79750,,,max_iterations,,,,10,,0.5659937320072459,43.860190399751986,
568,20260319_084700_objectif_de_strat_gie_sur_bardusdc_1w_in,C:\Users\o3-Pro\Documents\backtest_results\_builder_sessions\20260319_084700_objectif_de_strat_gie_sur_bardusdc_1w_in\session_summary.json,C:\Users\o3-Pro\Documents\backtest_results\_builder_sessions\20260319_084700_objectif_de_strat_gie_sur_bardusdc_1w_in,ea01a351f14c6d808d5334564300fccca8a5a2b287c9fdaa9228d0b0d1dbde8e,2433,,,failed,,,,1,,-inf,-inf,
569,20260319_084732_strat_gie_hybride_sur_ldousdc_15m_indica,C:\Users\o3-Pro\Documents\backtest_results\_builder_sessions\20260319_084732_strat_gie_hybride_sur_ldousdc_15m_indica\session_summary.json,C:\Users\o3-Pro\Documents\backtest_results\_builder_sessions\20260319_084732_strat_gie_hybride_sur_ldousdc_15m_indica,2e5871374b2576b85ed985e86b2aa37549879f124f18e270b5d9238bcd502a71,12447,,,running,,,,1,,-20.0,-100.0,
570,20260319_084911_objectif_sur_tnsrusdc_4h_exploiter_une_d,C:\Users\o3-Pro\Documents\backtest_results\_builder_sessions\20260319_084911_objectif_sur_tnsrusdc_4h_exploiter_une_d\session_summary.json,C:\Users\o3-Pro\Documents\backtest_results\_builder_sessions\20260319_084911_objectif_sur_tnsrusdc_4h_exploiter_une_d,a6ab2e2d3e0d99b8b31d0965ec5fcb61c2c381be88109f0f123355042688c932,31079,,,running,,,,3,,0.00804439382754541,-100.0,
571,20260319_085346_strat_gie_de_trend_following_sur_peopleu,C:\Users\o3-Pro\Documents\backtest_results\_builder_sessions\20260319_085346_strat_gie_de_trend_following_sur_peopleu\session_summary.json,C:\Users\o3-Pro\Documents\backtest_results\_builder_sessions\20260319_085346_strat_gie_de_trend_following_sur_peopleu,71cafbe822f80b70912fe346ff73f16c4bef1ee0212d9af08e9ee024916bcf24,2107,,,failed,,,,1,,-inf,-inf,
572,20260319_085452_strat_gie_de_scalping_sur_giggleusdc_1h,C:\Users\o3-Pro\Documents\backtest_results\_builder_sessions\20260319_085452_strat_gie_de_scalping_sur_giggleusdc_1h\session_summary.json,C:\Users\o3-Pro\Documents\backtest_results\_builder_sessions\20260319_085452_strat_gie_de_scalping_sur_giggleusdc_1h,6f65e3d1dea1f6033551d300e9afdab837920200d615e9b269245218ee364d8f,95631,,,failed,,,,10,,0.9709502214817349,-26.0,
573,20260319_085547_objectif_sur_pepeusdc_4h_combiner_aroon,C:\Users\o3-Pro\Documents\backtest_results\_builder_sessions\20260319_085547_objectif_sur_pepeusdc_4h_combiner_aroon\session_summary.json,C:\Users\o3-Pro\Documents\backtest_results\_builder_sessions\20260319_085547_objectif_sur_pepeusdc_4h_combiner_aroon,43e5758d11a04d3a98e78fe8a0baf8c0608bb33a10dfcb061a10e9a9d04e48f1,21729,,,running,,,,2,,0.0,-100.0,
574,20260319_090302_objectif_sur_synusdc_15m_avec_ultra_swin,C:\Users\o3-Pro\Documents\backtest_results\_builder_sessions\20260319_090302_objectif_sur_synusdc_15m_avec_ultra_swin\session_summary.json,C:\Users\o3-Pro\Documents\backtest_results\_builder_sessions\20260319_090302_objectif_sur_synusdc_15m_avec_ultra_swin,cde5b69dc1291adc06534e56ad27e9e1fc56f6adc09e1e7d6198c47c53a36e88,9542,,,running,,,,1,,-20.0,-100.0,
575,20260319_090703_objectif_de_strat_gie_sur_cetususdc_4h_i,C:\Users\o3-Pro\Documents\backtest_results\_builder_sessions\20260319_090703_objectif_de_strat_gie_sur_cetususdc_4h_i\session_summary.json,C:\Users\o3-Pro\Documents\backtest_results\_builder_sessions\20260319_090703_objectif_de_strat_gie_sur_cetususdc_4h_i,fca437498dc88250fb582840dcc2152f9d0f27637afda415b86dffbfddba0895,12160,,,success,,,,1,,1.033345303435001,96.73356882306942,
576,20260319_090941_objectif_de_strat_gie_sur_injusdc_1h_ind,C:\Users\o3-Pro\Documents\backtest_results\_builder_sessions\20260319_090941_objectif_de_strat_gie_sur_injusdc_1h_ind\session_summary.json,C:\Users\o3-Pro\Documents\backtest_results\_builder_sessions\20260319_090941_objectif_de_strat_gie_sur_injusdc_1h_ind,d36ef7ea46546702967afd335566123e464e75d5e544075690858b39dd0245dd,9695,,,running,,,,1,,0.35099132006938055,20.539765382739546,
577,20260319_091344_strat_gie_de_momentum_sur_actusdc_1h_ind,C:\Users\o3-Pro\Documents\backtest_results\_builder_sessions\20260319_091344_strat_gie_de_momentum_sur_actusdc_1h_ind\session_summary.json,C:\Users\o3-Pro\Documents\backtest_results\_builder_sessions\20260319_091344_strat_gie_de_momentum_sur_actusdc_1h_ind,33fc14659a8b5cfff74339bdd7c8f0637b49ed33514aa98d426bda90ebf00996,7591,,,running,,,,1,,0.0,-26.0,
578,20260319_091453_objectif_sur_ldousdc_1d_croiser_aroon_si,C:\Users\o3-Pro\Documents\backtest_results\_builder_sessions\20260319_091453_objectif_sur_ldousdc_1d_croiser_aroon_si\session_summary.json,C:\Users\o3-Pro\Documents\backtest_results\_builder_sessions\20260319_091453_objectif_sur_ldousdc_1d_croiser_aroon_si,298628f81f4e0e8481e25d8a2190fbeefe943fd8f81e7680c6dcb96f4e8a9dda,21167,,,running,,,,2,,0.0,-100.0,
579,20260319_091649_strat_gie_de_breakout_sur_nearusdc_1h_in,C:\Users\o3-Pro\Documents\backtest_results\_builder_sessions\20260319_091649_strat_gie_de_breakout_sur_nearusdc_1h_in\session_summary.json,C:\Users\o3-Pro\Documents\backtest_results\_builder_sessions\20260319_091649_strat_gie_de_breakout_sur_nearusdc_1h_in,06eb60b878782df68c5e3e36a45f2e8b45794a18ded7524ee7f87409620b6e82,20051,,,running,,,,2,,0.0,-100.0,
580,20260319_092146_objectif_sur_gpsusdc_1h_utiliser_un_filt,C:\Users\o3-Pro\Documents\backtest_results\_builder_sessions\20260319_092146_objectif_sur_gpsusdc_1h_utiliser_un_filt\session_summary.json,C:\Users\o3-Pro\Documents\backtest_results\_builder_sessions\20260319_092146_objectif_sur_gpsusdc_1h_utiliser_un_filt,3788f683a7edba14dd1c9ed81b9297adc3fb11a14d32e8d7e6cd9276b2b84923,78853,,,max_iterations,,,,10,,0.9071818424878878,77.1562402924166,
581,20260319_092246_strat_gie_de_multi_factor_sur_broccoli71,C:\Users\o3-Pro\Documents\backtest_results\_builder_sessions\20260319_092246_strat_gie_de_multi_factor_sur_broccoli71\session_summary.json,C:\Users\o3-Pro\Documents\backtest_results\_builder_sessions\20260319_092246_strat_gie_de_multi_factor_sur_broccoli71,5626db222b120640f2653e95459358045ed2d1aa49a59616cf116f34632f840e,2092,,,failed,,,,1,,-inf,-inf,
582,20260319_092525_strat_gie_de_mean_reversion_sur_bonkusdc,C:\Users\o3-Pro\Documents\backtest_results\_builder_sessions\20260319_092525_strat_gie_de_mean_reversion_sur_bonkusdc\session_summary.json,C:\Users\o3-Pro\Documents\backtest_results\_builder_sessions\20260319_092525_strat_gie_de_mean_reversion_sur_bonkusdc,b9d35409c5e465eda4bcec9304284375fb983de9d297a0aec6a203dc2a9f2a48,61572,,,failed,,,,6,,0.523926336154971,-100.0,
583,20260319_093033_objectif_de_strat_gie_sur_eosusdc_1d_ind,C:\Users\o3-Pro\Documents\backtest_results\_builder_sessions\20260319_093033_objectif_de_strat_gie_sur_eosusdc_1d_ind\session_summary.json,C:\Users\o3-Pro\Documents\backtest_results\_builder_sessions\20260319_093033_objectif_de_strat_gie_sur_eosusdc_1d_ind,4829e507f9122c54083d26f76b28f9aa0a9a157ab57aacf07f747e0879ea66b4,29074,,,running,,,,3,,0.0,-100.0,
584,20260319_093819_strat_gie_de_momentum_sur_humausdc_1h_in,C:\Users\o3-Pro\Documents\backtest_results\_builder_sessions\20260319_093819_strat_gie_de_momentum_sur_humausdc_1h_in\session_summary.json,C:\Users\o3-Pro\Documents\backtest_results\_builder_sessions\20260319_093819_strat_gie_de_momentum_sur_humausdc_1h_in,4b16ac16f02a00ded9f6cd673cef8774cd34c8c7a70e9d7527ad300f4cb93a24,18960,,,running,,,,2,,0.0,-26.0,
585,20260319_093949_objectif_sur_openusdc_1h_indicateurs_atr,C:\Users\o3-Pro\Documents\backtest_results\_builder_sessions\20260319_093949_objectif_sur_openusdc_1h_indicateurs_atr\session_summary.json,C:\Users\o3-Pro\Documents\backtest_results\_builder_sessions\20260319_093949_objectif_sur_openusdc_1h_indicateurs_atr,e7d58b1b42c74e183b132eafba83f5779f08a870c35bd0584136cc1b6107dfa4,55244,,,failed,,,,6,,0.43098015548003565,-26.0,
586,20260319_094332_strat_gie_de_regime_adaptatif_sur_robous,C:\Users\o3-Pro\Documents\backtest_results\_builder_sessions\20260319_094332_strat_gie_de_regime_adaptatif_sur_robous\session_summary.json,C:\Users\o3-Pro\Documents\backtest_results\_builder_sessions\20260319_094332_strat_gie_de_regime_adaptatif_sur_robous,0a7e51810a3f23b565a65e83cb177ef9b645497141d49180a43b931b61daece5,2094,,,failed,,,,1,,-inf,-inf,
587,20260319_094417_strat_gie_de_scalping_sur_roseusdc_5m_in,C:\Users\o3-Pro\Documents\backtest_results\_builder_sessions\20260319_094417_strat_gie_de_scalping_sur_roseusdc_5m_in\session_summary.json,C:\Users\o3-Pro\Documents\backtest_results\_builder_sessions\20260319_094417_strat_gie_de_scalping_sur_roseusdc_5m_in,6c78089984cf94345b70bd202f3c3168e67af47860fd4ac773e9c37b3503a20e,12269,,,running,,,,1,,-20.0,-100.0,
588,20260319_094748_strat_gie_de_trend_following_sur_peopleu,C:\Users\o3-Pro\Documents\backtest_results\_builder_sessions\20260319_094748_strat_gie_de_trend_following_sur_peopleu\session_summary.json,C:\Users\o3-Pro\Documents\backtest_results\_builder_sessions\20260319_094748_strat_gie_de_trend_following_sur_peopleu,e0589fbb8c819e990547a46da42c412ac6c0dce5b2fd9b0411f4672947c500e1,12930,,,running,,,,1,,0.6874450253579103,46.3260684093582,
589,20260319_095023_objectif_sur_kernelusdc_4h_exploiter_la,C:\Users\o3-Pro\Documents\backtest_results\_builder_sessions\20260319_095023_objectif_sur_kernelusdc_4h_exploiter_la\session_summary.json,C:\Users\o3-Pro\Documents\backtest_results\_builder_sessions\20260319_095023_objectif_sur_kernelusdc_4h_exploiter_la,d6849a2f67bf806cb5ee602266c3901fa88ab1108e52f309f2cbf15ccff446e0,79353,,,max_iterations,,,,10,,0.8594056522302843,84.08658708456315,
590,20260319_095441_strat_gie_de_regime_adaptatif_sur_1000ch,C:\Users\o3-Pro\Documents\backtest_results\_builder_sessions\20260319_095441_strat_gie_de_regime_adaptatif_sur_1000ch\session_summary.json,C:\Users\o3-Pro\Documents\backtest_results\_builder_sessions\20260319_095441_strat_gie_de_regime_adaptatif_sur_1000ch,6b572eed7da0d047c902761233b8e24fb53a066805be62c827825ea3400cf519,2118,,,failed,,,,1,,-inf,-inf,
591,20260319_095511_strat_gie_de_scalping_sur_btcusdc_1h_ind,C:\Users\o3-Pro\Documents\backtest_results\_builder_sessions\20260319_095511_strat_gie_de_scalping_sur_btcusdc_1h_ind\session_summary.json,C:\Users\o3-Pro\Documents\backtest_results\_builder_sessions\20260319_095511_strat_gie_de_scalping_sur_btcusdc_1h_ind,592e0f1321c88999f9d332f475cd4b1884f9d06d48a976bad7a6772015fa823f,45217,,,running,,,,4,,0.0,-100.0,
592,20260319_095841_objectif_sur_mubarakusdc_1h_indicateurs,C:\Users\o3-Pro\Documents\backtest_results\_builder_sessions\20260319_095841_objectif_sur_mubarakusdc_1h_indicateurs\session_summary.json,C:\Users\o3-Pro\Documents\backtest_results\_builder_sessions\20260319_095841_objectif_sur_mubarakusdc_1h_indicateurs,13533d3bb507a153b69ee79a80aa3481206650f9664fb2559b0eb9841ec071bb,47509,,,running,,,,5,,0.6678049324573485,-50.0,
593,20260319_100428_strat_gie_de_multi_factor_sur_aixbtusdc,C:\Users\o3-Pro\Documents\backtest_results\_builder_sessions\20260319_100428_strat_gie_de_multi_factor_sur_aixbtusdc\session_summary.json,C:\Users\o3-Pro\Documents\backtest_results\_builder_sessions\20260319_100428_strat_gie_de_multi_factor_sur_aixbtusdc,cb98e3053c3aa9de799d9a412e51268ef70b5ee46fc594834986ae26847ced63,40131,,,running,,,,5,,0.0,-26.0,
594,20260319_100850_objectif_sur_moveusdc_1h_exploiter_une_d,C:\Users\o3-Pro\Documents\backtest_results\_builder_sessions\20260319_100850_objectif_sur_moveusdc_1h_exploiter_une_d\session_summary.json,C:\Users\o3-Pro\Documents\backtest_results\_builder_sessions\20260319_100850_objectif_sur_moveusdc_1h_exploiter_une_d,2c05f605e0ffa56db9d0477e747a09a393a79b83e57f1f536cd53684166bb3c7,2422,,,failed,,,,1,,-inf,-inf,
595,20260319_100942_objectif_de_strat_gie_sur_luncusdc_1h_in,C:\Users\o3-Pro\Documents\backtest_results\_builder_sessions\20260319_100942_objectif_de_strat_gie_sur_luncusdc_1h_in\session_summary.json,C:\Users\o3-Pro\Documents\backtest_results\_builder_sessions\20260319_100942_objectif_de_strat_gie_sur_luncusdc_1h_in,1740a8f69ddee741919803f371dcde3bee2facff5ddbaba3c9262cf82339e5f0,77473,,,max_iterations,,,,10,,0.6151007377277489,32.9831841445436,
596,20260319_101125_strat_gie_de_breakout_sur_ybusdc_1h_indi,C:\Users\o3-Pro\Documents\backtest_results\_builder_sessions\20260319_101125_strat_gie_de_breakout_sur_ybusdc_1h_indi\session_summary.json,C:\Users\o3-Pro\Documents\backtest_results\_builder_sessions\20260319_101125_strat_gie_de_breakout_sur_ybusdc_1h_indi,6234a709478b20b8d249cc586d28a8353887c1e582f0c35d047645ca03faa741,2072,,,failed,,,,1,,-inf,-inf,
597,20260319_101152_strat_gie_de_scalping_sur_dashusdc_1h_in,C:\Users\o3-Pro\Documents\backtest_results\_builder_sessions\20260319_101152_strat_gie_de_scalping_sur_dashusdc_1h_in\session_summary.json,C:\Users\o3-Pro\Documents\backtest_results\_builder_sessions\20260319_101152_strat_gie_de_scalping_sur_dashusdc_1h_in,2d81f64a10e04eb79e1c403e2447c231db096b3cd4ef2aa82f47639c256f4e0a,23273,,,running,,,,2,,0.16127444101952707,-53.50030444953849,
598,20260319_101751_strat_gie_de_regime_adaptatif_sur_atomus,C:\Users\o3-Pro\Documents\backtest_results\_builder_sessions\20260319_101751_strat_gie_de_regime_adaptatif_sur_atomus\session_summary.json,C:\Users\o3-Pro\Documents\backtest_results\_builder_sessions\20260319_101751_strat_gie_de_regime_adaptatif_sur_atomus,11222e7564f12047c49757d2838748f77227b9db905655ca5b11f17aca964767,10253,,,running,,,,1,,-20.0,-100.0,
599,20260319_102103_strat_gie_de_trend_following_sur_galausd,C:\Users\o3-Pro\Documents\backtest_results\_builder_sessions\20260319_102103_strat_gie_de_trend_following_sur_galausd\session_summary.json,C:\Users\o3-Pro\Documents\backtest_results\_builder_sessions\20260319_102103_strat_gie_de_trend_following_sur_galausd,1c2f43152675cdb93f144b261ba6df0096435821a8d95890a73d2c9bc2dc6e59,88863,,,failed,,,,9,,0.34370074443063264,-100.0,
600,20260319_102215_objectif_de_strat_gie_sur_ethusdc_1h_ind,C:\Users\o3-Pro\Documents\backtest_results\_builder_sessions\20260319_102215_objectif_de_strat_gie_sur_ethusdc_1h_ind\session_summary.json,C:\Users\o3-Pro\Documents\backtest_results\_builder_sessions\20260319_102215_objectif_de_strat_gie_sur_ethusdc_1h_ind,43172a567b749625330219e73ff658845e14e7d588cfedd2cef12fd61b81931f,12528,,,running,,,,1,,-20.0,-100.0,
601,20260319_103537_strat_gie_de_breakout_sur_opnusdc_15m_in,C:\Users\o3-Pro\Documents\backtest_results\_builder_sessions\20260319_103537_strat_gie_de_breakout_sur_opnusdc_15m_in\session_summary.json,C:\Users\o3-Pro\Documents\backtest_results\_builder_sessions\20260319_103537_strat_gie_de_breakout_sur_opnusdc_15m_in,6c348604d1d02f8582e96f811e0f5352600fb3c6ed1d65ad59cb05f15cc1e5e5,2093,,,failed,,,,1,,-inf,-inf,
602,20260319_103633_strat_gie_de_multi_factor_sur_epicusdc_1,C:\Users\o3-Pro\Documents\backtest_results\_builder_sessions\20260319_103633_strat_gie_de_multi_factor_sur_epicusdc_1\session_summary.json,C:\Users\o3-Pro\Documents\backtest_results\_builder_sessions\20260319_103633_strat_gie_de_multi_factor_sur_epicusdc_1,88a1dcf195773c6b1e5bbdd61490163a6c88f630a50e6a21c3dfffba41ce6a32,19592,,,running,,,,2,,0.0,-100.0,
603,20260319_104135_strat_gie_de_mean_reversion_sur_peopleus,C:\Users\o3-Pro\Documents\backtest_results\_builder_sessions\20260319_104135_strat_gie_de_mean_reversion_sur_peopleus\session_summary.json,C:\Users\o3-Pro\Documents\backtest_results\_builder_sessions\20260319_104135_strat_gie_de_mean_reversion_sur_peopleus,bb4222d6c8e445d931129c9bd4e33c2de72ba681f18282868215b5b063934a49,2092,,,failed,,,,1,,-inf,-inf,
604,20260319_104201_strat_gie_de_trend_following_sur_ldousdc,C:\Users\o3-Pro\Documents\backtest_results\_builder_sessions\20260319_104201_strat_gie_de_trend_following_sur_ldousdc\session_summary.json,C:\Users\o3-Pro\Documents\backtest_results\_builder_sessions\20260319_104201_strat_gie_de_trend_following_sur_ldousdc,eabd552c8257ca2b80a6d9f84a7b06c0ed989bd055186b7212403fc78d1549f3,55751,,,running,,,,5,,0.27558476632742807,-100.0,
605,20260319_104227_strat_gie_de_momentum_sur_holousdc_1h_in,C:\Users\o3-Pro\Documents\backtest_results\_builder_sessions\20260319_104227_strat_gie_de_momentum_sur_holousdc_1h_in\session_summary.json,C:\Users\o3-Pro\Documents\backtest_results\_builder_sessions\20260319_104227_strat_gie_de_momentum_sur_holousdc_1h_in,3139962765391be82b5e1710915780f8c68dc6aefee53f5bb61da99db365095b,13895,,,running,,,,2,,-0.6639287473124774,-100.0,
606,20260319_104634_strat_gie_de_multi_factor_sur_polusdc_4h,C:\Users\o3-Pro\Documents\backtest_results\_builder_sessions\20260319_104634_strat_gie_de_multi_factor_sur_polusdc_4h\session_summary.json,C:\Users\o3-Pro\Documents\backtest_results\_builder_sessions\20260319_104634_strat_gie_de_multi_factor_sur_polusdc_4h,f68801cf19a1f0208fab7896587e45c2aa298dd3504cd6d03dcb71cc2615c045,16142,,,running,,,,2,,0.0,-100.0,
607,20260319_105024_strat_gie_de_breakout_sur_broccoli714usd,C:\Users\o3-Pro\Documents\backtest_results\_builder_sessions\20260319_105024_strat_gie_de_breakout_sur_broccoli714usd\session_summary.json,C:\Users\o3-Pro\Documents\backtest_results\_builder_sessions\20260319_105024_strat_gie_de_breakout_sur_broccoli714usd,587b92ff90454ced6eae17c279e1fbd7851b76d52303ef198b22c3da3ebe3b25,48664,,,running,,,,5,,0.22200760800213093,-80.16171553784582,
608,20260319_105133_objectif_de_strat_gie_sur_2zusdc_1d_indi,C:\Users\o3-Pro\Documents\backtest_results\_builder_sessions\20260319_105133_objectif_de_strat_gie_sur_2zusdc_1d_indi\session_summary.json,C:\Users\o3-Pro\Documents\backtest_results\_builder_sessions\20260319_105133_objectif_de_strat_gie_sur_2zusdc_1d_indi,30b7a3d0d263a27f80f616372c6866b77781c45bc8c6da7b567b5e8141c67e4c,2400,,,failed,,,,1,,-inf,-inf,
609,20260319_105217_objectif_de_strat_gie_sur_avntusdc_1h_in,C:\Users\o3-Pro\Documents\backtest_results\_builder_sessions\20260319_105217_objectif_de_strat_gie_sur_avntusdc_1h_in\session_summary.json,C:\Users\o3-Pro\Documents\backtest_results\_builder_sessions\20260319_105217_objectif_de_strat_gie_sur_avntusdc_1h_in,fbe4ba283e2e2e02c529b7cdd935c7bcc7e55af1684df66e88e9be3fb10baaab,20490,,,running,,,,2,,0.0,-100.0,
610,20260319_110211_strat_gie_de_trend_following_sur_kiteusd,C:\Users\o3-Pro\Documents\backtest_results\_builder_sessions\20260319_110211_strat_gie_de_trend_following_sur_kiteusd\session_summary.json,C:\Users\o3-Pro\Documents\backtest_results\_builder_sessions\20260319_110211_strat_gie_de_trend_following_sur_kiteusd,4d0f82b7b7bb8393795f12eb461ec32721e271fa288bdb34c3c95e6de46aace9,17247,,,running,,,,2,,0.0,-100.0,
611,20260319_110305_objectif_sur_ausdc_4h_avec_atr_cci_aroon,C:\Users\o3-Pro\Documents\backtest_results\_builder_sessions\20260319_110305_objectif_sur_ausdc_4h_avec_atr_cci_aroon\session_summary.json,C:\Users\o3-Pro\Documents\backtest_results\_builder_sessions\20260319_110305_objectif_sur_ausdc_4h_avec_atr_cci_aroon,b669126ef4f4d64961262c75f90dfeee6a1f16c0b79b53222be1c07d56cbd8f7,16848,,,running,,,,2,,0.0,-100.0,
612,20260319_110708_strat_gie_de_scalping_sur_wusdc_3m_indic,C:\Users\o3-Pro\Documents\backtest_results\_builder_sessions\20260319_110708_strat_gie_de_scalping_sur_wusdc_3m_indic\session_summary.json,C:\Users\o3-Pro\Documents\backtest_results\_builder_sessions\20260319_110708_strat_gie_de_scalping_sur_wusdc_3m_indic,a31bce7263ac9e7d661c333d089b876188456c5e68a7a228d7ba1c956697a7d6,2084,,,failed,,,,1,,-inf,-inf,
613,20260319_110747_strat_gie_de_mean_reversion_sur_luncusdc,C:\Users\o3-Pro\Documents\backtest_results\_builder_sessions\20260319_110747_strat_gie_de_mean_reversion_sur_luncusdc\session_summary.json,C:\Users\o3-Pro\Documents\backtest_results\_builder_sessions\20260319_110747_strat_gie_de_mean_reversion_sur_luncusdc,4d7926bb7f9a214b415630afb408831a0f3683b1a7d95ac39078a54797458ae0,82046,,,max_iterations,,,,10,,0.6151007377277489,32.9831841445436,
614,20260319_110822_strat_gie_de_breakout_sur_cfxusdc_15m_in,C:\Users\o3-Pro\Documents\backtest_results\_builder_sessions\20260319_110822_strat_gie_de_breakout_sur_cfxusdc_15m_in\session_summary.json,C:\Users\o3-Pro\Documents\backtest_results\_builder_sessions\20260319_110822_strat_gie_de_breakout_sur_cfxusdc_15m_in,8bb026d4ec6ebc2b1016c0521e04553355a76dda8da049bbe9d5e149259f1b99,26528,,,running,,,,3,,0.0,-50.0,
615,20260319_111636_objectif_sur_arusdc_1h_combiner_atr_pour,C:\Users\o3-Pro\Documents\backtest_results\_builder_sessions\20260319_111636_objectif_sur_arusdc_1h_combiner_atr_pour\session_summary.json,C:\Users\o3-Pro\Documents\backtest_results\_builder_sessions\20260319_111636_objectif_sur_arusdc_1h_combiner_atr_pour,7d70f7a1af95e7d8f12bc9b5d44fc1a9c5929bded64e661d3569e637253f13f6,20465,,,running,,,,2,,-20.0,-100.0,
616,20260319_112027_objectif_de_strat_gie_sur_sentusdc_1h_in,C:\Users\o3-Pro\Documents\backtest_results\_builder_sessions\20260319_112027_objectif_de_strat_gie_sur_sentusdc_1h_in\session_summary.json,C:\Users\o3-Pro\Documents\backtest_results\_builder_sessions\20260319_112027_objectif_de_strat_gie_sur_sentusdc_1h_in,a022451ff43e7c34f8614ad610e89faf38026fa347298a64add5b61c53fa3577,9600,,,success,,,,1,,2.8497181123014115,100.0,
617,20260319_112148_objectif_sur_animeusdc_4h_avec_direction,C:\Users\o3-Pro\Documents\backtest_results\_builder_sessions\20260319_112148_objectif_sur_animeusdc_4h_avec_direction\session_summary.json,C:\Users\o3-Pro\Documents\backtest_results\_builder_sessions\20260319_112148_objectif_sur_animeusdc_4h_avec_direction,aeced08f8b0cb42b3d5c171285baf75b1218209d0d9e9952a4c5b0be4914050d,3561,,,running,,,,1,,-inf,-inf,
618,20260319_112235_strat_gie_de_breakout_sur_layerusdc_15m,C:\Users\o3-Pro\Documents\backtest_results\_builder_sessions\20260319_112235_strat_gie_de_breakout_sur_layerusdc_15m\session_summary.json,C:\Users\o3-Pro\Documents\backtest_results\_builder_sessions\20260319_112235_strat_gie_de_breakout_sur_layerusdc_15m,6afa808a1f993987e191fd2b029cd2358b196ebf802a0fb23cef0512de9e86b0,29443,,,running,,,,3,,-20.0,-100.0,
619,20260319_112722_objectif_de_strat_gie_sur_grtusdc_1h_ind,C:\Users\o3-Pro\Documents\backtest_results\_builder_sessions\20260319_112722_objectif_de_strat_gie_sur_grtusdc_1h_ind\session_summary.json,C:\Users\o3-Pro\Documents\backtest_results\_builder_sessions\20260319_112722_objectif_de_strat_gie_sur_grtusdc_1h_ind,485030f8ac3b3ae6580b6f9ad50f71ff466dac373663a42dd8d4359c4474cc05,12081,,,success,,,,1,,1.248600234768435,100.0,
620,20260319_112959_strat_gie_de_trend_following_sur_hemiusd,C:\Users\o3-Pro\Documents\backtest_results\_builder_sessions\20260319_112959_strat_gie_de_trend_following_sur_hemiusd\session_summary.json,C:\Users\o3-Pro\Documents\backtest_results\_builder_sessions\20260319_112959_strat_gie_de_trend_following_sur_hemiusd,357b7f4c6e88a04a5c3811f0f4877b00b784bd414891cf11a1428fcbc4e9c214,2108,,,failed,,,,1,,-inf,-inf,
621,20260319_113025_objectif_de_strat_gie_sur_pepeusdc_4h_in,C:\Users\o3-Pro\Documents\backtest_results\_builder_sessions\20260319_113025_objectif_de_strat_gie_sur_pepeusdc_4h_in\session_summary.json,C:\Users\o3-Pro\Documents\backtest_results\_builder_sessions\20260319_113025_objectif_de_strat_gie_sur_pepeusdc_4h_in,e0ddc22f18a989564a65faf544e17e254e8c48ed9f38bec4fd56ba11b2f52578,38706,,,running,,,,4,,0.36800948352685636,-100.0,
622,20260319_113026_strat_gie_de_regime_adaptatif_sur_lausdc,C:\Users\o3-Pro\Documents\backtest_results\_builder_sessions\20260319_113026_strat_gie_de_regime_adaptatif_sur_lausdc\session_summary.json,C:\Users\o3-Pro\Documents\backtest_results\_builder_sessions\20260319_113026_strat_gie_de_regime_adaptatif_sur_lausdc,36101018444bdaeaf88ec9ee104d4dd31cde33659aa06ba7c201aa5776a78f30,11709,,,success,,,,1,,3.2467270395067995,100.0,
623,20260319_113640_objectif_de_strat_gie_sur_renderusdc_4h,C:\Users\o3-Pro\Documents\backtest_results\_builder_sessions\20260319_113640_objectif_de_strat_gie_sur_renderusdc_4h\session_summary.json,C:\Users\o3-Pro\Documents\backtest_results\_builder_sessions\20260319_113640_objectif_de_strat_gie_sur_renderusdc_4h,860fdf57ae75285e11780077e264f7f23d8586ac29e158669745cd34bb69bb79,49922,,,failed,,,,6,,0.2719391177801772,-100.0,
624,20260319_114222_objectif_sur_altusdc_4h_exploiter_l_inte,C:\Users\o3-Pro\Documents\backtest_results\_builder_sessions\20260319_114222_objectif_sur_altusdc_4h_exploiter_l_inte\session_summary.json,C:\Users\o3-Pro\Documents\backtest_results\_builder_sessions\20260319_114222_objectif_sur_altusdc_4h_exploiter_l_inte,dd32e10f0f58a71fd443cc78ebb79cc6b09bb509d35b287971bbecb588f3d908,23066,,,running,,,,2,,0.0,-100.0,
625,20260319_114450_objectif_de_strat_gie_sur_zkusdc_4h_indi,C:\Users\o3-Pro\Documents\backtest_results\_builder_sessions\20260319_114450_objectif_de_strat_gie_sur_zkusdc_4h_indi\session_summary.json,C:\Users\o3-Pro\Documents\backtest_results\_builder_sessions\20260319_114450_objectif_de_strat_gie_sur_zkusdc_4h_indi,d9a5d61c6000f9b29dfa67d02cc53d2cb78371ad1a7775333c5b23faeba31693,9495,,,success,,,,1,,1.2695688638800324,100.0,
626,20260319_114707_objectif_sur_minausdc_4h_combiner_aroon,C:\Users\o3-Pro\Documents\backtest_results\_builder_sessions\20260319_114707_objectif_sur_minausdc_4h_combiner_aroon\session_summary.json,C:\Users\o3-Pro\Documents\backtest_results\_builder_sessions\20260319_114707_objectif_sur_minausdc_4h_combiner_aroon,67ecfada676b1af109d7240b0c71e7288e7de48f88aeefdc4dae07e238088bb2,86782,,,max_iterations,,,,10,,1.1987628378713437,77.057518109536,
627,20260319_114739_objectif_de_strat_gie_sur_hiveusdc_1h_in,C:\Users\o3-Pro\Documents\backtest_results\_builder_sessions\20260319_114739_objectif_de_strat_gie_sur_hiveusdc_1h_in\session_summary.json,C:\Users\o3-Pro\Documents\backtest_results\_builder_sessions\20260319_114739_objectif_de_strat_gie_sur_hiveusdc_1h_in,6b0ce38b1c8eb217c7fb4b56a43418d16551889eaa3ff292b3ec344d08f80d58,53992,,,failed,,,,6,,0.0,-91.09428010660395,
628,20260319_120034_objectif_de_strat_gie_sur_newtusdc_1h_in,C:\Users\o3-Pro\Documents\backtest_results\_builder_sessions\20260319_120034_objectif_de_strat_gie_sur_newtusdc_1h_in\session_summary.json,C:\Users\o3-Pro\Documents\backtest_results\_builder_sessions\20260319_120034_objectif_de_strat_gie_sur_newtusdc_1h_in,c1615b53b7cbb050260a0e449a48bac88aa84f085bcbd619b7dee55652bef042,13519,,,running,,,,1,,-0.21930085906478158,-48.81421774603613,
629,20260319_120104_strat_gie_de_multi_factor_sur_maticusdc,C:\Users\o3-Pro\Documents\backtest_results\_builder_sessions\20260319_120104_strat_gie_de_multi_factor_sur_maticusdc\session_summary.json,C:\Users\o3-Pro\Documents\backtest_results\_builder_sessions\20260319_120104_strat_gie_de_multi_factor_sur_maticusdc,ec3759aaacbb186582114ebba80526292fd40d9fee3a0ba31aecbd8c13490afb,2084,,,failed,,,,1,,-inf,-inf,
630,20260319_120144_strat_gie_de_momentum_sur_rayusdc_1h_ind,C:\Users\o3-Pro\Documents\backtest_results\_builder_sessions\20260319_120144_strat_gie_de_momentum_sur_rayusdc_1h_ind\session_summary.json,C:\Users\o3-Pro\Documents\backtest_results\_builder_sessions\20260319_120144_strat_gie_de_momentum_sur_rayusdc_1h_ind,f6be39710e90ec40f482842eb918ab5ebaba1943f6b21d58ba718ff763b7e9ee,16921,,,running,,,,2,,0.0,-100.0,
631,20260319_120305_objectif_sur_altusdc_1h_combiner_atr_ave,C:\Users\o3-Pro\Documents\backtest_results\_builder_sessions\20260319_120305_objectif_sur_altusdc_1h_combiner_atr_ave\session_summary.json,C:\Users\o3-Pro\Documents\backtest_results\_builder_sessions\20260319_120305_objectif_sur_altusdc_1h_combiner_atr_ave,bbc753966e7f3028823261129bee85cca8ad187a237fc1a2eee915e649958549,60145,,,failed,,,,6,,0.0,-100.0,
632,20260319_120843_strat_gie_de_mean_reversion_sur_neirousd,C:\Users\o3-Pro\Documents\backtest_results\_builder_sessions\20260319_120843_strat_gie_de_mean_reversion_sur_neirousd\session_summary.json,C:\Users\o3-Pro\Documents\backtest_results\_builder_sessions\20260319_120843_strat_gie_de_mean_reversion_sur_neirousd,114650e51df7ea9b759ee7e396baa3e951ab913d7b225c40925d9cf2cbd39616,22602,,,running,,,,2,,0.6227961541066849,-100.0,
633,20260319_121345_strat_gie_de_regime_adaptatif_sur_rezusd,C:\Users\o3-Pro\Documents\backtest_results\_builder_sessions\20260319_121345_strat_gie_de_regime_adaptatif_sur_rezusd\session_summary.json,C:\Users\o3-Pro\Documents\backtest_results\_builder_sessions\20260319_121345_strat_gie_de_regime_adaptatif_sur_rezusd,b1150bd3aba0cc36289a6d04429de3be58d860f08d59c565b560ff27535e02cd,13017,,,running,,,,1,,0.4074246341304044,-3.235346022389848,
634,20260319_121700_strat_gie_de_scalping_sur_broccoli714usd,C:\Users\o3-Pro\Documents\backtest_results\_builder_sessions\20260319_121700_strat_gie_de_scalping_sur_broccoli714usd\session_summary.json,C:\Users\o3-Pro\Documents\backtest_results\_builder_sessions\20260319_121700_strat_gie_de_scalping_sur_broccoli714usd,fcd85efb87511140e3618ea6096214cbd750bf16dade200dc234ba3e4256b1f9,2077,,,failed,,,,1,,-inf,-inf,
635,20260319_121720_objectif_sur_mkrusdc_1d_combiner_atr_14,C:\Users\o3-Pro\Documents\backtest_results\_builder_sessions\20260319_121720_objectif_sur_mkrusdc_1d_combiner_atr_14\session_summary.json,C:\Users\o3-Pro\Documents\backtest_results\_builder_sessions\20260319_121720_objectif_sur_mkrusdc_1d_combiner_atr_14,3bb10a2ac4ad4393a5e98f178945f824df04a08a5962a1d26a9a970722873fb1,2399,,,failed,,,,1,,-inf,-inf,
636,20260319_121725_strat_gie_de_breakout_sur_morphousdc_15m,C:\Users\o3-Pro\Documents\backtest_results\_builder_sessions\20260319_121725_strat_gie_de_breakout_sur_morphousdc_15m\session_summary.json,C:\Users\o3-Pro\Documents\backtest_results\_builder_sessions\20260319_121725_strat_gie_de_breakout_sur_morphousdc_15m,e7dda7ead9eb273883b3876577a60c04ef10639b593c399ace74c986f5d39eca,57658,,,failed,,,,6,,0.0,-100.0,
637,20260319_122404_strat_gie_de_trend_following_sur_hbarusd,C:\Users\o3-Pro\Documents\backtest_results\_builder_sessions\20260319_122404_strat_gie_de_trend_following_sur_hbarusd\session_summary.json,C:\Users\o3-Pro\Documents\backtest_results\_builder_sessions\20260319_122404_strat_gie_de_trend_following_sur_hbarusd,b7587428eb710e99fc592cdcbd3d25ec0bf3fa5717257bd03294f6b2cf850e25,58172,,,running,,,,5,,0.6615681232269492,-100.0,
638,20260319_122625_strat_gie_de_scalping_sur_lineausdc_15m,C:\Users\o3-Pro\Documents\backtest_results\_builder_sessions\20260319_122625_strat_gie_de_scalping_sur_lineausdc_15m\session_summary.json,C:\Users\o3-Pro\Documents\backtest_results\_builder_sessions\20260319_122625_strat_gie_de_scalping_sur_lineausdc_15m,491eb3e358cb71adcc1d93885311153464a97b6f305338b4ce0dd602ce731d1f,11750,,,running,,,,1,,-20.0,-100.0,
639,20260319_123124_strat_gie_de_momentum_sur_saharausdc_1h,C:\Users\o3-Pro\Documents\backtest_results\_builder_sessions\20260319_123124_strat_gie_de_momentum_sur_saharausdc_1h\session_summary.json,C:\Users\o3-Pro\Documents\backtest_results\_builder_sessions\20260319_123124_strat_gie_de_momentum_sur_saharausdc_1h,eca5c9eac8404d4e95a5c4e7ff6c32e05b6904c048d0052f06a0179f7734f9a8,39872,,,running,,,,4,,0.0,-100.0,
640,20260319_123514_strat_gie_de_mean_reversion_sur_ordiusdc,C:\Users\o3-Pro\Documents\backtest_results\_builder_sessions\20260319_123514_strat_gie_de_mean_reversion_sur_ordiusdc\session_summary.json,C:\Users\o3-Pro\Documents\backtest_results\_builder_sessions\20260319_123514_strat_gie_de_mean_reversion_sur_ordiusdc,3f86283cbe2562dad0448d18693a962c26174c322153d011b150b58d9a503a53,63587,,,failed,,,,6,,0.761594885534889,-100.0,
641,20260319_124344_strat_gie_de_multi_factor_sur_trxusdc_1h,C:\Users\o3-Pro\Documents\backtest_results\_builder_sessions\20260319_124344_strat_gie_de_multi_factor_sur_trxusdc_1h\session_summary.json,C:\Users\o3-Pro\Documents\backtest_results\_builder_sessions\20260319_124344_strat_gie_de_multi_factor_sur_trxusdc_1h,55b6b18adf4dda408c7277c90dded4edf4905489842df89538e590346cff228d,2112,,,failed,,,,1,,-inf,-inf,
642,20260319_124415_strat_gie_de_trend_following_sur_sophusd,C:\Users\o3-Pro\Documents\backtest_results\_builder_sessions\20260319_124415_strat_gie_de_trend_following_sur_sophusd\session_summary.json,C:\Users\o3-Pro\Documents\backtest_results\_builder_sessions\20260319_124415_strat_gie_de_trend_following_sur_sophusd,8a5c5b953aabb713cbd8cd96df84055c2f38d2c40b254f7a4d7549a0849ca7d5,79250,,,max_iterations,,,,10,,0.6797300339718325,48.59463405301565,
643,20260319_125117_strat_gie_de_momentum_sur_rndrusdc_30m_i,C:\Users\o3-Pro\Documents\backtest_results\_builder_sessions\20260319_125117_strat_gie_de_momentum_sur_rndrusdc_30m_i\session_summary.json,C:\Users\o3-Pro\Documents\backtest_results\_builder_sessions\20260319_125117_strat_gie_de_momentum_sur_rndrusdc_30m_i,4e0ff83f66ed7ec0134f102fb1eb0ea0f64333899132be2a50f38819048fc315,80081,,,max_iterations,,,,10,,0.3497972176819969,23.119390988453876,
644,20260319_125318_objectif_de_strat_gie_sur_flokiusdc_4h_i,C:\Users\o3-Pro\Documents\backtest_results\_builder_sessions\20260319_125318_objectif_de_strat_gie_sur_flokiusdc_4h_i\session_summary.json,C:\Users\o3-Pro\Documents\backtest_results\_builder_sessions\20260319_125318_objectif_de_strat_gie_sur_flokiusdc_4h_i,a5e39347cfa4ef3e2f7200f6140d7757fbe60bbcfe0539bd278031dbfd6d6e0e,15009,,,running,,,,2,,0.12464027819934152,-75.27952480681253,
645,20260319_130009_objectif_sur_ltcusdc_1h_indicateurs_atr,C:\Users\o3-Pro\Documents\backtest_results\_builder_sessions\20260319_130009_objectif_sur_ltcusdc_1h_indicateurs_atr\session_summary.json,C:\Users\o3-Pro\Documents\backtest_results\_builder_sessions\20260319_130009_objectif_sur_ltcusdc_1h_indicateurs_atr,1bce6ef00ee9664a5ed3a27332ed535ec30873bf69fe3801df8fa41453c246fe,46952,,,running,,,,5,,0.0,-100.0,
646,20260319_130058_objectif_sur_eulusdc_4h_indicateurs_aroo,C:\Users\o3-Pro\Documents\backtest_results\_builder_sessions\20260319_130058_objectif_sur_eulusdc_4h_indicateurs_aroo\session_summary.json,C:\Users\o3-Pro\Documents\backtest_results\_builder_sessions\20260319_130058_objectif_sur_eulusdc_4h_indicateurs_aroo,49891432d5b91e8c51b3753c211017f147f6c4d2609c56debad5ec5fd95ee6ad,19636,,,running,,,,2,,0.0,-77.33013077090138,
647,20260319_130809_objectif_de_strat_gie_sur_strkusdc_1h_in,C:\Users\o3-Pro\Documents\backtest_results\_builder_sessions\20260319_130809_objectif_de_strat_gie_sur_strkusdc_1h_in\session_summary.json,C:\Users\o3-Pro\Documents\backtest_results\_builder_sessions\20260319_130809_objectif_de_strat_gie_sur_strkusdc_1h_in,39a056534325da79bd9e257c2daa95fa6ca91dc6f7275729948b2402d56c5f6b,33884,,,running,,,,3,,0.6539194386766964,-100.0,
648,20260319_131117_objectif_sur_bananausdc_30m_combiner_aro,C:\Users\o3-Pro\Documents\backtest_results\_builder_sessions\20260319_131117_objectif_sur_bananausdc_30m_combiner_aro\session_summary.json,C:\Users\o3-Pro\Documents\backtest_results\_builder_sessions\20260319_131117_objectif_sur_bananausdc_30m_combiner_aro,eee404f60a8fa6e2a312fe3b0f0a2c8322d2f30af2a1e994621a0662e6654e0e,17115,,,running,,,,2,,0.0,-100.0,
649,20260319_131346_objectif_de_strat_gie_sur_compusdc_1h_in,C:\Users\o3-Pro\Documents\backtest_results\_builder_sessions\20260319_131346_objectif_de_strat_gie_sur_compusdc_1h_in\session_summary.json,C:\Users\o3-Pro\Documents\backtest_results\_builder_sessions\20260319_131346_objectif_de_strat_gie_sur_compusdc_1h_in,3308bbc530bb5bccf6c28e1b038376c11800d85ef6905b3753c3cd30e684a852,67501,,,running,,,,6,,0.46877641222256244,-100.0,
650,20260319_131506_strat_gie_de_scalping_sur_roseusdc_3m_in,C:\Users\o3-Pro\Documents\backtest_results\_builder_sessions\20260319_131506_strat_gie_de_scalping_sur_roseusdc_3m_in\session_summary.json,C:\Users\o3-Pro\Documents\backtest_results\_builder_sessions\20260319_131506_strat_gie_de_scalping_sur_roseusdc_3m_in,b14c1700832a62bbb91fb31a3269411cf9efdab8682dfb762f5a16519cb2c461,2056,,,failed,,,,1,,-inf,-inf,
651,20260319_131532_strat_gie_de_breakout_sur_galausdc_1h_in,C:\Users\o3-Pro\Documents\backtest_results\_builder_sessions\20260319_131532_strat_gie_de_breakout_sur_galausdc_1h_in\session_summary.json,C:\Users\o3-Pro\Documents\backtest_results\_builder_sessions\20260319_131532_strat_gie_de_breakout_sur_galausdc_1h_in,c5ec1ad747be9c483648afeddaeb5985f55d63c347ab9f79a559f75e85ddab20,26991,,,running,,,,3,,0.0,-26.0,
652,20260319_132710_strat_gie_de_momentum_sur_resolvusdc_1h,C:\Users\o3-Pro\Documents\backtest_results\_builder_sessions\20260319_132710_strat_gie_de_momentum_sur_resolvusdc_1h\session_summary.json,C:\Users\o3-Pro\Documents\backtest_results\_builder_sessions\20260319_132710_strat_gie_de_momentum_sur_resolvusdc_1h,13d804cb1ef5819ddcec73d09bf0ee31f682b8655ba37da95429e16a7f20e010,17607,,,running,,,,2,,0.0,-100.0,
653,20260319_132820_strat_gie_de_multi_factor_sur_roseusdc_1,C:\Users\o3-Pro\Documents\backtest_results\_builder_sessions\20260319_132820_strat_gie_de_multi_factor_sur_roseusdc_1\session_summary.json,C:\Users\o3-Pro\Documents\backtest_results\_builder_sessions\20260319_132820_strat_gie_de_multi_factor_sur_roseusdc_1,c61be7b690dc77b1840d9556044c3569a861f0f88a3b108026f27f618347f3a9,60389,,,failed,,,,6,,0.2660099460718711,-50.0,
654,20260319_133421_strat_gie_de_scalping_sur_pepeusdc_1d_in,C:\Users\o3-Pro\Documents\backtest_results\_builder_sessions\20260319_133421_strat_gie_de_scalping_sur_pepeusdc_1d_in\session_summary.json,C:\Users\o3-Pro\Documents\backtest_results\_builder_sessions\20260319_133421_strat_gie_de_scalping_sur_pepeusdc_1d_in,245b307545849a71dfaca8775155aedd89b0c2d549a85ca6d4adb58ffdf2ae25,2090,,,failed,,,,1,,-inf,-inf,
655,20260319_133739_strat_gie_de_trend_following_sur_kaiausd,C:\Users\o3-Pro\Documents\backtest_results\_builder_sessions\20260319_133739_strat_gie_de_trend_following_sur_kaiausd\session_summary.json,C:\Users\o3-Pro\Documents\backtest_results\_builder_sessions\20260319_133739_strat_gie_de_trend_following_sur_kaiausd,b73f963d9f580b8c2ec8e49c534f075c5a105a3907aefe16d50daeca17e16983,78052,,,max_iterations,,,,10,,0.6534545304381735,74.37292439045656,
656,20260319_134026_strat_gie_de_momentum_sur_arkmusdc_1h_in,C:\Users\o3-Pro\Documents\backtest_results\_builder_sessions\20260319_134026_strat_gie_de_momentum_sur_arkmusdc_1h_in\session_summary.json,C:\Users\o3-Pro\Documents\backtest_results\_builder_sessions\20260319_134026_strat_gie_de_momentum_sur_arkmusdc_1h_in,8e74c766837d269182aace0558c0ec98fbf68ccf3cf2850091a2ad5aaf65a7c9,52777,,,running,,,,6,,0.7261613356634787,24.68243030989089,
657,20260319_134628_objectif_sur_humausdc_4h_combiner_atr_3,C:\Users\o3-Pro\Documents\backtest_results\_builder_sessions\20260319_134628_objectif_sur_humausdc_4h_combiner_atr_3\session_summary.json,C:\Users\o3-Pro\Documents\backtest_results\_builder_sessions\20260319_134628_objectif_sur_humausdc_4h_combiner_atr_3,477b8171069c1039560c28ab724eef59897daf576de3c2f9c5efee0da3f7d7b8,30046,,,running,,,,3,,0.7443636395176714,-100.0,
658,20260319_135148_strat_gie_de_regime_adaptatif_sur_theusd,C:\Users\o3-Pro\Documents\backtest_results\_builder_sessions\20260319_135148_strat_gie_de_regime_adaptatif_sur_theusd\session_summary.json,C:\Users\o3-Pro\Documents\backtest_results\_builder_sessions\20260319_135148_strat_gie_de_regime_adaptatif_sur_theusd,a63e0358ee5de488a084b3cb3261634daee6617fbcc2eb3dbad28ce42e991d6a,20712,,,running,,,,2,,0.0,-100.0,
659,20260319_135427_objectif_de_strat_gie_sur_morphousdc_1h,C:\Users\o3-Pro\Documents\backtest_results\_builder_sessions\20260319_135427_objectif_de_strat_gie_sur_morphousdc_1h\session_summary.json,C:\Users\o3-Pro\Documents\backtest_results\_builder_sessions\20260319_135427_objectif_de_strat_gie_sur_morphousdc_1h,18f9ab940ca04e15bdbbeb21613905cad391ca145b3820fabe8cfe73a16a8045,59948,,,failed,,,,6,,0.0,-100.0,
660,20260319_135836_strat_gie_de_mean_reversion_sur_hemiusdc,C:\Users\o3-Pro\Documents\backtest_results\_builder_sessions\20260319_135836_strat_gie_de_mean_reversion_sur_hemiusdc\session_summary.json,C:\Users\o3-Pro\Documents\backtest_results\_builder_sessions\20260319_135836_strat_gie_de_mean_reversion_sur_hemiusdc,3887a0ae1a4381cf2eeaff04600584aa021d00fb43b983cf7f1b702738d36a04,2086,,,failed,,,,1,,-inf,-inf,
661,20260319_140205_strat_gie_de_breakout_sur_polusdc_1h_ind,C:\Users\o3-Pro\Documents\backtest_results\_builder_sessions\20260319_140205_strat_gie_de_breakout_sur_polusdc_1h_ind\session_summary.json,C:\Users\o3-Pro\Documents\backtest_results\_builder_sessions\20260319_140205_strat_gie_de_breakout_sur_polusdc_1h_ind,65019fbf365362f69a5b988014e93f192d3371ed3955f0ea725ac9605955a6e0,56934,,,failed,,,,6,,0.23963398542108097,-50.0,
662,20260319_140951_objectif_de_strat_gie_sur_ldousdc_1h_ind,C:\Users\o3-Pro\Documents\backtest_results\_builder_sessions\20260319_140951_objectif_de_strat_gie_sur_ldousdc_1h_ind\session_summary.json,C:\Users\o3-Pro\Documents\backtest_results\_builder_sessions\20260319_140951_objectif_de_strat_gie_sur_ldousdc_1h_ind,3043eccade8a1e7d3bab4d75c8792e68c01bcfd5e1a5f7de3266c54baa0a2189,20376,,,running,,,,2,,0.44527474823748936,38.083355741978295,
663,20260319_141831_strat_gie_de_trend_following_sur_broccol,C:\Users\o3-Pro\Documents\backtest_results\_builder_sessions\20260319_141831_strat_gie_de_trend_following_sur_broccol\session_summary.json,C:\Users\o3-Pro\Documents\backtest_results\_builder_sessions\20260319_141831_strat_gie_de_trend_following_sur_broccol,badad470fe7351693efc33b5f9138eeb1de5806f6a593174137dc2b58e53ccc3,2092,,,failed,,,,1,,-inf,-inf,
664,20260319_141909_strat_gie_de_mean_reversion_sur_eurusdc,C:\Users\o3-Pro\Documents\backtest_results\_builder_sessions\20260319_141909_strat_gie_de_mean_reversion_sur_eurusdc\session_summary.json,C:\Users\o3-Pro\Documents\backtest_results\_builder_sessions\20260319_141909_strat_gie_de_mean_reversion_sur_eurusdc,f6433fded349696a90b78651a0fa62750e1b395a25fb855ff1e0fe890461661f,57903,,,failed,,,,6,,0.0,-26.0,
665,20260319_142007_strat_gie_de_scalping_sur_gpsusdc_1d_ind,C:\Users\o3-Pro\Documents\backtest_results\_builder_sessions\20260319_142007_strat_gie_de_scalping_sur_gpsusdc_1d_ind\session_summary.json,C:\Users\o3-Pro\Documents\backtest_results\_builder_sessions\20260319_142007_strat_gie_de_scalping_sur_gpsusdc_1d_ind,21e2c10af8b36709cc1feaa6bd4c8024286e483aa824112c54979282df2f3dcd,74699,,,max_iterations,,,,10,,1.005270210785163,100.0,
666,20260319_142936_objectif_de_strat_gie_sur_dotusdc_1h_ind,C:\Users\o3-Pro\Documents\backtest_results\_builder_sessions\20260319_142936_objectif_de_strat_gie_sur_dotusdc_1h_ind\session_summary.json,C:\Users\o3-Pro\Documents\backtest_results\_builder_sessions\20260319_142936_objectif_de_strat_gie_sur_dotusdc_1h_ind,bc7d46b68015cdfaf9dbe128973c7c8b472ed289f26f9929e85087cdb4fbc910,17566,,,running,,,,2,,0.0,-100.0,
667,20260319_143154_strat_gie_de_breakout_sur_algousdc_15m_i,C:\Users\o3-Pro\Documents\backtest_results\_builder_sessions\20260319_143154_strat_gie_de_breakout_sur_algousdc_15m_i\session_summary.json,C:\Users\o3-Pro\Documents\backtest_results\_builder_sessions\20260319_143154_strat_gie_de_breakout_sur_algousdc_15m_i,87db39aa911bb52f6ba6f3e600d4e5e130be880ca8cf27c8993f4faba84f746f,19684,,,running,,,,2,,0.0,-100.0,
668,20260319_143436_objectif_de_strat_gie_sur_neousdc_4h_ind,C:\Users\o3-Pro\Documents\backtest_results\_builder_sessions\20260319_143436_objectif_de_strat_gie_sur_neousdc_4h_ind\session_summary.json,C:\Users\o3-Pro\Documents\backtest_results\_builder_sessions\20260319_143436_objectif_de_strat_gie_sur_neousdc_4h_ind,618d3c7d6117c6bafade8bc1677ce6df0482c16cad56166c58e3556f77ab1d10,79518,,,max_iterations,,,,10,,0.5444064435419875,56.30437906724063,
669,20260319_143644_strat_gie_de_trend_following_sur_api3usd,C:\Users\o3-Pro\Documents\backtest_results\_builder_sessions\20260319_143644_strat_gie_de_trend_following_sur_api3usd\session_summary.json,C:\Users\o3-Pro\Documents\backtest_results\_builder_sessions\20260319_143644_strat_gie_de_trend_following_sur_api3usd,70a3973e636bcfabacbb045a9ece2abb954e04a1ff666055ac3e0a06ff027a96,2062,,,failed,,,,1,,-inf,-inf,
670,20260319_143712_strat_gie_de_regime_adaptatif_sur_altusd,C:\Users\o3-Pro\Documents\backtest_results\_builder_sessions\20260319_143712_strat_gie_de_regime_adaptatif_sur_altusd\session_summary.json,C:\Users\o3-Pro\Documents\backtest_results\_builder_sessions\20260319_143712_strat_gie_de_regime_adaptatif_sur_altusd,66dcc78ad76102795149d911815e9619100b43252d365bce5aedb7fd96961362,60427,,,failed,,,,6,,0.0,-100.0,
671,20260319_144638_objectif_sur_dydxusdc_4h_indicateurs_aro,C:\Users\o3-Pro\Documents\backtest_results\_builder_sessions\20260319_144638_objectif_sur_dydxusdc_4h_indicateurs_aro\session_summary.json,C:\Users\o3-Pro\Documents\backtest_results\_builder_sessions\20260319_144638_objectif_sur_dydxusdc_4h_indicateurs_aro,fac5047d5bef7050e46f34297dc7a154933df4fc38ca2b0551bc32c3adb9d6a0,11080,,,running,,,,1,,-20.0,-100.0,
672,20260319_144742_strat_gie_de_momentum_sur_sklusdc_30m_in,C:\Users\o3-Pro\Documents\backtest_results\_builder_sessions\20260319_144742_strat_gie_de_momentum_sur_sklusdc_30m_in\session_summary.json,C:\Users\o3-Pro\Documents\backtest_results\_builder_sessions\20260319_144742_strat_gie_de_momentum_sur_sklusdc_30m_in,dec9cf145afd5be2825b5fa74bbb4651458c535d636b62be0837ef0c937b47e4,30068,,,running,,,,3,,0.1806951363969353,-26.0,
673,20260319_145526_objectif_sur_dydxusdc_1h_utiliser_atr_po,C:\Users\o3-Pro\Documents\backtest_results\_builder_sessions\20260319_145526_objectif_sur_dydxusdc_1h_utiliser_atr_po\session_summary.json,C:\Users\o3-Pro\Documents\backtest_results\_builder_sessions\20260319_145526_objectif_sur_dydxusdc_1h_utiliser_atr_po,b514fb0e224d0ec48c17ae1729e90c0cfb58805db279ac9dcdfd5a54ea245961,59332,,,failed,,,,6,,0.1787294080888083,-68.64548107999714,
674,20260319_145623_strat_gie_de_mean_reversion_sur_sandusdc,C:\Users\o3-Pro\Documents\backtest_results\_builder_sessions\20260319_145623_strat_gie_de_mean_reversion_sur_sandusdc\session_summary.json,C:\Users\o3-Pro\Documents\backtest_results\_builder_sessions\20260319_145623_strat_gie_de_mean_reversion_sur_sandusdc,13b2bc870bddb82d5519e086b34f4e1841db35eef5ef7ec4cc24dfa75ecbeb4c,12948,,,success,,,,1,,1.0644560658495625,100.0,
675,20260319_145859_objectif_de_strat_gie_sur_gunusdc_4h_ind,C:\Users\o3-Pro\Documents\backtest_results\_builder_sessions\20260319_145859_objectif_de_strat_gie_sur_gunusdc_4h_ind\session_summary.json,C:\Users\o3-Pro\Documents\backtest_results\_builder_sessions\20260319_145859_objectif_de_strat_gie_sur_gunusdc_4h_ind,c8bb67e7333d1ee5f4d21ed0d1b1cc6e897dab7361c54d1b9f62a4b58e228086,17252,,,running,,,,2,,0.5864355164479468,-33.39005281850813,
676,20260319_150520_objectif_sur_mkrusdc_1h_combiner_atr_14,C:\Users\o3-Pro\Documents\backtest_results\_builder_sessions\20260319_150520_objectif_sur_mkrusdc_1h_combiner_atr_14\session_summary.json,C:\Users\o3-Pro\Documents\backtest_results\_builder_sessions\20260319_150520_objectif_sur_mkrusdc_1h_combiner_atr_14,30ca7a555560dfec2cb2f33577b4b85e35f0d111aff82dbf69c02f3f8b73436e,66623,,,failed,,,,6,,0.0,-50.0,
677,20260319_150625_strat_gie_de_trend_following_sur_asterus,C:\Users\o3-Pro\Documents\backtest_results\_builder_sessions\20260319_150625_strat_gie_de_trend_following_sur_asterus\session_summary.json,C:\Users\o3-Pro\Documents\backtest_results\_builder_sessions\20260319_150625_strat_gie_de_trend_following_sur_asterus,75b4832096ce557ae39aafcd9cf7b1dabaa231a79ca81c39c88cebc6ec31257e,79366,,,max_iterations,,,,10,,0.9651938865602803,67.97904344237922,
678,20260319_151716_objectif_sur_bananausdc_1w_indicateurs_a,C:\Users\o3-Pro\Documents\backtest_results\_builder_sessions\20260319_151716_objectif_sur_bananausdc_1w_indicateurs_a\session_summary.json,C:\Users\o3-Pro\Documents\backtest_results\_builder_sessions\20260319_151716_objectif_sur_bananausdc_1w_indicateurs_a,34c0cf9e4301e3edc7c124ac9cb83a56f8bfa52a3055a53b06aac73f4b6418a6,2464,,,failed,,,,1,,-inf,-inf,
679,20260319_151736_objectif_sur_theusdc_1h_utiliser_une_com,C:\Users\o3-Pro\Documents\backtest_results\_builder_sessions\20260319_151736_objectif_sur_theusdc_1h_utiliser_une_com\session_summary.json,C:\Users\o3-Pro\Documents\backtest_results\_builder_sessions\20260319_151736_objectif_sur_theusdc_1h_utiliser_une_com,1a446328330d6ecd4dd89b6cb591714d89040b493beb8eae64ae127aa794cd78,17068,,,running,,,,2,,0.44728510320682835,19.961298874939015,
680,20260320_074020_strat_gie_de_breakout_sur_wifusdc_1w_ind,C:\Users\o3-Pro\Documents\backtest_results\_builder_sessions\20260320_074020_strat_gie_de_breakout_sur_wifusdc_1w_ind\session_summary.json,C:\Users\o3-Pro\Documents\backtest_results\_builder_sessions\20260320_074020_strat_gie_de_breakout_sur_wifusdc_1w_ind,761f91145f7e0a5c9979bc5072443cd4a3f1c86d77aae8c6d9429a77bfea46f3,2132,,,failed,,,,1,,-inf,-inf,
681,20260320_081013_strat_gie_de_breakout_sur_slfusdc_1w_ind,C:\Users\o3-Pro\Documents\backtest_results\_builder_sessions\20260320_081013_strat_gie_de_breakout_sur_slfusdc_1w_ind\session_summary.json,C:\Users\o3-Pro\Documents\backtest_results\_builder_sessions\20260320_081013_strat_gie_de_breakout_sur_slfusdc_1w_ind,9ee66e1050f26be60a0853a7352033a699f1c80d31226eea61cf0e3993ed56d0,2081,,,failed,,,,1,,-inf,-inf,
682,20260320_081554_strat_gie_de_scalping_sur_somiusdc_4h_in,C:\Users\o3-Pro\Documents\backtest_results\_builder_sessions\20260320_081554_strat_gie_de_scalping_sur_somiusdc_4h_in\session_summary.json,C:\Users\o3-Pro\Documents\backtest_results\_builder_sessions\20260320_081554_strat_gie_de_scalping_sur_somiusdc_4h_in,e923a5203e78ac52f0e272d39eefde0e3924b5e2777a32f12b8b07568a2ddf76,3054,,,running,,,,1,,-inf,-inf,
683,20260320_091232_vite_la_redondance_et_la_generosit_inut,C:\Users\o3-Pro\Documents\backtest_results\_builder_sessions\20260320_091232_vite_la_redondance_et_la_generosit_inut\session_summary.json,C:\Users\o3-Pro\Documents\backtest_results\_builder_sessions\20260320_091232_vite_la_redondance_et_la_generosit_inut,b97c1bf72ade00d55f483002810eb65a2a6149de53633d6a7c9d3ab709f8ead5,7802,,,running,,,,1,,0.0,-26.0,
684,20260320_091955_vite_les_formulations_trop_techniques_o,C:\Users\o3-Pro\Documents\backtest_results\_builder_sessions\20260320_091955_vite_les_formulations_trop_techniques_o\session_summary.json,C:\Users\o3-Pro\Documents\backtest_results\_builder_sessions\20260320_091955_vite_les_formulations_trop_techniques_o,fd6d81349c067127cbae5af614fec2b0706059afbc2d0a3413c012c66af7d547,17215,,,running,,,,2,,0.0,-26.0,
685,20260320_092654_strat_gie_sur_xlmusdc_3m_vite_le_jargon,C:\Users\o3-Pro\Documents\backtest_results\_builder_sessions\20260320_092654_strat_gie_sur_xlmusdc_3m_vite_le_jargon\session_summary.json,C:\Users\o3-Pro\Documents\backtest_results\_builder_sessions\20260320_092654_strat_gie_sur_xlmusdc_3m_vite_le_jargon,0506e3484092633f2ef753ffd93a545ce43f6c10c936596216deab80d100afc1,8545,,,running,,,,1,,0.0,-26.0,
686,20260320_093138_strat_gie_de_multi_factor_sur_bbusdc_5m,C:\Users\o3-Pro\Documents\backtest_results\_builder_sessions\20260320_093138_strat_gie_de_multi_factor_sur_bbusdc_5m\session_summary.json,C:\Users\o3-Pro\Documents\backtest_results\_builder_sessions\20260320_093138_strat_gie_de_multi_factor_sur_bbusdc_5m,9ba5bb3519a60a8baca8ad537de06eac06e6405fd575e4ecb3bbca534658b486,9887,,,running,,,,1,,-20.0,-100.0,
687,20260320_093546_strat_gie_de_scalping_sur_turbousdc_1w_i,C:\Users\o3-Pro\Documents\backtest_results\_builder_sessions\20260320_093546_strat_gie_de_scalping_sur_turbousdc_1w_i\session_summary.json,C:\Users\o3-Pro\Documents\backtest_results\_builder_sessions\20260320_093546_strat_gie_de_scalping_sur_turbousdc_1w_i,d557b1f695aa6c28d8671453a1c646c6dbfb717a88619a63b9be53a2685a91dd,2035,,,failed,,,,1,,-inf,-inf,
688,20260320_093751_strat_gie_de_regime_adaptatif_sur_turbou,C:\Users\o3-Pro\Documents\backtest_results\_builder_sessions\20260320_093751_strat_gie_de_regime_adaptatif_sur_turbou\session_summary.json,C:\Users\o3-Pro\Documents\backtest_results\_builder_sessions\20260320_093751_strat_gie_de_regime_adaptatif_sur_turbou,74b1b2a7e952d56ed67630d3eaa296428f00723c1a0422ef8b58aedfc67efa24,7835,,,running,,,,1,,0.0,-26.0,
689,20260320_094224_vite_soient_trop_technique_que_trop_vag,C:\Users\o3-Pro\Documents\backtest_results\_builder_sessions\20260320_094224_vite_soient_trop_technique_que_trop_vag\session_summary.json,C:\Users\o3-Pro\Documents\backtest_results\_builder_sessions\20260320_094224_vite_soient_trop_technique_que_trop_vag,529e1f02ceed93c1f656a3fcb173d468e81f6df7315c536db166b665489e7279,16743,,,running,,,,2,,0.0,-26.0,
690,20260320_094657_vite_le_jargon_financeur_st_rile_exempl,C:\Users\o3-Pro\Documents\backtest_results\_builder_sessions\20260320_094657_vite_le_jargon_financeur_st_rile_exempl\session_summary.json,C:\Users\o3-Pro\Documents\backtest_results\_builder_sessions\20260320_094657_vite_le_jargon_financeur_st_rile_exempl,4076cc84b8ad4498ea7ad6351d30df39474e76619f18d2c64b1510ac10dd1d6f,18669,,,running,,,,2,,0.0,-26.0,
691,20260320_095207_vite_la_redondance_et_la_generique_obje,C:\Users\o3-Pro\Documents\backtest_results\_builder_sessions\20260320_095207_vite_la_redondance_et_la_generique_obje\session_summary.json,C:\Users\o3-Pro\Documents\backtest_results\_builder_sessions\20260320_095207_vite_la_redondance_et_la_generique_obje,04a72aa7f916d47f661cc35c27f57dca82b71697ad851bd44c9fd09e5d3002c8,8821,,,running,,,,1,,0.0,-26.0,
692,20260320_095513_strat_gie_de_trend_following_sur_qntusdc,C:\Users\o3-Pro\Documents\backtest_results\_builder_sessions\20260320_095513_strat_gie_de_trend_following_sur_qntusdc\session_summary.json,C:\Users\o3-Pro\Documents\backtest_results\_builder_sessions\20260320_095513_strat_gie_de_trend_following_sur_qntusdc,30c1af550d6346a98b0922db5e325f03f63d9a28387d567272f7b13e1eba4783,7814,,,running,,,,1,,0.0,-26.0,
693,20260320_144436_strat_gie_de_multi_factor_sur_lineausdc,C:\Users\o3-Pro\Documents\backtest_results\_builder_sessions\20260320_144436_strat_gie_de_multi_factor_sur_lineausdc\session_summary.json,C:\Users\o3-Pro\Documents\backtest_results\_builder_sessions\20260320_144436_strat_gie_de_multi_factor_sur_lineausdc,7eb7d17ce19d30bf045f3615589a8c74ce0eaf2877e0f772cc51b27a5c77285c,49495,,,failed,,,,6,,0.0,-100.0,
694,20260320_145755_strat_gie_de_mean_reversion_sur_biousdc,C:\Users\o3-Pro\Documents\backtest_results\_builder_sessions\20260320_145755_strat_gie_de_mean_reversion_sur_biousdc\session_summary.json,C:\Users\o3-Pro\Documents\backtest_results\_builder_sessions\20260320_145755_strat_gie_de_mean_reversion_sur_biousdc,c6642f722ba5202eca2ec065267c093c1c5009bbb663368ff2b0e75426fb2d6a,2115,,,failed,,,,1,,-inf,-inf,
695,20260320_145824_strat_gie_de_scalping_sur_cfxusdc_1w_ind,C:\Users\o3-Pro\Documents\backtest_results\_builder_sessions\20260320_145824_strat_gie_de_scalping_sur_cfxusdc_1w_ind\session_summary.json,C:\Users\o3-Pro\Documents\backtest_results\_builder_sessions\20260320_145824_strat_gie_de_scalping_sur_cfxusdc_1w_ind,b660c52b9a38c949726287ee1c0c2cb64847420717589984a957c94520e7eadf,2041,,,failed,,,,1,,-inf,-inf,
696,20260320_145858_strat_gie_de_breakout_sur_neousdc_5m_ind,C:\Users\o3-Pro\Documents\backtest_results\_builder_sessions\20260320_145858_strat_gie_de_breakout_sur_neousdc_5m_ind\session_summary.json,C:\Users\o3-Pro\Documents\backtest_results\_builder_sessions\20260320_145858_strat_gie_de_breakout_sur_neousdc_5m_ind,eec5fbb7f81a417390a5bf7b7618824e7c16769626e07d54cb9b96c6e5e64f96,54204,,,failed,,,,6,,0.0,-87.19047619047619,
697,20260320_150753_strat_gie_sur_ltcusdc_1h_vite_le_jargon,C:\Users\o3-Pro\Documents\backtest_results\_builder_sessions\20260320_150753_strat_gie_sur_ltcusdc_1h_vite_le_jargon\session_summary.json,C:\Users\o3-Pro\Documents\backtest_results\_builder_sessions\20260320_150753_strat_gie_sur_ltcusdc_1h_vite_le_jargon,a8e510e122029f377babb2d60c399726a8e817ed4a5c02da6ef5dc6fe0e938ba,47457,,,failed,,,,6,,0.0,-26.0,
698,20260320_151634_vite_la_redondance_et_la_formulation_tr,C:\Users\o3-Pro\Documents\backtest_results\_builder_sessions\20260320_151634_vite_la_redondance_et_la_formulation_tr\session_summary.json,C:\Users\o3-Pro\Documents\backtest_results\_builder_sessions\20260320_151634_vite_la_redondance_et_la_formulation_tr,b428da2080d7081cff7682f00a0e074464db54747d24f04d37f200181e84b4ab,51173,,,failed,,,,6,,0.0,-26.0,
699,20260320_152842_vite_les_formulations_trop_techniques_o,C:\Users\o3-Pro\Documents\backtest_results\_builder_sessions\20260320_152842_vite_les_formulations_trop_techniques_o\session_summary.json,C:\Users\o3-Pro\Documents\backtest_results\_builder_sessions\20260320_152842_vite_les_formulations_trop_techniques_o,81e6a33803d9bb6cbcb65319428baaef7fe204fa1a2b18b3e49b02131130e9d7,34790,,,failed,,,,6,,0.0,-26.0,
700,20260320_155348_r_ponse_style_tendances_contrariennes_a,C:\Users\o3-Pro\Documents\backtest_results\_builder_sessions\20260320_155348_r_ponse_style_tendances_contrariennes_a\session_summary.json,C:\Users\o3-Pro\Documents\backtest_results\_builder_sessions\20260320_155348_r_ponse_style_tendances_contrariennes_a,b0fe5e7a5930f14ba9a5d966e30804b012e70ebcacbda0bc3926a31ca6722c8f,15646,,,running,,,,2,,0.0,-26.0,
701,20260320_163155_tu_dois_inclure_au_least_3_indicateurs_e,C:\Users\o3-Pro\Documents\backtest_results\_builder_sessions\20260320_163155_tu_dois_inclure_au_least_3_indicateurs_e\session_summary.json,C:\Users\o3-Pro\Documents\backtest_results\_builder_sessions\20260320_163155_tu_dois_inclure_au_least_3_indicateurs_e,c49320f046c70af0071c50d64aa53f7ec96d18438c7e8c720b42d56469594ea4,3098,,,failed,,,,1,,-inf,-inf,
702,20260320_163720_strat_gie_de_multi_factor_sur_nomusdc_1d,C:\Users\o3-Pro\Documents\backtest_results\_builder_sessions\20260320_163720_strat_gie_de_multi_factor_sur_nomusdc_1d\session_summary.json,C:\Users\o3-Pro\Documents\backtest_results\_builder_sessions\20260320_163720_strat_gie_de_multi_factor_sur_nomusdc_1d,bf71a72fbcd8690e343d413fc6bd6e31f131003a3e654aed7d058c74f47c37d8,2117,,,failed,,,,1,,-inf,-inf,
703,20260320_164246_strat_gie_de_scalping_sur_taousdc_3m_ind,C:\Users\o3-Pro\Documents\backtest_results\_builder_sessions\20260320_164246_strat_gie_de_scalping_sur_taousdc_3m_ind\session_summary.json,C:\Users\o3-Pro\Documents\backtest_results\_builder_sessions\20260320_164246_strat_gie_de_scalping_sur_taousdc_3m_ind,4987c45fbe8a243ed63e30435ed4a5287b3b34e6eebb885226987d41928b432c,58333,,,failed,,,,9,,0.0,-26.0,
704,20260320_165957_strat_gie_de_regime_adaptatif_sur_solusd,C:\Users\o3-Pro\Documents\backtest_results\_builder_sessions\20260320_165957_strat_gie_de_regime_adaptatif_sur_solusd\session_summary.json,C:\Users\o3-Pro\Documents\backtest_results\_builder_sessions\20260320_165957_strat_gie_de_regime_adaptatif_sur_solusd,a94d932fcf1dfa1d401fc495cc2244871804e1476bb13c86512c6594b834391e,79566,,,running,,,,9,,0.4702582137175271,86.24302007677076,
705,20260321_024543_strat_gie_de_mean_reversion_sur_kaitousd,C:\Users\o3-Pro\Documents\backtest_results\_builder_sessions\20260321_024543_strat_gie_de_mean_reversion_sur_kaitousd\session_summary.json,C:\Users\o3-Pro\Documents\backtest_results\_builder_sessions\20260321_024543_strat_gie_de_mean_reversion_sur_kaitousd,a17c15c2e0dcf1ef7890625d380bad817a9fb737874f0aaab916727bd5dac4d7,51201,,,failed,,,,6,,0.0,-26.0,
706,20260321_025714_strat_gie_de_momentum_sur_vetusdc_1w_ind,C:\Users\o3-Pro\Documents\backtest_results\_builder_sessions\20260321_025714_strat_gie_de_momentum_sur_vetusdc_1w_ind\session_summary.json,C:\Users\o3-Pro\Documents\backtest_results\_builder_sessions\20260321_025714_strat_gie_de_momentum_sur_vetusdc_1w_ind,02d4698d377ded1e50eb389ac299b08ddc81781c44067869fbf96c68c4526881,37307,,,failed,,,,6,,0.0,-26.0,
707,20260321_030938_strat_gie_de_multi_factor_sur_eurusdc_5m,C:\Users\o3-Pro\Documents\backtest_results\_builder_sessions\20260321_030938_strat_gie_de_multi_factor_sur_eurusdc_5m\session_summary.json,C:\Users\o3-Pro\Documents\backtest_results\_builder_sessions\20260321_030938_strat_gie_de_multi_factor_sur_eurusdc_5m,6dd99cf843d73a053de54a13fb2c713293415491c9351a30d314a0c1d6de6181,67747,,,running,,,,8,,0.15269933935479163,2.912758713098331,
708,20260321_104631_strat_gie_sur_gpsusdc_1h_exploiter_l_asy,C:\Users\o3-Pro\Documents\backtest_results\_builder_sessions\20260321_104631_strat_gie_sur_gpsusdc_1h_exploiter_l_asy\session_summary.json,C:\Users\o3-Pro\Documents\backtest_results\_builder_sessions\20260321_104631_strat_gie_sur_gpsusdc_1h_exploiter_l_asy,2d64efb51c00968abf6e4d598e398019104f02149c2b2f0ffe5d10ec1ab745ce,69423,,,success,,,,8,,1.1176041408388784,33.71903292205411,
709,20260321_105924_objective_exploiter_les_divergences_ent,C:\Users\o3-Pro\Documents\backtest_results\_builder_sessions\20260321_105924_objective_exploiter_les_divergences_ent\session_summary.json,C:\Users\o3-Pro\Documents\backtest_results\_builder_sessions\20260321_105924_objective_exploiter_les_divergences_ent,dd7f598d87347403fd4c6c050bebb75bca987693abe95c914b3a49d147eac47a,104528,,,failed,,,,10,,0.7753982716113048,55.88156287344296,
710,20260321_111609_strat_gie_sur_mkrusdc_1h_exploiter_l_asy,C:\Users\o3-Pro\Documents\backtest_results\_builder_sessions\20260321_111609_strat_gie_sur_mkrusdc_1h_exploiter_l_asy\session_summary.json,C:\Users\o3-Pro\Documents\backtest_results\_builder_sessions\20260321_111609_strat_gie_sur_mkrusdc_1h_exploiter_l_asy,2c036c4c07ea8aaa5b9237567006b81a1759ebda6c4655ae303ed5aeca503d59,71880,,,failed,,,,6,,0.0,-100.0,
711,20260321_112900_strat_gie_sur_crvusdc_4h_exploiter_l_asy,C:\Users\o3-Pro\Documents\backtest_results\_builder_sessions\20260321_112900_strat_gie_sur_crvusdc_4h_exploiter_l_asy\session_summary.json,C:\Users\o3-Pro\Documents\backtest_results\_builder_sessions\20260321_112900_strat_gie_sur_crvusdc_4h_exploiter_l_asy,c8cd16eb611277d51e2f7516848f3de8bba519d30f4dab53c6c0f61bd32633ce,55310,,,failed,,,,6,,-0.02151324827129659,-11.93669815252099,
712,20260321_113826_exploiter_les_divergences_entre_le_chaik,C:\Users\o3-Pro\Documents\backtest_results\_builder_sessions\20260321_113826_exploiter_les_divergences_entre_le_chaik\session_summary.json,C:\Users\o3-Pro\Documents\backtest_results\_builder_sessions\20260321_113826_exploiter_les_divergences_entre_le_chaik,7c6157ef2cfd8a57dd7d7c114a7fa0477fae06e9d489f0f5b2e985c90b3459cd,53313,,,failed,,,,6,,0.0,-100.0,
713,20260321_114823_strat_gie_de_trend_following_sur_initusd,C:\Users\o3-Pro\Documents\backtest_results\_builder_sessions\20260321_114823_strat_gie_de_trend_following_sur_initusd\session_summary.json,C:\Users\o3-Pro\Documents\backtest_results\_builder_sessions\20260321_114823_strat_gie_de_trend_following_sur_initusd,776e418d89bb80dd695b987f8703541f66db1de2995fffb2473d84be9e3dcd35,83608,,,max_iterations,,,,10,,0.7614055508265308,84.59318513530124,
714,20260321_120238_objective_exploiter_les_divergences_ent,C:\Users\o3-Pro\Documents\backtest_results\_builder_sessions\20260321_120238_objective_exploiter_les_divergences_ent\session_summary.json,C:\Users\o3-Pro\Documents\backtest_results\_builder_sessions\20260321_120238_objective_exploiter_les_divergences_ent,5ffa1f4616a7b371b94e02ed19abde9f23e516775faa1c60189adcd2d5ed86e6,11347,,,success,,,,1,,1.000340759797275,90.56572789172557,
715,20260321_120415_strat_gie_sur_saharausdc_30m_exploiter_l,C:\Users\o3-Pro\Documents\backtest_results\_builder_sessions\20260321_120415_strat_gie_sur_saharausdc_30m_exploiter_l\session_summary.json,C:\Users\o3-Pro\Documents\backtest_results\_builder_sessions\20260321_120415_strat_gie_sur_saharausdc_30m_exploiter_l,914552c87c59cfbc9918c75258b62251c59583f6efdc48e832c399c8572162c9,74168,,,failed,,,,9,,0.0,-100.0,
716,20260321_122000_strat_gie_sur_xlmusdc_4h_exploiter_les_d,C:\Users\o3-Pro\Documents\backtest_results\_builder_sessions\20260321_122000_strat_gie_sur_xlmusdc_4h_exploiter_les_d\session_summary.json,C:\Users\o3-Pro\Documents\backtest_results\_builder_sessions\20260321_122000_strat_gie_sur_xlmusdc_4h_exploiter_les_d,a991c48ec33d364f08289039259d0fb48eb47c341214340862a6238bac12d609,92188,,,failed,,,,10,,0.591556552791311,44.20788583894393,
717,20260321_124002_objective_exploiter_les_r_gimes_de_vola,C:\Users\o3-Pro\Documents\backtest_results\_builder_sessions\20260321_124002_objective_exploiter_les_r_gimes_de_vola\session_summary.json,C:\Users\o3-Pro\Documents\backtest_results\_builder_sessions\20260321_124002_objective_exploiter_les_r_gimes_de_vola,1105b77d1aa598126cb25e264cc74d17d8f1b771169ec1d6de1bd277fe5ed50e,54398,,,failed,,,,6,,-20.0,-100.0,
718,20260321_125015_strat_gie_sur_dogeusdc_15m_exploiter_les,C:\Users\o3-Pro\Documents\backtest_results\_builder_sessions\20260321_125015_strat_gie_sur_dogeusdc_15m_exploiter_les\session_summary.json,C:\Users\o3-Pro\Documents\backtest_results\_builder_sessions\20260321_125015_strat_gie_sur_dogeusdc_15m_exploiter_les,6c49441dec8ce3923e286c896adf643283eb5e24713b2eb4d3d9bd461429f05b,52958,,,failed,,,,6,,0.0,-100.0,
719,20260321_125912_strat_gie_de_multi_factor_sur_somiusdc_4,C:\Users\o3-Pro\Documents\backtest_results\_builder_sessions\20260321_125912_strat_gie_de_multi_factor_sur_somiusdc_4\session_summary.json,C:\Users\o3-Pro\Documents\backtest_results\_builder_sessions\20260321_125912_strat_gie_de_multi_factor_sur_somiusdc_4,0698ce951f9507b8bddae6e5b996b78e9fa70c77bbd8b5f1cac570f5360c45c6,41643,,,failed,,,,6,,0.0,-26.0,
720,20260321_130748_strat_gie_de_momentum_sur_paxgusdc_1h_in,C:\Users\o3-Pro\Documents\backtest_results\_builder_sessions\20260321_130748_strat_gie_de_momentum_sur_paxgusdc_1h_in\session_summary.json,C:\Users\o3-Pro\Documents\backtest_results\_builder_sessions\20260321_130748_strat_gie_de_momentum_sur_paxgusdc_1h_in,a4f9cd94f67126bdb1b528377ea26d456d57c9ba43ddf91486cf6a6c12917aaa,62152,,,failed,,,,8,,1.3089528254678382,100.0,
721,20260321_132319_strat_gie_de_mean_reversion_sur_maticusd,C:\Users\o3-Pro\Documents\backtest_results\_builder_sessions\20260321_132319_strat_gie_de_mean_reversion_sur_maticusd\session_summary.json,C:\Users\o3-Pro\Documents\backtest_results\_builder_sessions\20260321_132319_strat_gie_de_mean_reversion_sur_maticusd,c2d3c60556313407fa08fce29665b30b9ed1af650cdcde882633274f945c715f,45506,,,failed,,,,6,,0.0,-26.0,
722,20260321_133344_strat_gie_de_scalping_sur_hbarusdc_5m_in,C:\Users\o3-Pro\Documents\backtest_results\_builder_sessions\20260321_133344_strat_gie_de_scalping_sur_hbarusdc_5m_in\session_summary.json,C:\Users\o3-Pro\Documents\backtest_results\_builder_sessions\20260321_133344_strat_gie_de_scalping_sur_hbarusdc_5m_in,e3ec6ca0000f532a25c245b481d8c96d4c16d3baf88527e5bf31fe3ac1808ae1,47730,,,failed,,,,6,,0.0,-26.0,
723,20260321_134227_strat_gie_sur_vetusdc_1d_exploiter_la_di,C:\Users\o3-Pro\Documents\backtest_results\_builder_sessions\20260321_134227_strat_gie_sur_vetusdc_1d_exploiter_la_di\session_summary.json,C:\Users\o3-Pro\Documents\backtest_results\_builder_sessions\20260321_134227_strat_gie_sur_vetusdc_1d_exploiter_la_di,19b0bb0a8b65cd77c414ead2f98fe59dab9d8a6d005f28f5b11321acc2566ac4,87697,,,max_iterations,,,,10,,0.7617209555383903,89.9534564247184,
724,20260321_135014_strat_gie_sur_beamxusdc_4h_exploiter_l_a,C:\Users\o3-Pro\Documents\backtest_results\_builder_sessions\20260321_135014_strat_gie_sur_beamxusdc_4h_exploiter_l_a\session_summary.json,C:\Users\o3-Pro\Documents\backtest_results\_builder_sessions\20260321_135014_strat_gie_sur_beamxusdc_4h_exploiter_l_a,8893505271eab3aa6cdae0b210be82beeb4b31b14a6f6cf7c89d21e8e53b029b,77079,,,failed,,,,9,,0.4907687893395344,54.25336408294297,
725,20260321_140522_exploiter_l_asym_trie_entre_les_signaux,C:\Users\o3-Pro\Documents\backtest_results\_builder_sessions\20260321_140522_exploiter_l_asym_trie_entre_les_signaux\session_summary.json,C:\Users\o3-Pro\Documents\backtest_results\_builder_sessions\20260321_140522_exploiter_l_asym_trie_entre_les_signaux,c28647f7934fd65842ce079533a91796cbe09bf1b26034fd8fdfda27f2ddc236,31855,,,running,,,,3,,-0.41793245368500875,-100.0,
726,20260321_152059_objective_divergence_long_rsi_vs_price,C:\Users\o3-Pro\Documents\backtest_results\_builder_sessions\20260321_152059_objective_divergence_long_rsi_vs_price\session_summary.json,C:\Users\o3-Pro\Documents\backtest_results\_builder_sessions\20260321_152059_objective_divergence_long_rsi_vs_price,fda9d0a8681e41fe2a505bd70a21e0b0deb5ddf97930ac0563ad868fac7dacec,33397,,,running,,,,4,,0.0,-100.0,
727,20260321_171711_strat_gie_sur_saharausdc_1h_identifie_le,C:\Users\o3-Pro\Documents\backtest_results\_builder_sessions\20260321_171711_strat_gie_sur_saharausdc_1h_identifie_le\session_summary.json,C:\Users\o3-Pro\Documents\backtest_results\_builder_sessions\20260321_171711_strat_gie_sur_saharausdc_1h_identifie_le,ae914b06b5cf9d9149a4466c8035a68b2e19d46fbf92a24a291dd8777d071ae5,43690,,,failed,,,,6,,0.0,-26.0,
728,20260321_171940_strat_gie_sur_ldousdc_1h_g_n_rer_une_str,C:\Users\o3-Pro\Documents\backtest_results\_builder_sessions\20260321_171940_strat_gie_sur_ldousdc_1h_g_n_rer_une_str\session_summary.json,C:\Users\o3-Pro\Documents\backtest_results\_builder_sessions\20260321_171940_strat_gie_sur_ldousdc_1h_g_n_rer_une_str,196777b532d6fdabecb245f0174e8c5863e870b033130041266548f66d5e936c,71767,,,failed,,,,9,,0.4443547393647423,-26.0,
729,20260321_172231_strat_gie_sur_lineausdc_3m_to_achieve_a,C:\Users\o3-Pro\Documents\backtest_results\_builder_sessions\20260321_172231_strat_gie_sur_lineausdc_3m_to_achieve_a\session_summary.json,C:\Users\o3-Pro\Documents\backtest_results\_builder_sessions\20260321_172231_strat_gie_sur_lineausdc_3m_to_achieve_a,051102ce27f1b4cc0579cf7499d5a5a6adc39d599de92306be5fa4ab6807c578,51175,,,failed,,,,6,,0.0,-26.0,
730,20260321_172448_strat_gie_de_breakout_sur_ethusdc_5m_ind,C:\Users\o3-Pro\Documents\backtest_results\_builder_sessions\20260321_172448_strat_gie_de_breakout_sur_ethusdc_5m_ind\session_summary.json,C:\Users\o3-Pro\Documents\backtest_results\_builder_sessions\20260321_172448_strat_gie_de_breakout_sur_ethusdc_5m_ind,4b23a297df83c11bd7f80c13ca80fefd8b0567075f5844a636f2cd4d833a65f1,45978,,,failed,,,,6,,0.0,-26.0,
731,20260321_172709_strat_gie_de_mean_reversion_sur_atusdc_4,C:\Users\o3-Pro\Documents\backtest_results\_builder_sessions\20260321_172709_strat_gie_de_mean_reversion_sur_atusdc_4\session_summary.json,C:\Users\o3-Pro\Documents\backtest_results\_builder_sessions\20260321_172709_strat_gie_de_mean_reversion_sur_atusdc_4,30af8ccd0a733ab45474ca0d346b607fe5ae9085d32950ce36b45659c2f7f56d,75916,,,failed,,,,9,,0.5399432801969609,-26.0,
732,20260321_172956_strat_gie_de_multi_factor_sur_zkcusdc_1h,C:\Users\o3-Pro\Documents\backtest_results\_builder_sessions\20260321_172956_strat_gie_de_multi_factor_sur_zkcusdc_1h\session_summary.json,C:\Users\o3-Pro\Documents\backtest_results\_builder_sessions\20260321_172956_strat_gie_de_multi_factor_sur_zkcusdc_1h,37a7f52928a4889e274c8f330c589abcc60fad051baeb309b19d150761e63f55,52867,,,failed,,,,6,,0.0,-26.0,
733,20260321_173222_strat_gie_de_scalping_sur_neirousdc_30m,C:\Users\o3-Pro\Documents\backtest_results\_builder_sessions\20260321_173222_strat_gie_de_scalping_sur_neirousdc_30m\session_summary.json,C:\Users\o3-Pro\Documents\backtest_results\_builder_sessions\20260321_173222_strat_gie_de_scalping_sur_neirousdc_30m,92435f9d0774d62e5f7342b11248020efa262dd876255545480ca225bda97503,46542,,,failed,,,,6,,0.0,-26.0,
734,20260321_173448_strat_gie_sur_giggleusdc_3m_minimiser_le,C:\Users\o3-Pro\Documents\backtest_results\_builder_sessions\20260321_173448_strat_gie_sur_giggleusdc_3m_minimiser_le\session_summary.json,C:\Users\o3-Pro\Documents\backtest_results\_builder_sessions\20260321_173448_strat_gie_sur_giggleusdc_3m_minimiser_le,b51e5969a215ad0d99f006f1e7ef4c05967417c8946ea9600184253b62856845,48469,,,failed,,,,6,,0.0,-26.0,
735,20260321_173647_strat_gie_sur_dotusdc_5m_maximiser_les_g,C:\Users\o3-Pro\Documents\backtest_results\_builder_sessions\20260321_173647_strat_gie_sur_dotusdc_5m_maximiser_les_g\session_summary.json,C:\Users\o3-Pro\Documents\backtest_results\_builder_sessions\20260321_173647_strat_gie_sur_dotusdc_5m_maximiser_les_g,52886ec121ab8958e72fe2f8adac53ec6b75789bab1263f1902ae7798e4ca62a,44746,,,failed,,,,6,,0.0,-26.0,
736,20260321_173912_strat_gie_sur_ltcusdc_1h_objective_gener,C:\Users\o3-Pro\Documents\backtest_results\_builder_sessions\20260321_173912_strat_gie_sur_ltcusdc_1h_objective_gener\session_summary.json,C:\Users\o3-Pro\Documents\backtest_results\_builder_sessions\20260321_173912_strat_gie_sur_ltcusdc_1h_objective_gener,16a4e2345f44f7fcae23ab7da6de5af0693d1c5bc9dd88d9217ad37a7a79ac11,59215,,,failed,,,,6,,0.0,-26.0,
737,20260321_174234_strat_gie_sur_solvusdc_4h_maximiser_les,C:\Users\o3-Pro\Documents\backtest_results\_builder_sessions\20260321_174234_strat_gie_sur_solvusdc_4h_maximiser_les\session_summary.json,C:\Users\o3-Pro\Documents\backtest_results\_builder_sessions\20260321_174234_strat_gie_sur_solvusdc_4h_maximiser_les,4a19d1484a4ee9668dd7fa42d01f37147944d739e767c6983d1bf5a90bfa7455,81756,,,max_iterations,,,,10,,0.7126105635449193,61.155528149397966,
738,20260321_174533_strat_gie_sur_openusdc_5m_achieve_a_mont,C:\Users\o3-Pro\Documents\backtest_results\_builder_sessions\20260321_174533_strat_gie_sur_openusdc_5m_achieve_a_mont\session_summary.json,C:\Users\o3-Pro\Documents\backtest_results\_builder_sessions\20260321_174533_strat_gie_sur_openusdc_5m_achieve_a_mont,c1fef3078f4c29731310191f948a058b9e09214e5cdfda59d1b7107b6264daee,44929,,,failed,,,,6,,0.0,-26.0,
739,20260321_174722_strat_gie_sur_seiusdc_1d_maximiser_les_g,C:\Users\o3-Pro\Documents\backtest_results\_builder_sessions\20260321_174722_strat_gie_sur_seiusdc_1d_maximiser_les_g\session_summary.json,C:\Users\o3-Pro\Documents\backtest_results\_builder_sessions\20260321_174722_strat_gie_sur_seiusdc_1d_maximiser_les_g,eb50c55e702fc81728f6c48fc075680a1c5f851d819c825c39357185d9669486,33044,,,success,,,,3,,1.2250568394479442,-100.0,
740,20260321_174929_strat_gie_sur_synusdc_30m_generate_a_tra,C:\Users\o3-Pro\Documents\backtest_results\_builder_sessions\20260321_174929_strat_gie_sur_synusdc_30m_generate_a_tra\session_summary.json,C:\Users\o3-Pro\Documents\backtest_results\_builder_sessions\20260321_174929_strat_gie_sur_synusdc_30m_generate_a_tra,bebcfe006d222bd2b925f3183dfe13140bf3dd7a18faa5241f405ad3b5d7c307,51062,,,failed,,,,6,,0.0,-26.0,
741,20260321_175134_strat_gie_sur_atusdc_30m_maximiser_les_g,C:\Users\o3-Pro\Documents\backtest_results\_builder_sessions\20260321_175134_strat_gie_sur_atusdc_30m_maximiser_les_g\session_summary.json,C:\Users\o3-Pro\Documents\backtest_results\_builder_sessions\20260321_175134_strat_gie_sur_atusdc_30m_maximiser_les_g,9ba2038ea5210058400ad9d1163d0a07c2cde0b53abcd85ad28c97213b0e3a00,95922,,,max_iterations,,,,10,,0.4063711651369836,15.316384670665393,
742,20260321_175432_strat_gie_sur_kmnousdc_4h_generate_a_tra,C:\Users\o3-Pro\Documents\backtest_results\_builder_sessions\20260321_175432_strat_gie_sur_kmnousdc_4h_generate_a_tra\session_summary.json,C:\Users\o3-Pro\Documents\backtest_results\_builder_sessions\20260321_175432_strat_gie_sur_kmnousdc_4h_generate_a_tra,6616a865e7ca58f4da2921f2f23587faef3c1fe056dae12c3e6c94d111ac993c,50837,,,failed,,,,6,,0.1209411669032574,-26.0,
743,20260321_175634_strat_gie_sur_altusdc_5m_identify_trend,C:\Users\o3-Pro\Documents\backtest_results\_builder_sessions\20260321_175634_strat_gie_sur_altusdc_5m_identify_trend\session_summary.json,C:\Users\o3-Pro\Documents\backtest_results\_builder_sessions\20260321_175634_strat_gie_sur_altusdc_5m_identify_trend,2bf752d4075450b7f74808e44be6866cf00fb4ccdb89fd50305ebbae80f92d5d,49333,,,failed,,,,6,,0.0,-100.0,
744,20260321_175925_strat_gie_sur_usdsusdc_3m_generate_a_tra,C:\Users\o3-Pro\Documents\backtest_results\_builder_sessions\20260321_175925_strat_gie_sur_usdsusdc_3m_generate_a_tra\session_summary.json,C:\Users\o3-Pro\Documents\backtest_results\_builder_sessions\20260321_175925_strat_gie_sur_usdsusdc_3m_generate_a_tra,ab229d9b4e201771619ee6abb9327881873e0ded3ec3fcee860adf9eee977454,45808,,,failed,,,,6,,0.0,-26.0,
745,20260321_180137_strat_gie_sur_shibusdc_1d_maximiser_les,C:\Users\o3-Pro\Documents\backtest_results\_builder_sessions\20260321_180137_strat_gie_sur_shibusdc_1d_maximiser_les\session_summary.json,C:\Users\o3-Pro\Documents\backtest_results\_builder_sessions\20260321_180137_strat_gie_sur_shibusdc_1d_maximiser_les,efa67c5a250e92764594656c79e565e5000bee1463f4afbf0284ccf2010ad710,68764,,,failed,,,,9,,0.631960565838149,-26.0,
746,20260321_180416_strat_gie_de_breakout_sur_rareusdc_5m_in,C:\Users\o3-Pro\Documents\backtest_results\_builder_sessions\20260321_180416_strat_gie_de_breakout_sur_rareusdc_5m_in\session_summary.json,C:\Users\o3-Pro\Documents\backtest_results\_builder_sessions\20260321_180416_strat_gie_de_breakout_sur_rareusdc_5m_in,5fd971f3f4135e915bd53270eccc4be5ef373f0e9125a976ecbca2b940e5f3b4,49094,,,failed,,,,6,,0.0,-26.0,
747,20260321_180658_strat_gie_de_trend_following_sur_pnutusd,C:\Users\o3-Pro\Documents\backtest_results\_builder_sessions\20260321_180658_strat_gie_de_trend_following_sur_pnutusd\session_summary.json,C:\Users\o3-Pro\Documents\backtest_results\_builder_sessions\20260321_180658_strat_gie_de_trend_following_sur_pnutusd,6ead61312cc44b6acdb300517246a1bb4041699bbeb952e714ef1621851bfbde,48289,,,success,,,,6,,1.0767018191162199,-26.0,
748,20260321_180859_strat_gie_sur_dolousdc_30m_generate_a_tr,C:\Users\o3-Pro\Documents\backtest_results\_builder_sessions\20260321_180859_strat_gie_sur_dolousdc_30m_generate_a_tr\session_summary.json,C:\Users\o3-Pro\Documents\backtest_results\_builder_sessions\20260321_180859_strat_gie_sur_dolousdc_30m_generate_a_tr,41eac4551b6b5a9908d53cc9a76ba74409a89eca1765b1566e50a2c3a805de44,51847,,,failed,,,,6,,0.0,-26.0,
749,20260321_181111_generate_a_trading_strategy_using_at_lea,C:\Users\o3-Pro\Documents\backtest_results\_builder_sessions\20260321_181111_generate_a_trading_strategy_using_at_lea\session_summary.json,C:\Users\o3-Pro\Documents\backtest_results\_builder_sessions\20260321_181111_generate_a_trading_strategy_using_at_lea,967d7bd40c1f868d81909c13c511e15ef9c6dcf1993d863ffcb71c55686ecf6f,49003,,,failed,,,,6,,0.0,-26.0,
750,20260321_181304_strat_gie_sur_avaxusdc_1d_ach_te_lorsque,C:\Users\o3-Pro\Documents\backtest_results\_builder_sessions\20260321_181304_strat_gie_sur_avaxusdc_1d_ach_te_lorsque\session_summary.json,C:\Users\o3-Pro\Documents\backtest_results\_builder_sessions\20260321_181304_strat_gie_sur_avaxusdc_1d_ach_te_lorsque,24dc7a798ca852d5a3d7c6fbea2e75bdcd7d4ebf76a0f5fd562a2d24777bb74b,52891,,,failed,,,,6,,0.0,-26.0,
751,20260321_181516_strat_gie_sur_frontusdc_4h_objective_obt,C:\Users\o3-Pro\Documents\backtest_results\_builder_sessions\20260321_181516_strat_gie_sur_frontusdc_4h_objective_obt\session_summary.json,C:\Users\o3-Pro\Documents\backtest_results\_builder_sessions\20260321_181516_strat_gie_sur_frontusdc_4h_objective_obt,e434500e140af4c926682277e5367b7b320974bc86f2b0a9c453a4be21e95c0e,97321,,,failed,,,,10,,1.8477535576303004,100.0,
752,20260321_181753_strat_gie_de_regime_adaptatif_sur_kmnous,C:\Users\o3-Pro\Documents\backtest_results\_builder_sessions\20260321_181753_strat_gie_de_regime_adaptatif_sur_kmnous\session_summary.json,C:\Users\o3-Pro\Documents\backtest_results\_builder_sessions\20260321_181753_strat_gie_de_regime_adaptatif_sur_kmnous,acf7fe2bac87b4718351bdf11e4317f8dc8f1a2e67c575fe2350fc62748d2b95,87806,,,max_iterations,,,,10,,0.60017829830267,51.69772872020747,
753,20260321_182121_strat_gie_sur_omniusdc_30m_generate_a_tr,C:\Users\o3-Pro\Documents\backtest_results\_builder_sessions\20260321_182121_strat_gie_sur_omniusdc_30m_generate_a_tr\session_summary.json,C:\Users\o3-Pro\Documents\backtest_results\_builder_sessions\20260321_182121_strat_gie_sur_omniusdc_30m_generate_a_tr,f077f49e25a04a68584141548b8711398f71b5fdc86fa3e4ed96cc674a395b24,52709,,,failed,,,,6,,0.0,-26.0,
754,20260321_182338_strat_gie_sur_filusdc_15m_s_assurer_que,C:\Users\o3-Pro\Documents\backtest_results\_builder_sessions\20260321_182338_strat_gie_sur_filusdc_15m_s_assurer_que\session_summary.json,C:\Users\o3-Pro\Documents\backtest_results\_builder_sessions\20260321_182338_strat_gie_sur_filusdc_15m_s_assurer_que,91c6f138f6f9d343f9fde835190591e33790a53805a68d12d5d97d87ef7647d4,49550,,,failed,,,,6,,0.0,-26.0,
755,20260321_182537_strat_gie_sur_pumpusdc_4h_generate_a_tra,C:\Users\o3-Pro\Documents\backtest_results\_builder_sessions\20260321_182537_strat_gie_sur_pumpusdc_4h_generate_a_tra\session_summary.json,C:\Users\o3-Pro\Documents\backtest_results\_builder_sessions\20260321_182537_strat_gie_sur_pumpusdc_4h_generate_a_tra,7f99312b8acf46729fd11b6238030a0073326e02fa01c5046dc12cd903614104,97566,,,failed,,,,10,,0.6596221310054768,34.099467429761084,
756,20260321_182834_strat_gie_sur_pepeusdc_30m_identifie_les,C:\Users\o3-Pro\Documents\backtest_results\_builder_sessions\20260321_182834_strat_gie_sur_pepeusdc_30m_identifie_les\session_summary.json,C:\Users\o3-Pro\Documents\backtest_results\_builder_sessions\20260321_182834_strat_gie_sur_pepeusdc_30m_identifie_les,2f3e5d7ac62e51dc237c63f94442dd3bcd2ddb00fb99b6a560d48b1be44a361c,43574,,,failed,,,,6,,0.0,-26.0,
757,20260321_183028_strat_gie_de_mean_reversion_sur_ldousdc,C:\Users\o3-Pro\Documents\backtest_results\_builder_sessions\20260321_183028_strat_gie_de_mean_reversion_sur_ldousdc\session_summary.json,C:\Users\o3-Pro\Documents\backtest_results\_builder_sessions\20260321_183028_strat_gie_de_mean_reversion_sur_ldousdc,b58f3aa00e53158fba8e21c4245e5c73258d651e35c0018ec60ad336c5167069,38531,,,failed,,,,6,,0.0,-26.0,
758,20260321_183230_strat_gie_de_momentum_sur_formusdc_1h_in,C:\Users\o3-Pro\Documents\backtest_results\_builder_sessions\20260321_183230_strat_gie_de_momentum_sur_formusdc_1h_in\session_summary.json,C:\Users\o3-Pro\Documents\backtest_results\_builder_sessions\20260321_183230_strat_gie_de_momentum_sur_formusdc_1h_in,95ecf506631fa70deab49740224f03ae3d40bb970eb69f4232b5538082968bf8,52335,,,failed,,,,6,,0.0,-26.0,
759,20260321_183425_strat_gie_de_multi_factor_sur_algousdc_1,C:\Users\o3-Pro\Documents\backtest_results\_builder_sessions\20260321_183425_strat_gie_de_multi_factor_sur_algousdc_1\session_summary.json,C:\Users\o3-Pro\Documents\backtest_results\_builder_sessions\20260321_183425_strat_gie_de_multi_factor_sur_algousdc_1,e0130dd1cf29a2acbe71f7a0abcef3f8cfd3dba842a63b51ddaa3ce4426af545,59514,,,failed,,,,6,,0.0,-26.0,
760,20260321_183641_strat_gie_de_breakout_sur_arbusdc_4h_ind,C:\Users\o3-Pro\Documents\backtest_results\_builder_sessions\20260321_183641_strat_gie_de_breakout_sur_arbusdc_4h_ind\session_summary.json,C:\Users\o3-Pro\Documents\backtest_results\_builder_sessions\20260321_183641_strat_gie_de_breakout_sur_arbusdc_4h_ind,6480040b423e0f6344a66c91075cdd9b4ff6a0de9555eebea93b4d9c584f0a1f,53437,,,failed,,,,6,,0.1491541445120315,-26.0,
761,20260321_183912_strat_gie_de_regime_adaptatif_sur_1000ca,C:\Users\o3-Pro\Documents\backtest_results\_builder_sessions\20260321_183912_strat_gie_de_regime_adaptatif_sur_1000ca\session_summary.json,C:\Users\o3-Pro\Documents\backtest_results\_builder_sessions\20260321_183912_strat_gie_de_regime_adaptatif_sur_1000ca,d8a65403a711ceff468062dac3f7811dc8fd1b06a57aadbf895fbb5cd0d42d02,88483,,,failed,,,,9,,0.60017829830267,-26.0,
762,20260321_184223_strat_gie_de_scalping_sur_solvusdc_30m_i,C:\Users\o3-Pro\Documents\backtest_results\_builder_sessions\20260321_184223_strat_gie_de_scalping_sur_solvusdc_30m_i\session_summary.json,C:\Users\o3-Pro\Documents\backtest_results\_builder_sessions\20260321_184223_strat_gie_de_scalping_sur_solvusdc_30m_i,3fff708eba14b103ee36657aab23b0615c53bae2caf9464710188d1417628e1e,50160,,,failed,,,,6,,0.0,-26.0,
763,20260321_184424_strat_gie_de_trend_following_sur_lineaus,C:\Users\o3-Pro\Documents\backtest_results\_builder_sessions\20260321_184424_strat_gie_de_trend_following_sur_lineaus\session_summary.json,C:\Users\o3-Pro\Documents\backtest_results\_builder_sessions\20260321_184424_strat_gie_de_trend_following_sur_lineaus,674403a64f92d5a0778f2d4f3068f005b3093e9e3aecc17202bfa6c1e2f4da10,20491,,,success,,,,2,,1.2786637350044037,-26.0,
764,20260321_184513_strat_gie_sur_imxusdc_1h_generate_a_trad,C:\Users\o3-Pro\Documents\backtest_results\_builder_sessions\20260321_184513_strat_gie_sur_imxusdc_1h_generate_a_trad\session_summary.json,C:\Users\o3-Pro\Documents\backtest_results\_builder_sessions\20260321_184513_strat_gie_sur_imxusdc_1h_generate_a_trad,c5b1621089c7d581351a36c07da48821a1d4a28570ea602affae627104565cd8,52844,,,failed,,,,6,,0.0,-26.0,
765,20260321_184732_strat_gie_sur_tonusdc_4h_to_achieve_a_mo,C:\Users\o3-Pro\Documents\backtest_results\_builder_sessions\20260321_184732_strat_gie_sur_tonusdc_4h_to_achieve_a_mo\session_summary.json,C:\Users\o3-Pro\Documents\backtest_results\_builder_sessions\20260321_184732_strat_gie_sur_tonusdc_4h_to_achieve_a_mo,0a2c9c6fb53f7f7a2fcd71dd86d91dc270b67832ed15daa016356e7148de6703,48211,,,failed,,,,6,,0.0,-26.0,
766,20260321_184929_strat_gie_sur_2zusdc_15m_maximiser_la_pr,C:\Users\o3-Pro\Documents\backtest_results\_builder_sessions\20260321_184929_strat_gie_sur_2zusdc_15m_maximiser_la_pr\session_summary.json,C:\Users\o3-Pro\Documents\backtest_results\_builder_sessions\20260321_184929_strat_gie_sur_2zusdc_15m_maximiser_la_pr,d4f3da6cdc5e54fd3fca0c7997157b1c9d2c65b3e571a72cef370242d05d7366,53080,,,failed,,,,6,,0.0,-26.0,
767,20260321_185141_strat_gie_sur_layerusdc_30m_gagnant_un_m,C:\Users\o3-Pro\Documents\backtest_results\_builder_sessions\20260321_185141_strat_gie_sur_layerusdc_30m_gagnant_un_m\session_summary.json,C:\Users\o3-Pro\Documents\backtest_results\_builder_sessions\20260321_185141_strat_gie_sur_layerusdc_30m_gagnant_un_m,43c371138e06f30caa660c3e6cf77716a60cb999cad361ca47e04eeca1b648eb,42855,,,failed,,,,6,,0.0,-26.0,
768,20260321_185406_strat_gie_de_multi_factor_sur_skyusdc_1w,C:\Users\o3-Pro\Documents\backtest_results\_builder_sessions\20260321_185406_strat_gie_de_multi_factor_sur_skyusdc_1w\session_summary.json,C:\Users\o3-Pro\Documents\backtest_results\_builder_sessions\20260321_185406_strat_gie_de_multi_factor_sur_skyusdc_1w,f399600d04c454e511bce50e20aa80809eac3cefc0a59aaa05cb9a93c9bbf223,84044,,,max_iterations,,,,10,,0.60017829830267,51.69772872020747,
769,20260321_185840_atteindre_un_rendement_d_au_moins_1_5_pa,C:\Users\o3-Pro\Documents\backtest_results\_builder_sessions\20260321_185840_atteindre_un_rendement_d_au_moins_1_5_pa\session_summary.json,C:\Users\o3-Pro\Documents\backtest_results\_builder_sessions\20260321_185840_atteindre_un_rendement_d_au_moins_1_5_pa,448e2fb30ef828b4f937338476178297ace2d9f4c3917d39dd74971559394983,52302,,,failed,,,,6,,0.0,-26.0,
770,20260321_190114_strat_gie_sur_shibusdc_5m_maximiser_les,C:\Users\o3-Pro\Documents\backtest_results\_builder_sessions\20260321_190114_strat_gie_sur_shibusdc_5m_maximiser_les\session_summary.json,C:\Users\o3-Pro\Documents\backtest_results\_builder_sessions\20260321_190114_strat_gie_sur_shibusdc_5m_maximiser_les,98a01ff4688b35bb7d229ad2438052b721c56867756492880afb2adb13944905,69332,,,failed,,,,9,,0.0,-26.0,
771,20260321_190406_strat_gie_sur_ldousdc_4h_la_strat_gie_do,C:\Users\o3-Pro\Documents\backtest_results\_builder_sessions\20260321_190406_strat_gie_sur_ldousdc_4h_la_strat_gie_do\session_summary.json,C:\Users\o3-Pro\Documents\backtest_results\_builder_sessions\20260321_190406_strat_gie_sur_ldousdc_4h_la_strat_gie_do,dcfd6db958720d74b578823b2f75ac8d3dc0e21a86fd925402da301db9a5687d,69909,,,failed,,,,9,,0.7326393952206751,-26.0,
772,20260321_190656_strat_gie_sur_atomusdc_30m_generate_a_tr,C:\Users\o3-Pro\Documents\backtest_results\_builder_sessions\20260321_190656_strat_gie_sur_atomusdc_30m_generate_a_tr\session_summary.json,C:\Users\o3-Pro\Documents\backtest_results\_builder_sessions\20260321_190656_strat_gie_sur_atomusdc_30m_generate_a_tr,99db46ff27708f895378f52f2402da3fe7384bd7092be63c40510b863933420d,52311,,,failed,,,,6,,0.0,-26.0,
773,20260321_190907_strat_gie_de_momentum_sur_1000catusdc_4h,C:\Users\o3-Pro\Documents\backtest_results\_builder_sessions\20260321_190907_strat_gie_de_momentum_sur_1000catusdc_4h\session_summary.json,C:\Users\o3-Pro\Documents\backtest_results\_builder_sessions\20260321_190907_strat_gie_de_momentum_sur_1000catusdc_4h,61fb725944b10ba0b62a8121972977743735dcae4175dca5d090025ef03642a5,98512,,,max_iterations,,,,10,,0.60017829830267,51.69772872020747,
774,20260321_191325_strat_gie_sur_cakeusdc_1d_generate_a_tra,C:\Users\o3-Pro\Documents\backtest_results\_builder_sessions\20260321_191325_strat_gie_sur_cakeusdc_1d_generate_a_tra\session_summary.json,C:\Users\o3-Pro\Documents\backtest_results\_builder_sessions\20260321_191325_strat_gie_sur_cakeusdc_1d_generate_a_tra,3e8051aeb24d08165c8c5819eb4a38e8f801e137bc99667a5645a33f11b38a2c,52701,,,failed,,,,6,,0.2751493422588603,-26.0,
775,20260321_191517_strat_gie_sur_taousdc_5m_generate_a_trad,C:\Users\o3-Pro\Documents\backtest_results\_builder_sessions\20260321_191517_strat_gie_sur_taousdc_5m_generate_a_trad\session_summary.json,C:\Users\o3-Pro\Documents\backtest_results\_builder_sessions\20260321_191517_strat_gie_sur_taousdc_5m_generate_a_trad,9e16e2d87298f9a86812702a44ecff76b8767d6b28604f58b4b788a0b5feff6d,44503,,,failed,,,,6,,0.0,-26.0,
776,20260321_191714_strat_gie_sur_sapienusdc_4h_atteindre_un,C:\Users\o3-Pro\Documents\backtest_results\_builder_sessions\20260321_191714_strat_gie_sur_sapienusdc_4h_atteindre_un\session_summary.json,C:\Users\o3-Pro\Documents\backtest_results\_builder_sessions\20260321_191714_strat_gie_sur_sapienusdc_4h_atteindre_un,94a55056f89cd1a794e6228b8901146f2e0a1e8303598ada8612897cba9abe68,91533,,,max_iterations,,,,10,,1.0374123723495963,62.649351330558005,
777,20260321_191958_strat_gie_sur_fetusdc_30m_generate_a_tra,C:\Users\o3-Pro\Documents\backtest_results\_builder_sessions\20260321_191958_strat_gie_sur_fetusdc_30m_generate_a_tra\session_summary.json,C:\Users\o3-Pro\Documents\backtest_results\_builder_sessions\20260321_191958_strat_gie_sur_fetusdc_30m_generate_a_tra,7a790c9d58047c6e6f397aae3fdf84e7fb19d27ce46fd702cd4e9a0775e8e156,47319,,,failed,,,,6,,0.0,-26.0,
778,20260321_192201_strat_gie_sur_pepeusdc_1d_atteindre_une,C:\Users\o3-Pro\Documents\backtest_results\_builder_sessions\20260321_192201_strat_gie_sur_pepeusdc_1d_atteindre_une\session_summary.json,C:\Users\o3-Pro\Documents\backtest_results\_builder_sessions\20260321_192201_strat_gie_sur_pepeusdc_1d_atteindre_une,8ee1fedab0952392b3d51d50fbe34029eeb1d735b8bffdf0da28e43c9b69e482,77055,,,failed,,,,9,,0.5238199711890216,-26.0,
779,20260321_192500_strat_gie_sur_nearusdc_1h_generar_una_es,C:\Users\o3-Pro\Documents\backtest_results\_builder_sessions\20260321_192500_strat_gie_sur_nearusdc_1h_generar_una_es\session_summary.json,C:\Users\o3-Pro\Documents\backtest_results\_builder_sessions\20260321_192500_strat_gie_sur_nearusdc_1h_generar_una_es,8dc881ab49e467e95f055f4e0dfcbb6c7c70126eda1cbf7b0cda68c6dab9290c,49423,,,failed,,,,6,,0.0,-26.0,
780,20260321_192707_strat_gie_sur_stxusdc_1h_buy_the_token_w,C:\Users\o3-Pro\Documents\backtest_results\_builder_sessions\20260321_192707_strat_gie_sur_stxusdc_1h_buy_the_token_w\session_summary.json,C:\Users\o3-Pro\Documents\backtest_results\_builder_sessions\20260321_192707_strat_gie_sur_stxusdc_1h_buy_the_token_w,e5cf8d1853c1fc759f17d6974d1ad498e01dc1b1c036c0999efcf20465be8a1c,50910,,,failed,,,,6,,0.0,-26.0,
781,20260321_192900_strat_gie_de_regime_adaptatif_sur_maticu,C:\Users\o3-Pro\Documents\backtest_results\_builder_sessions\20260321_192900_strat_gie_de_regime_adaptatif_sur_maticu\session_summary.json,C:\Users\o3-Pro\Documents\backtest_results\_builder_sessions\20260321_192900_strat_gie_de_regime_adaptatif_sur_maticu,9186ad7a10abb5ba8bcb6622564998666b090f7768c67e37ef3e2b41fc072494,87193,,,max_iterations,,,,10,,0.60017829830267,51.69772872020747,
782,20260321_193222_strat_gie_sur_ybusdc_30m_obtenir_des_pro,C:\Users\o3-Pro\Documents\backtest_results\_builder_sessions\20260321_193222_strat_gie_sur_ybusdc_30m_obtenir_des_pro\session_summary.json,C:\Users\o3-Pro\Documents\backtest_results\_builder_sessions\20260321_193222_strat_gie_sur_ybusdc_30m_obtenir_des_pro,d19cb323edb35036317610b1a2cc89cefdacddb7a7237d899ffc6bbe9b912a4f,46793,,,failed,,,,6,,0.0,-26.0,
783,20260321_193437_strat_gie_sur_atomusdc_5m_optimiser_une,C:\Users\o3-Pro\Documents\backtest_results\_builder_sessions\20260321_193437_strat_gie_sur_atomusdc_5m_optimiser_une\session_summary.json,C:\Users\o3-Pro\Documents\backtest_results\_builder_sessions\20260321_193437_strat_gie_sur_atomusdc_5m_optimiser_une,718b79dab0c5537076a8d630cace9ae4ca0f8c9558ed4535c85532dd601b76c3,53382,,,failed,,,,6,,0.0,-26.0,
784,20260321_193650_strat_gie_sur_nomusdc_1h_maximiser_les_p,C:\Users\o3-Pro\Documents\backtest_results\_builder_sessions\20260321_193650_strat_gie_sur_nomusdc_1h_maximiser_les_p\session_summary.json,C:\Users\o3-Pro\Documents\backtest_results\_builder_sessions\20260321_193650_strat_gie_sur_nomusdc_1h_maximiser_les_p,8687cca5e1bd90a846bbc6120497b8567f9a70ac389a92fdf472e6ac4c1a28b8,57259,,,failed,,,,6,,0.0,-26.0,
785,20260321_193859_strat_gie_sur_atomusdc_1h_maximiser_les,C:\Users\o3-Pro\Documents\backtest_results\_builder_sessions\20260321_193859_strat_gie_sur_atomusdc_1h_maximiser_les\session_summary.json,C:\Users\o3-Pro\Documents\backtest_results\_builder_sessions\20260321_193859_strat_gie_sur_atomusdc_1h_maximiser_les,a51d261e9fc9e44a343f0e385256013d2039bd793a03c120e316afed0ab3f554,44317,,,failed,,,,6,,0.0,-26.0,
786,20260321_194053_strat_gie_de_breakout_sur_maticusdc_5m_i,C:\Users\o3-Pro\Documents\backtest_results\_builder_sessions\20260321_194053_strat_gie_de_breakout_sur_maticusdc_5m_i\session_summary.json,C:\Users\o3-Pro\Documents\backtest_results\_builder_sessions\20260321_194053_strat_gie_de_breakout_sur_maticusdc_5m_i,47a42f28f48ae907691a4bc4eefc481622cb9c57f8438c48d752a40535ce605e,80483,,,failed,,,,9,,0.60017829830267,-26.0,
787,20260321_194403_strat_gie_de_multi_factor_sur_tonusdc_30,C:\Users\o3-Pro\Documents\backtest_results\_builder_sessions\20260321_194403_strat_gie_de_multi_factor_sur_tonusdc_30\session_summary.json,C:\Users\o3-Pro\Documents\backtest_results\_builder_sessions\20260321_194403_strat_gie_de_multi_factor_sur_tonusdc_30,7e8386a9966cc03cdc882018bb7ff82567a06915da035a298a260799da8e865c,54753,,,failed,,,,6,,0.0,-26.0,
788,20260321_194610_strat_gie_de_trend_following_sur_bananas,C:\Users\o3-Pro\Documents\backtest_results\_builder_sessions\20260321_194610_strat_gie_de_trend_following_sur_bananas\session_summary.json,C:\Users\o3-Pro\Documents\backtest_results\_builder_sessions\20260321_194610_strat_gie_de_trend_following_sur_bananas,d08145e7beb7fe1dfe124ddd509495a779bd41d28a1458d641537c9591602205,50508,,,failed,,,,6,,0.0,-26.0,
789,20260321_194820_strat_gie_de_scalping_sur_pendleusdc_30m,C:\Users\o3-Pro\Documents\backtest_results\_builder_sessions\20260321_194820_strat_gie_de_scalping_sur_pendleusdc_30m\session_summary.json,C:\Users\o3-Pro\Documents\backtest_results\_builder_sessions\20260321_194820_strat_gie_de_scalping_sur_pendleusdc_30m,691bd4b885400d7039c521184004358d033f36866880e52abc3256da287e9520,56237,,,failed,,,,6,,0.0,-26.0,
790,20260321_195041_strat_gie_de_regime_adaptatif_sur_eurius,C:\Users\o3-Pro\Documents\backtest_results\_builder_sessions\20260321_195041_strat_gie_de_regime_adaptatif_sur_eurius\session_summary.json,C:\Users\o3-Pro\Documents\backtest_results\_builder_sessions\20260321_195041_strat_gie_de_regime_adaptatif_sur_eurius,8561eef46d51f82c2d384504d646b8cac53b2eb3ba743640cb7a84d0bf6cc38e,63895,,,running,,,,7,,0.60017829830267,51.69772872020747,
791,20260321_195306_strat_gie_de_breakout_sur_ordiusdc_5m_in,C:\Users\o3-Pro\Documents\backtest_results\_builder_sessions\20260321_195306_strat_gie_de_breakout_sur_ordiusdc_5m_in\session_summary.json,C:\Users\o3-Pro\Documents\backtest_results\_builder_sessions\20260321_195306_strat_gie_de_breakout_sur_ordiusdc_5m_in,3a228adfef04c45858ccded7a7386a971bd7eb95da816c3e2fcffcac3caa32f2,78078,,,failed,,,,9,,1.1694886837343343,-26.0,
792,20260321_195306_strat_gie_de_mean_reversion_sur_asterusd,C:\Users\o3-Pro\Documents\backtest_results\_builder_sessions\20260321_195306_strat_gie_de_mean_reversion_sur_asterusd\session_summary.json,C:\Users\o3-Pro\Documents\backtest_results\_builder_sessions\20260321_195306_strat_gie_de_mean_reversion_sur_asterusd,ed1aae3376b1e2bd3f755bac3c82dea1e3b6a0ac1685fe728fa284f9fed5f2a0,44126,,,failed,,,,6,,0.09273939380362117,-26.0,
793,20260321_195636_strat_gie_de_momentum_sur_giggleusdc_1h,C:\Users\o3-Pro\Documents\backtest_results\_builder_sessions\20260321_195636_strat_gie_de_momentum_sur_giggleusdc_1h\session_summary.json,C:\Users\o3-Pro\Documents\backtest_results\_builder_sessions\20260321_195636_strat_gie_de_momentum_sur_giggleusdc_1h,e39ed36be84aa395a4536cafd55be58867420667459b4f3a00144edcfe69b6f2,53058,,,failed,,,,6,,0.0,-26.0,
794,20260321_195913_strat_gie_de_multi_factor_sur_ordiusdc_1,C:\Users\o3-Pro\Documents\backtest_results\_builder_sessions\20260321_195913_strat_gie_de_multi_factor_sur_ordiusdc_1\session_summary.json,C:\Users\o3-Pro\Documents\backtest_results\_builder_sessions\20260321_195913_strat_gie_de_multi_factor_sur_ordiusdc_1,ddb2b26082acfd10db7d281583daa782c89db9a6b307d0cb0689c095339ad9cd,53980,,,failed,,,,6,,0.0,-26.0,
795,20260321_195957_strat_gie_de_scalping_sur_erausdc_5m_ind,C:\Users\o3-Pro\Documents\backtest_results\_builder_sessions\20260321_195957_strat_gie_de_scalping_sur_erausdc_5m_ind\session_summary.json,C:\Users\o3-Pro\Documents\backtest_results\_builder_sessions\20260321_195957_strat_gie_de_scalping_sur_erausdc_5m_ind,cd6d75feca4067ac98d0dd8569ce79e2da260ec1241623786819e9d2c4819253,44115,,,failed,,,,6,,0.0,-26.0,
796,20260321_200232_strat_gie_de_mean_reversion_sur_bomeusdc,C:\Users\o3-Pro\Documents\backtest_results\_builder_sessions\20260321_200232_strat_gie_de_mean_reversion_sur_bomeusdc\session_summary.json,C:\Users\o3-Pro\Documents\backtest_results\_builder_sessions\20260321_200232_strat_gie_de_mean_reversion_sur_bomeusdc,17038eb975881f1abac9789f38ddd1fd393eff814b5e3aae2b50e1dd279676d3,53902,,,failed,,,,6,,0.0,-26.0,
797,20260321_200315_strat_gie_de_trend_following_sur_arbusdc,C:\Users\o3-Pro\Documents\backtest_results\_builder_sessions\20260321_200315_strat_gie_de_trend_following_sur_arbusdc\session_summary.json,C:\Users\o3-Pro\Documents\backtest_results\_builder_sessions\20260321_200315_strat_gie_de_trend_following_sur_arbusdc,3744103e7c40ee71cd988979a7d7d439933ab45a4444b388a0e5ec74784278e0,70585,,,failed,,,,9,,0.5561439410878044,-26.0,
798,20260321_200656_strat_gie_de_breakout_sur_aptusdc_4h_ind,C:\Users\o3-Pro\Documents\backtest_results\_builder_sessions\20260321_200656_strat_gie_de_breakout_sur_aptusdc_4h_ind\session_summary.json,C:\Users\o3-Pro\Documents\backtest_results\_builder_sessions\20260321_200656_strat_gie_de_breakout_sur_aptusdc_4h_ind,3494d93bccfd1413bd4483d1a6421ed51aad3a183f3c40f8907655cb2b296af0,76156,,,failed,,,,9,,0.48712369974165326,-26.0,
799,20260321_200856_strat_gie_de_momentum_sur_idexusdc_1d_in,C:\Users\o3-Pro\Documents\backtest_results\_builder_sessions\20260321_200856_strat_gie_de_momentum_sur_idexusdc_1d_in\session_summary.json,C:\Users\o3-Pro\Documents\backtest_results\_builder_sessions\20260321_200856_strat_gie_de_momentum_sur_idexusdc_1d_in,769a0bdc4d4b565487fd410a7aa2727c9e6cef20c41e0fffe67ec2bbddba8b8e,48568,,,failed,,,,6,,0.09273939380362117,-26.0,
800,20260321_201301_strat_gie_de_scalping_sur_avntusdc_5m_in,C:\Users\o3-Pro\Documents\backtest_results\_builder_sessions\20260321_201301_strat_gie_de_scalping_sur_avntusdc_5m_in\session_summary.json,C:\Users\o3-Pro\Documents\backtest_results\_builder_sessions\20260321_201301_strat_gie_de_scalping_sur_avntusdc_5m_in,61d4ce15a9425ee2395dd7b3fd4181453d4e501362cbf0d902603ce0bc81e4a9,59846,,,success,,,,8,,1.1694886837343343,-26.0,
801,20260321_201309_strat_gie_de_trend_following_sur_fetusdc,C:\Users\o3-Pro\Documents\backtest_results\_builder_sessions\20260321_201309_strat_gie_de_trend_following_sur_fetusdc\session_summary.json,C:\Users\o3-Pro\Documents\backtest_results\_builder_sessions\20260321_201309_strat_gie_de_trend_following_sur_fetusdc,a4b5557190d2aae719357fdea447340b9c1b8b574862b5cc588e7d6846da5eb2,44858,,,failed,,,,6,,0.0,-26.0,
802,20260321_201649_strat_gie_de_multi_factor_sur_nilusdc_30,C:\Users\o3-Pro\Documents\backtest_results\_builder_sessions\20260321_201649_strat_gie_de_multi_factor_sur_nilusdc_30\session_summary.json,C:\Users\o3-Pro\Documents\backtest_results\_builder_sessions\20260321_201649_strat_gie_de_multi_factor_sur_nilusdc_30,53a2ec7766d31967933e844c0aadbce0a076ed3abf23cfabc6edf449e9a17bcc,53440,,,failed,,,,6,,0.0,-26.0,
803,20260321_201736_strat_gie_sur_theusdc_1h_objective_s_ass,C:\Users\o3-Pro\Documents\backtest_results\_builder_sessions\20260321_201736_strat_gie_sur_theusdc_1h_objective_s_ass\session_summary.json,C:\Users\o3-Pro\Documents\backtest_results\_builder_sessions\20260321_201736_strat_gie_sur_theusdc_1h_objective_s_ass,0d99c074da12f9c3c4426c01730bc1ea5096f2693cd3fd0a8e46efbc33571245,43196,,,failed,,,,6,,0.0,-26.0,
804,20260321_202056_strat_gie_de_breakout_sur_omniusdc_5m_in,C:\Users\o3-Pro\Documents\backtest_results\_builder_sessions\20260321_202056_strat_gie_de_breakout_sur_omniusdc_5m_in\session_summary.json,C:\Users\o3-Pro\Documents\backtest_results\_builder_sessions\20260321_202056_strat_gie_de_breakout_sur_omniusdc_5m_in,a487a7948daa10c1cef6354e9e316235aa146d5744b2550f31cb5d582e34b324,45727,,,failed,,,,6,,0.0,-26.0,
805,20260321_202112_strat_gie_sur_omusdc_5m_optimiser_la_cro,C:\Users\o3-Pro\Documents\backtest_results\_builder_sessions\20260321_202112_strat_gie_sur_omusdc_5m_optimiser_la_cro\session_summary.json,C:\Users\o3-Pro\Documents\backtest_results\_builder_sessions\20260321_202112_strat_gie_sur_omusdc_5m_optimiser_la_cro,a468ff786ba531f6714ec9b0008203e38d1ab3583f9ba4912341a7f4ea89be89,44787,,,failed,,,,6,,0.0,-26.0,
806,20260321_202454_strat_gie_de_regime_adaptatif_sur_eurius,C:\Users\o3-Pro\Documents\backtest_results\_builder_sessions\20260321_202454_strat_gie_de_regime_adaptatif_sur_eurius\session_summary.json,C:\Users\o3-Pro\Documents\backtest_results\_builder_sessions\20260321_202454_strat_gie_de_regime_adaptatif_sur_eurius,e5bd09d420170c716e82f2ebf56bbb3090c743223e062573a7e35184a00f2e9e,61239,,,success,,,,7,,2.6348485232937366,-26.0,
807,20260321_202506_strat_gie_sur_pendleusdc_30m_strat_gie_d,C:\Users\o3-Pro\Documents\backtest_results\_builder_sessions\20260321_202506_strat_gie_sur_pendleusdc_30m_strat_gie_d\session_summary.json,C:\Users\o3-Pro\Documents\backtest_results\_builder_sessions\20260321_202506_strat_gie_sur_pendleusdc_30m_strat_gie_d,30aa499f5103803479e066fdeb26fc3b8c84dad6928ded6a342303a50d514542,50528,,,failed,,,,6,,0.0,-26.0,
808,20260321_202935_strat_gie_sur_zenusdc_30m_objective_gene,C:\Users\o3-Pro\Documents\backtest_results\_builder_sessions\20260321_202935_strat_gie_sur_zenusdc_30m_objective_gene\session_summary.json,C:\Users\o3-Pro\Documents\backtest_results\_builder_sessions\20260321_202935_strat_gie_sur_zenusdc_30m_objective_gene,64ff0ec42cd75048c18e850b273f3a9625ac26507afb5b8a23108ace64f55a9c,48282,,,failed,,,,6,,0.0,-26.0,
809,20260321_202936_strat_gie_sur_trxusdc_4h_generate_a_trad,C:\Users\o3-Pro\Documents\backtest_results\_builder_sessions\20260321_202936_strat_gie_sur_trxusdc_4h_generate_a_trad\session_summary.json,C:\Users\o3-Pro\Documents\backtest_results\_builder_sessions\20260321_202936_strat_gie_sur_trxusdc_4h_generate_a_trad,eb8d6e18df62a44e7dbe1343bd17712bd86945f1f107bb08513f1a72d684fc9f,47104,,,failed,,,,6,,0.21887651337658567,-26.0,
810,20260321_203308_strat_gie_de_momentum_sur_susdc_1d_indic,C:\Users\o3-Pro\Documents\backtest_results\_builder_sessions\20260321_203308_strat_gie_de_momentum_sur_susdc_1d_indic\session_summary.json,C:\Users\o3-Pro\Documents\backtest_results\_builder_sessions\20260321_203308_strat_gie_de_momentum_sur_susdc_1d_indic,37d76e09cf0af02289f95d93acc3f3206c3c8ca86b9db48fecc0187a0b72d535,74290,,,failed,,,,9,,1.1694886837343343,-26.0,
811,20260321_203335_strat_gie_sur_cfxusdc_15m_utiliser_des_i,C:\Users\o3-Pro\Documents\backtest_results\_builder_sessions\20260321_203335_strat_gie_sur_cfxusdc_15m_utiliser_des_i\session_summary.json,C:\Users\o3-Pro\Documents\backtest_results\_builder_sessions\20260321_203335_strat_gie_sur_cfxusdc_15m_utiliser_des_i,fb40ef0905cf7a92c00758dee20ee871e7f9b361e97587a0c782b7f3e8ea5ba2,50414,,,failed,,,,6,,0.0,-26.0,
812,20260321_203828_strat_gie_sur_bfusdusdc_30m_to_achieve_a,C:\Users\o3-Pro\Documents\backtest_results\_builder_sessions\20260321_203828_strat_gie_sur_bfusdusdc_30m_to_achieve_a\session_summary.json,C:\Users\o3-Pro\Documents\backtest_results\_builder_sessions\20260321_203828_strat_gie_sur_bfusdusdc_30m_to_achieve_a,251d6c302e06979b7c589eba658198b4105b34bf983cd9309a4efe4680b09e58,48399,,,failed,,,,6,,0.0,-26.0,
813,20260321_203837_strat_gie_de_multi_factor_sur_wctusdc_15,C:\Users\o3-Pro\Documents\backtest_results\_builder_sessions\20260321_203837_strat_gie_de_multi_factor_sur_wctusdc_15\session_summary.json,C:\Users\o3-Pro\Documents\backtest_results\_builder_sessions\20260321_203837_strat_gie_de_multi_factor_sur_wctusdc_15,6d9ef1c77b630e99c3c6c93a99caec3638ed419b15f0db5c74b7a609fda38cb7,46197,,,failed,,,,6,,0.0,-26.0,
814,20260321_204212_strat_gie_de_breakout_sur_xrpusdc_1d_ind,C:\Users\o3-Pro\Documents\backtest_results\_builder_sessions\20260321_204212_strat_gie_de_breakout_sur_xrpusdc_1d_ind\session_summary.json,C:\Users\o3-Pro\Documents\backtest_results\_builder_sessions\20260321_204212_strat_gie_de_breakout_sur_xrpusdc_1d_ind,a55ffc2c35e84419024134002be78741861d99b704e5e5b11dbc86deb17cee03,29719,,,running,,,,4,,0.4761479535487457,-26.0,
815,20260321_204212_strat_gie_sur_neirousdc_1d_atteindre_unr,C:\Users\o3-Pro\Documents\backtest_results\_builder_sessions\20260321_204212_strat_gie_sur_neirousdc_1d_atteindre_unr\session_summary.json,C:\Users\o3-Pro\Documents\backtest_results\_builder_sessions\20260321_204212_strat_gie_sur_neirousdc_1d_atteindre_unr,058d01815dc6dd8e2853d3b636b89641c8001d37049d8e858f37cbb96f7e0fe6,33819,,,running,,,,4,,0.9248944946722184,-100.0,
816,20260321_204505_strat_gie_de_momentum_sur_arusdc_1h_indi,C:\Users\o3-Pro\Documents\backtest_results\_builder_sessions\20260321_204505_strat_gie_de_momentum_sur_arusdc_1h_indi\session_summary.json,C:\Users\o3-Pro\Documents\backtest_results\_builder_sessions\20260321_204505_strat_gie_de_momentum_sur_arusdc_1h_indi,93172b8f2c3b928f461107d43adab36b77ef626e15e244d339a5dd3b3ca6261e,56171,,,running,,,,8,,0.0,-26.0,
817,20260321_204505_strat_gie_de_trend_following_sur_babyusd,C:\Users\o3-Pro\Documents\backtest_results\_builder_sessions\20260321_204505_strat_gie_de_trend_following_sur_babyusd\session_summary.json,C:\Users\o3-Pro\Documents\backtest_results\_builder_sessions\20260321_204505_strat_gie_de_trend_following_sur_babyusd,7d0b794e314b064f84e7fa538ae35c24e29576c7dce505ea32d8d8eb9713a656,56880,,,failed,,,,6,,0.0,-26.0,
818,20260321_204506_strat_gie_de_scalping_sur_pendleusdc_1d,C:\Users\o3-Pro\Documents\backtest_results\_builder_sessions\20260321_204506_strat_gie_de_scalping_sur_pendleusdc_1d\session_summary.json,C:\Users\o3-Pro\Documents\backtest_results\_builder_sessions\20260321_204506_strat_gie_de_scalping_sur_pendleusdc_1d,91dcc3966660f672c2b5b6e48e4fcd793cb773d93311118c05f2544816c85ac4,43852,,,failed,,,,6,,0.0,-26.0,
819,20260321_205216_strat_gie_de_regime_adaptatif_sur_holous,C:\Users\o3-Pro\Documents\backtest_results\_builder_sessions\20260321_205216_strat_gie_de_regime_adaptatif_sur_holous\session_summary.json,C:\Users\o3-Pro\Documents\backtest_results\_builder_sessions\20260321_205216_strat_gie_de_regime_adaptatif_sur_holous,fc95ecb6f67c0d24556539d757ebb6364129c3ce08204e17f1a994e32bc9489f,15986,,,running,,,,2,,0.0,-100.0,
820,20260321_205248_strat_gie_de_breakout_sur_avntusdc_15m_i,C:\Users\o3-Pro\Documents\backtest_results\_builder_sessions\20260321_205248_strat_gie_de_breakout_sur_avntusdc_15m_i\session_summary.json,C:\Users\o3-Pro\Documents\backtest_results\_builder_sessions\20260321_205248_strat_gie_de_breakout_sur_avntusdc_15m_i,9ed723fa05671039fc08d245f1805e3f7cd73b084f0f933ebde29734aafc7ac2,20139,,,running,,,,2,,0.0,-26.0,
821,20260321_205539_strat_gie_de_breakout_sur_jtousdc_30m_in,C:\Users\o3-Pro\Documents\backtest_results\_builder_sessions\20260321_205539_strat_gie_de_breakout_sur_jtousdc_30m_in\session_summary.json,C:\Users\o3-Pro\Documents\backtest_results\_builder_sessions\20260321_205539_strat_gie_de_breakout_sur_jtousdc_30m_in,b6588a5b9a53c2957ca2671f478917de1f07704f7730ba685149e19239136e42,50909,,,failed,,,,6,,0.0,-26.0,
822,20260321_205539_strat_gie_de_momentum_sur_fetusdc_1h_ind,C:\Users\o3-Pro\Documents\backtest_results\_builder_sessions\20260321_205539_strat_gie_de_momentum_sur_fetusdc_1h_ind\session_summary.json,C:\Users\o3-Pro\Documents\backtest_results\_builder_sessions\20260321_205539_strat_gie_de_momentum_sur_fetusdc_1h_ind,309f26e06677e3cc2b46b7e1f96d8e2515444f7c34d54a25c58867e3f3479afb,42748,,,failed,,,,6,,0.0,-26.0,
823,20260321_205539_strat_gie_de_scalping_sur_lineausdc_5m_i,C:\Users\o3-Pro\Documents\backtest_results\_builder_sessions\20260321_205539_strat_gie_de_scalping_sur_lineausdc_5m_i\session_summary.json,C:\Users\o3-Pro\Documents\backtest_results\_builder_sessions\20260321_205539_strat_gie_de_scalping_sur_lineausdc_5m_i,b2875bad63e1a502ecdb8a1985fe9a86e6c6f1b9811f4d03620cc5f5cc101f5f,48553,,,failed,,,,6,,0.0,-26.0,
824,20260321_205540_strat_gie_de_multi_factor_sur_syrupusdc,C:\Users\o3-Pro\Documents\backtest_results\_builder_sessions\20260321_205540_strat_gie_de_multi_factor_sur_syrupusdc\session_summary.json,C:\Users\o3-Pro\Documents\backtest_results\_builder_sessions\20260321_205540_strat_gie_de_multi_factor_sur_syrupusdc,02a65e84c9b8850ea03a639abd960d1aeb54ba6324acb8bfc75b90a3292e6387,52972,,,failed,,,,6,,0.13218659358955845,-26.0,
825,20260321_210125_strat_gie_de_mean_reversion_sur_fusdc_5m,C:\Users\o3-Pro\Documents\backtest_results\_builder_sessions\20260321_210125_strat_gie_de_mean_reversion_sur_fusdc_5m\session_summary.json,C:\Users\o3-Pro\Documents\backtest_results\_builder_sessions\20260321_210125_strat_gie_de_mean_reversion_sur_fusdc_5m,eb29b386833be03d5004c2f834cc56bffdeff5da39013b9609c8fdd78f905aeb,45746,,,failed,,,,6,,0.0,-26.0,
826,20260321_210242_strat_gie_de_trend_following_sur_sophusd,C:\Users\o3-Pro\Documents\backtest_results\_builder_sessions\20260321_210242_strat_gie_de_trend_following_sur_sophusd\session_summary.json,C:\Users\o3-Pro\Documents\backtest_results\_builder_sessions\20260321_210242_strat_gie_de_trend_following_sur_sophusd,1720b5b5efba66a2d969ced7e6c18979f684b35ebbaa5892524177496e891dc2,46813,,,failed,,,,6,,0.0,-26.0,
827,20260321_210243_strat_gie_de_scalping_sur_mmtusdc_5m_ind,C:\Users\o3-Pro\Documents\backtest_results\_builder_sessions\20260321_210243_strat_gie_de_scalping_sur_mmtusdc_5m_ind\session_summary.json,C:\Users\o3-Pro\Documents\backtest_results\_builder_sessions\20260321_210243_strat_gie_de_scalping_sur_mmtusdc_5m_ind,4718bc7e6619bb86ab33c653ec1aabb0f51e4839de55ddbab96edb513007094f,47073,,,failed,,,,6,,0.0,-26.0,
828,20260321_210252_strat_gie_de_momentum_sur_dydxusdc_30m_i,C:\Users\o3-Pro\Documents\backtest_results\_builder_sessions\20260321_210252_strat_gie_de_momentum_sur_dydxusdc_30m_i\session_summary.json,C:\Users\o3-Pro\Documents\backtest_results\_builder_sessions\20260321_210252_strat_gie_de_momentum_sur_dydxusdc_30m_i,08e23e0bba696d01cacdcb86f15285a5e6f055dadf727124fff4b438dd2b5e8e,52611,,,failed,,,,6,,0.0,-26.0,
829,20260321_210943_strat_gie_de_regime_adaptatif_sur_atusdc,C:\Users\o3-Pro\Documents\backtest_results\_builder_sessions\20260321_210943_strat_gie_de_regime_adaptatif_sur_atusdc\session_summary.json,C:\Users\o3-Pro\Documents\backtest_results\_builder_sessions\20260321_210943_strat_gie_de_regime_adaptatif_sur_atusdc,2634ee5d19738b7fde34df91f3340ee95b51bf106f7800d053d2ced6e6055a9f,43373,,,failed,,,,6,,0.0,-26.0,
830,20260321_211240_strat_gie_de_multi_factor_sur_atusdc_30m,C:\Users\o3-Pro\Documents\backtest_results\_builder_sessions\20260321_211240_strat_gie_de_multi_factor_sur_atusdc_30m\session_summary.json,C:\Users\o3-Pro\Documents\backtest_results\_builder_sessions\20260321_211240_strat_gie_de_multi_factor_sur_atusdc_30m,e73ddcf294362df7964a2ef61083b3941d1c3a6b0e6dcc6817a73e3a762dd754,75806,,,max_iterations,,,,10,,0.4063711651369836,15.316384670665393,
831,20260321_211255_strat_gie_de_mean_reversion_sur_xplusdc,C:\Users\o3-Pro\Documents\backtest_results\_builder_sessions\20260321_211255_strat_gie_de_mean_reversion_sur_xplusdc\session_summary.json,C:\Users\o3-Pro\Documents\backtest_results\_builder_sessions\20260321_211255_strat_gie_de_mean_reversion_sur_xplusdc,754ef0ab05f42ebb67265d97d68aa39521ea7bb8e450db216838f2cf09874771,50843,,,failed,,,,6,,0.0,-72.98653059034729,
832,20260321_211338_strat_gie_de_scalping_sur_partiusdc_1h_i,C:\Users\o3-Pro\Documents\backtest_results\_builder_sessions\20260321_211338_strat_gie_de_scalping_sur_partiusdc_1h_i\session_summary.json,C:\Users\o3-Pro\Documents\backtest_results\_builder_sessions\20260321_211338_strat_gie_de_scalping_sur_partiusdc_1h_i,a0e6c410d4a8c0bc179eba8d805b251a45dc9c6b79649f63a43a8b546d652909,48146,,,failed,,,,6,,0.0,-26.0,
833,20260321_211744_strat_gie_de_momentum_sur_babyusdc_15m_i,C:\Users\o3-Pro\Documents\backtest_results\_builder_sessions\20260321_211744_strat_gie_de_momentum_sur_babyusdc_15m_i\session_summary.json,C:\Users\o3-Pro\Documents\backtest_results\_builder_sessions\20260321_211744_strat_gie_de_momentum_sur_babyusdc_15m_i,56a8d8f7af160a579cfca9b964fb88701af18addfaea95f95d6f9427e210e1c5,48262,,,failed,,,,6,,0.0,-26.0,
834,20260321_212242_strat_gie_de_multi_factor_sur_gunusdc_4h,C:\Users\o3-Pro\Documents\backtest_results\_builder_sessions\20260321_212242_strat_gie_de_multi_factor_sur_gunusdc_4h\session_summary.json,C:\Users\o3-Pro\Documents\backtest_results\_builder_sessions\20260321_212242_strat_gie_de_multi_factor_sur_gunusdc_4h,4710cfdc617ff5bf07b1c0a252a2a0832fff95e944ce82a06e2d88cc4af038ca,41232,,,failed,,,,6,,0.0,-26.0,
835,20260321_212331_strat_gie_de_mean_reversion_sur_taousdc,C:\Users\o3-Pro\Documents\backtest_results\_builder_sessions\20260321_212331_strat_gie_de_mean_reversion_sur_taousdc\session_summary.json,C:\Users\o3-Pro\Documents\backtest_results\_builder_sessions\20260321_212331_strat_gie_de_mean_reversion_sur_taousdc,2a5feef5363ac6cc4be9c20ea3b3cb4a43f49985368a11615a20c61ea2b437ac,43604,,,failed,,,,6,,0.0,-26.0,
836,20260321_212331_strat_gie_sur_algousdc_4h_obtenir_un_ren,C:\Users\o3-Pro\Documents\backtest_results\_builder_sessions\20260321_212331_strat_gie_sur_algousdc_4h_obtenir_un_ren\session_summary.json,C:\Users\o3-Pro\Documents\backtest_results\_builder_sessions\20260321_212331_strat_gie_sur_algousdc_4h_obtenir_un_ren,ab9cbaf49a8b5e75d262fc05f0b2bdb864cd9774608fe69fb59cd57f1089f569,53119,,,failed,,,,6,,0.0,-26.0,
837,20260321_212445_strat_gie_de_regime_adaptatif_sur_penguu,C:\Users\o3-Pro\Documents\backtest_results\_builder_sessions\20260321_212445_strat_gie_de_regime_adaptatif_sur_penguu\session_summary.json,C:\Users\o3-Pro\Documents\backtest_results\_builder_sessions\20260321_212445_strat_gie_de_regime_adaptatif_sur_penguu,b09c9dae3a1d203f47413109fa15c1d75b23615a3aeb047ab10df0bff6538c39,49455,,,failed,,,,6,,0.0,-26.0,
838,20260321_213019_strat_gie_de_scalping_sur_dolousdc_30m_i,C:\Users\o3-Pro\Documents\backtest_results\_builder_sessions\20260321_213019_strat_gie_de_scalping_sur_dolousdc_30m_i\session_summary.json,C:\Users\o3-Pro\Documents\backtest_results\_builder_sessions\20260321_213019_strat_gie_de_scalping_sur_dolousdc_30m_i,6ec0d4f5912797046a5b49487d200c0d4de51165975d4071a9b04ff6c0c6ecc6,43874,,,failed,,,,6,,0.0,-26.0,
839,20260321_213211_strat_gie_de_momentum_sur_hemiusdc_5m_in,C:\Users\o3-Pro\Documents\backtest_results\_builder_sessions\20260321_213211_strat_gie_de_momentum_sur_hemiusdc_5m_in\session_summary.json,C:\Users\o3-Pro\Documents\backtest_results\_builder_sessions\20260321_213211_strat_gie_de_momentum_sur_hemiusdc_5m_in,d5cd4f66a63d713b3e7745ac92ec620167e8d9036ad2de53dc2264f671dc9ad8,39076,,,failed,,,,6,,0.0,-26.0,
840,20260321_213419_strat_gie_sur_eurusdc_15m_generate_a_tra,C:\Users\o3-Pro\Documents\backtest_results\_builder_sessions\20260321_213419_strat_gie_sur_eurusdc_15m_generate_a_tra\session_summary.json,C:\Users\o3-Pro\Documents\backtest_results\_builder_sessions\20260321_213419_strat_gie_sur_eurusdc_15m_generate_a_tra,80dd92ac596ea0b33a4bed0c67082689eff8102ebc721d4687af8af3bf68b85e,48089,,,failed,,,,6,,0.0,-26.0,
841,20260321_213523_strat_gie_de_mean_reversion_sur_bankusdc,C:\Users\o3-Pro\Documents\backtest_results\_builder_sessions\20260321_213523_strat_gie_de_mean_reversion_sur_bankusdc\session_summary.json,C:\Users\o3-Pro\Documents\backtest_results\_builder_sessions\20260321_213523_strat_gie_de_mean_reversion_sur_bankusdc,5188415f270daac1de498d4a726e757e05b15dde087356a100daebee4d97ac14,51675,,,failed,,,,6,,0.0,-26.0,
842,20260321_214152_strat_gie_de_breakout_sur_omusdc_15m_ind,C:\Users\o3-Pro\Documents\backtest_results\_builder_sessions\20260321_214152_strat_gie_de_breakout_sur_omusdc_15m_ind\session_summary.json,C:\Users\o3-Pro\Documents\backtest_results\_builder_sessions\20260321_214152_strat_gie_de_breakout_sur_omusdc_15m_ind,0ee5c4acbd1f259702bf3f5d5f26464d24b5e1c1faf36197e9af1359ea4563e2,29080,,,running,,,,4,,0.0,-26.0,
843,20260321_214156_strat_gie_de_scalping_sur_mubarakusdc_1d,C:\Users\o3-Pro\Documents\backtest_results\_builder_sessions\20260321_214156_strat_gie_de_scalping_sur_mubarakusdc_1d\session_summary.json,C:\Users\o3-Pro\Documents\backtest_results\_builder_sessions\20260321_214156_strat_gie_de_scalping_sur_mubarakusdc_1d,97bd019e5f8488e3d00e14e6e33cb5eb6aa47a85291b0d0dba6514303c4de450,21428,,,running,,,,3,,0.0,-26.0,
844,20260321_214307_strat_gie_sur_shibusdc_30m_strat_gie_de,C:\Users\o3-Pro\Documents\backtest_results\_builder_sessions\20260321_214307_strat_gie_sur_shibusdc_30m_strat_gie_de\session_summary.json,C:\Users\o3-Pro\Documents\backtest_results\_builder_sessions\20260321_214307_strat_gie_sur_shibusdc_30m_strat_gie_de,86820e02684ca0bf5ea748091d8707a9053c430dea660e9bb3ab2f07dbe0b9e4,14404,,,running,,,,2,,0.0,-26.0,
845,20260321_214401_strat_gie_de_momentum_sur_2zusdc_1h_indi,C:\Users\o3-Pro\Documents\backtest_results\_builder_sessions\20260321_214401_strat_gie_de_momentum_sur_2zusdc_1h_indi\session_summary.json,C:\Users\o3-Pro\Documents\backtest_results\_builder_sessions\20260321_214401_strat_gie_de_momentum_sur_2zusdc_1h_indi,f7738869cfdd3e974b82ceea0e55da32db6f0de667543e9fd601b2b37a597aad,7628,,,running,,,,1,,0.0,-26.0,
846,20260322_154207_strat_gie_de_multi_factor_sur_fdusdusdc,C:\Users\o3-Pro\Documents\backtest_results\_builder_sessions\20260322_154207_strat_gie_de_multi_factor_sur_fdusdusdc\session_summary.json,C:\Users\o3-Pro\Documents\backtest_results\_builder_sessions\20260322_154207_strat_gie_de_multi_factor_sur_fdusdusdc,a137505905d79015341e7f982ea3cb4adfb68083405fe95b354380d37b2901f6,42433,,,running,,,,5,,0.0,-100.0,
847,20260322_162421_strat_gie_de_regime_adaptatif_sur_solusd,C:\Users\o3-Pro\Documents\backtest_results\_builder_sessions\20260322_162421_strat_gie_de_regime_adaptatif_sur_solusd\session_summary.json,C:\Users\o3-Pro\Documents\backtest_results\_builder_sessions\20260322_162421_strat_gie_de_regime_adaptatif_sur_solusd,585b0cccd188c68adda26f2920aee41fcc7cd1b89db9c20a3d9649d6fce2a583,44205,,,failed,,,,6,,0.0,-24.720414165399283,
848,20260322_175658_strat_gie_de_breakout_sur_egldusdc_5m_in,C:\Users\o3-Pro\Documents\backtest_results\_builder_sessions\20260322_175658_strat_gie_de_breakout_sur_egldusdc_5m_in\session_summary.json,C:\Users\o3-Pro\Documents\backtest_results\_builder_sessions\20260322_175658_strat_gie_de_breakout_sur_egldusdc_5m_in,70121662bb65cc0ea827dee8fef5778730f7e703792e096d8cdd15554f9c7d88,44073,,,failed,,,,6,,0.0,-26.0,
849,20260322_195615_strat_gie_de_scalping_sur_cowusdc_15m_in,C:\Users\o3-Pro\Documents\backtest_results\_builder_sessions\20260322_195615_strat_gie_de_scalping_sur_cowusdc_15m_in\session_summary.json,C:\Users\o3-Pro\Documents\backtest_results\_builder_sessions\20260322_195615_strat_gie_de_scalping_sur_cowusdc_15m_in,a31773d3ee1bdbff6c793e0263169f38cca76e6f7ca005c8e05582730a9a71b0,23549,,,running,,,,3,,0.0,-100.0,
850,20260322_212213_strat_gie_de_momentum_sur_vetusdc_30m_in,C:\Users\o3-Pro\Documents\backtest_results\_builder_sessions\20260322_212213_strat_gie_de_momentum_sur_vetusdc_30m_in\session_summary.json,C:\Users\o3-Pro\Documents\backtest_results\_builder_sessions\20260322_212213_strat_gie_de_momentum_sur_vetusdc_30m_in,f111658cf6f336ae73794cdc6473094c4c9fa38c5188ced7f16015deab7fdf2f,9695,2026-03-22T21:22:13.615111,,running,,VETUSDC,30m,1,,-20.0,-100.0,
851,20260322_215007_strat_gie_de_momentum_sur_chzusdc_30m_in,C:\Users\o3-Pro\Documents\backtest_results\_builder_sessions\20260322_215007_strat_gie_de_momentum_sur_chzusdc_30m_in\session_summary.json,C:\Users\o3-Pro\Documents\backtest_results\_builder_sessions\20260322_215007_strat_gie_de_momentum_sur_chzusdc_30m_in,741c5f33fdef8bc0c3635e1bed6dfa45275beb6ed9a81f1386315d3cc0210c52,33397,2026-03-22T21:50:07.203361,,running,,CHZUSDC,30m,5,,-20.0,-100.0,
852,20260322_220016_strat_gie_sur_bardusdc_1h_acheter_sur_su,C:\Users\o3-Pro\Documents\backtest_results\_builder_sessions\20260322_220016_strat_gie_sur_bardusdc_1h_acheter_sur_su\session_summary.json,C:\Users\o3-Pro\Documents\backtest_results\_builder_sessions\20260322_220016_strat_gie_sur_bardusdc_1h_acheter_sur_su,a373ab5e80db7b1c26728cc9afcad855982f27e69548d46a08b18712eddc65ee,79136,2026-03-22T22:00:16.593726,,running,,BARDUSDC,1h,8,,0.9531966107149548,44.0996077812958,
853,20260322_220912_strat_gie_sur_cakeusdc_1h_acheter_en_zon,C:\Users\o3-Pro\Documents\backtest_results\_builder_sessions\20260322_220912_strat_gie_sur_cakeusdc_1h_acheter_en_zon\session_summary.json,C:\Users\o3-Pro\Documents\backtest_results\_builder_sessions\20260322_220912_strat_gie_sur_cakeusdc_1h_acheter_en_zon,eb35c570fb25902faa19ef19a662cb060c6cb3a0feb20b9ae1cb4a2a0687b18a,101638,2026-03-22T22:09:12.450702,,max_iterations,,CAKEUSDC,1h,10,,0.6873134192119105,44.92214196471574,
854,20260322_221824_strat_gie_sur_paxgusdc_30m_acheter_sur_r,C:\Users\o3-Pro\Documents\backtest_results\_builder_sessions\20260322_221824_strat_gie_sur_paxgusdc_30m_acheter_sur_r\session_summary.json,C:\Users\o3-Pro\Documents\backtest_results\_builder_sessions\20260322_221824_strat_gie_sur_paxgusdc_30m_acheter_sur_r,3d18439fb17690aea1571e85e6bd02b846fa3f625c0f5a9664caae4664a7a683,43387,2026-03-22T22:18:24.186086,,running,,PAXGUSDC,30m,4,,0.0,-100.0,
855,20260322_222318_strat_gie_sur_paxgusdc_1h_acheter_au_niv,C:\Users\o3-Pro\Documents\backtest_results\_builder_sessions\20260322_222318_strat_gie_sur_paxgusdc_1h_acheter_au_niv\session_summary.json,C:\Users\o3-Pro\Documents\backtest_results\_builder_sessions\20260322_222318_strat_gie_sur_paxgusdc_1h_acheter_au_niv,22b255d361483de828285e315559f48cfa0138c89911fb5a3938f7c078f25539,37216,2026-03-22T22:23:18.041438,,running,,PAXGUSDC,1h,4,,0.33842725518934264,23.98030619218101,
856,20260322_223028_strat_gie_sur_memeusdc_3m_acheter_en_div,C:\Users\o3-Pro\Documents\backtest_results\_builder_sessions\20260322_223028_strat_gie_sur_memeusdc_3m_acheter_en_div\session_summary.json,C:\Users\o3-Pro\Documents\backtest_results\_builder_sessions\20260322_223028_strat_gie_sur_memeusdc_3m_acheter_en_div,5da74453de15120bffe47b4593ccdc8aa8b841d331267659f3d97a59d8e3771e,52522,2026-03-22T22:30:28.485751,,failed,,MEMEUSDC,3m,6,,0.0,-100.0,
857,20260322_223649_strat_gie_sur_bankusdc_1h_acheter_sur_di,C:\Users\o3-Pro\Documents\backtest_results\_builder_sessions\20260322_223649_strat_gie_sur_bankusdc_1h_acheter_sur_di\session_summary.json,C:\Users\o3-Pro\Documents\backtest_results\_builder_sessions\20260322_223649_strat_gie_sur_bankusdc_1h_acheter_sur_di,1631cf56010f51d9e91a0facef0f3b19298275a96bafe9e02e41a1165bfff47f,11962,2026-03-22T22:36:49.162504,,success,,BANKUSDC,1h,1,,1.907779523393095,100.0,
858,20260322_223836_strat_gie_sur_formusdc_1d_acheter_sur_di,C:\Users\o3-Pro\Documents\backtest_results\_builder_sessions\20260322_223836_strat_gie_sur_formusdc_1d_acheter_sur_di\session_summary.json,C:\Users\o3-Pro\Documents\backtest_results\_builder_sessions\20260322_223836_strat_gie_sur_formusdc_1d_acheter_sur_di,198380b3eb4cde40d1e2ceee8a21d97d2a045b94c4c9bdde761e6d651dd105d7,88095,2026-03-22T22:38:36.187597,,max_iterations,,FORMUSDC,1d,10,,1.5059656176563152,100.0,
859,20260322_224427_strat_gie_sur_bomeusdc_4h_acheter_sur_su,C:\Users\o3-Pro\Documents\backtest_results\_builder_sessions\20260322_224427_strat_gie_sur_bomeusdc_4h_acheter_sur_su\session_summary.json,C:\Users\o3-Pro\Documents\backtest_results\_builder_sessions\20260322_224427_strat_gie_sur_bomeusdc_4h_acheter_sur_su,85ff0c08a3bbfd976ac1d56048fac868a5ce7386f36e821b75fea52543b4eee8,75745,2026-03-22T22:44:27.079690,,running,,BOMEUSDC,4h,8,,0.741431154102311,-100.0,
860,20260322_225417_strat_gie_sur_omusdc_5m_acheter_au_crois,C:\Users\o3-Pro\Documents\backtest_results\_builder_sessions\20260322_225417_strat_gie_sur_omusdc_5m_acheter_au_crois\session_summary.json,C:\Users\o3-Pro\Documents\backtest_results\_builder_sessions\20260322_225417_strat_gie_sur_omusdc_5m_acheter_au_crois,11adb5050ecf3b1cbd63f9b6b81a880d958969f098654553ecd0d4abe7783463,57620,2026-03-22T22:54:17.412658,,failed,,OMUSDC,5m,6,,0.0,-26.0,
861,20260322_230254_strat_gie_sur_trumpusdc_1h_recherche_de,C:\Users\o3-Pro\Documents\backtest_results\_builder_sessions\20260322_230254_strat_gie_sur_trumpusdc_1h_recherche_de\session_summary.json,C:\Users\o3-Pro\Documents\backtest_results\_builder_sessions\20260322_230254_strat_gie_sur_trumpusdc_1h_recherche_de,8fd51660304f0f53971b2a1c9dc99182f343659a1895f7bb5e93c5038e68a642,10330,2026-03-22T23:02:54.983095,,success,,TRUMPUSDC,1h,1,,1.2422036842527515,100.0,
862,20260322_230502_strat_gie_sur_sophusdc_15m_acheter_si_ar,C:\Users\o3-Pro\Documents\backtest_results\_builder_sessions\20260322_230502_strat_gie_sur_sophusdc_15m_acheter_si_ar\session_summary.json,C:\Users\o3-Pro\Documents\backtest_results\_builder_sessions\20260322_230502_strat_gie_sur_sophusdc_15m_acheter_si_ar,013054abf22d10bceeeda05f1ee80ac5e310722a9d1e3406f44f3a241c1cafa0,25911,2026-03-22T23:05:02.650888,,running,,SOPHUSDC,15m,3,,0.0,-100.0,
863,20260322_231045_strat_gie_sur_zenusdc_1h_acheter_sur_une,C:\Users\o3-Pro\Documents\backtest_results\_builder_sessions\20260322_231045_strat_gie_sur_zenusdc_1h_acheter_sur_une\session_summary.json,C:\Users\o3-Pro\Documents\backtest_results\_builder_sessions\20260322_231045_strat_gie_sur_zenusdc_1h_acheter_sur_une,01905e212bbe84a1e764b0e743630d0144d77025dec1ffefd6ab0ffa0ec27fdb,20158,2026-03-22T23:10:45.182312,,running,,ZENUSDC,1h,2,,0.0,-100.0,
864,20260322_231325_strat_gie_sur_nearusdc_1h_acheter_sur_la,C:\Users\o3-Pro\Documents\backtest_results\_builder_sessions\20260322_231325_strat_gie_sur_nearusdc_1h_acheter_sur_la\session_summary.json,C:\Users\o3-Pro\Documents\backtest_results\_builder_sessions\20260322_231325_strat_gie_sur_nearusdc_1h_acheter_sur_la,6f9b289eed4158b0f9eadcf8ff4042089105e4e6aeef7a7bb3ac5ab904dba2b7,86367,2026-03-22T23:13:25.155089,,failed,,NEARUSDC,1h,9,,0.473367083124326,-100.0,
865,20260322_232442_strat_gie_sur_api3usdc_1h_acheter_sur_pu,C:\Users\o3-Pro\Documents\backtest_results\_builder_sessions\20260322_232442_strat_gie_sur_api3usdc_1h_acheter_sur_pu\session_summary.json,C:\Users\o3-Pro\Documents\backtest_results\_builder_sessions\20260322_232442_strat_gie_sur_api3usdc_1h_acheter_sur_pu,a308ea530930241d0b6d9d0ac2b420363102bf8875b9cdbe20521e79c6fba047,35118,2026-03-22T23:24:42.728167,,running,,API3USDC,1h,4,,0.6802825191731867,-100.0,
866,20260322_233113_strat_gie_de_trend_following_sur_formusd,C:\Users\o3-Pro\Documents\backtest_results\_builder_sessions\20260322_233113_strat_gie_de_trend_following_sur_formusd\session_summary.json,C:\Users\o3-Pro\Documents\backtest_results\_builder_sessions\20260322_233113_strat_gie_de_trend_following_sur_formusd,3d0c3545100850bbf1d3f79781e657141cd91c4b86d27e6e16eb9ef0cbec3c48,83349,2026-03-22T23:31:13.040940,,max_iterations,,FORMUSDC,4h,10,,0.6783938429534544,62.1358347148174,
867,20260322_233457_strat_gie_sur_babyusdc_1h_acheter_sur_de,C:\Users\o3-Pro\Documents\backtest_results\_builder_sessions\20260322_233457_strat_gie_sur_babyusdc_1h_acheter_sur_de\session_summary.json,C:\Users\o3-Pro\Documents\backtest_results\_builder_sessions\20260322_233457_strat_gie_sur_babyusdc_1h_acheter_sur_de,535124bed20610dca747427adc790da3000f03ef5aed852646882fd39ab453a8,70390,2026-03-22T23:34:57.422966,,running,,BABYUSDC,1h,7,,0.34793421620075865,-50.0,
868,20260322_234506_strat_gie_sur_penguusdc_1d_acheter_la_ru,C:\Users\o3-Pro\Documents\backtest_results\_builder_sessions\20260322_234506_strat_gie_sur_penguusdc_1d_acheter_la_ru\session_summary.json,C:\Users\o3-Pro\Documents\backtest_results\_builder_sessions\20260322_234506_strat_gie_sur_penguusdc_1d_acheter_la_ru,916711b8659054dca04d75f043b721142e78196b55f07735eda0b909deb357b1,33954,2026-03-22T23:45:06.660020,,running,,PENGUUSDC,1d,3,,0.45834140454019245,-100.0,
869,20260322_235211_strat_gie_sur_pepeusdc_15m_acheter_sur_r,C:\Users\o3-Pro\Documents\backtest_results\_builder_sessions\20260322_235211_strat_gie_sur_pepeusdc_15m_acheter_sur_r\session_summary.json,C:\Users\o3-Pro\Documents\backtest_results\_builder_sessions\20260322_235211_strat_gie_sur_pepeusdc_15m_acheter_sur_r,bd54c4ec38a24c76b8291af98d3603e553395241e9fa4caf1d76191e3368037c,53109,2026-03-22T23:52:11.824222,,failed,,PEPEUSDC,15m,6,,0.0,-100.0,
870,20260323_000005_strat_gie_sur_pendleusdc_1h_acheter_lors,C:\Users\o3-Pro\Documents\backtest_results\_builder_sessions\20260323_000005_strat_gie_sur_pendleusdc_1h_acheter_lors\session_summary.json,C:\Users\o3-Pro\Documents\backtest_results\_builder_sessions\20260323_000005_strat_gie_sur_pendleusdc_1h_acheter_lors,55ba95d6861c0d0a1f58c3e12c780df6e390c102f4fed959c9538f051b9e68bc,60381,2026-03-23T00:00:05.209819,,failed,,PENDLEUSDC,1h,6,,0.0,-100.0,
871,20260323_000900_strat_gie_de_mean_reversion_sur_gunusdc,C:\Users\o3-Pro\Documents\backtest_results\_builder_sessions\20260323_000900_strat_gie_de_mean_reversion_sur_gunusdc\session_summary.json,C:\Users\o3-Pro\Documents\backtest_results\_builder_sessions\20260323_000900_strat_gie_de_mean_reversion_sur_gunusdc,3d0833e0c35383ed9aa79eeddbd3b9981bfcfd01c17c9b0fc447efc716a5cb9f,34255,2026-03-23T00:09:00.272995,,running,,GUNUSDC,1h,3,,1.2224510844149856,77.64816706635867,
872,20260323_001521_strat_gie_de_multi_factor_sur_zbtusdc_1h,C:\Users\o3-Pro\Documents\backtest_results\_builder_sessions\20260323_001521_strat_gie_de_multi_factor_sur_zbtusdc_1h\session_summary.json,C:\Users\o3-Pro\Documents\backtest_results\_builder_sessions\20260323_001521_strat_gie_de_multi_factor_sur_zbtusdc_1h,45b093ab08cd6dc8db964cdb1247967d2d1de8b6224ee73ae1cb226f0830d3ec,83850,2026-03-23T00:15:21.672081,,max_iterations,,ZBTUSDC,1h,10,,0.9542742137780807,54.57197017439847,
873,20260323_001847_strat_gie_sur_atomusdc_1w_acheter_en_rup,C:\Users\o3-Pro\Documents\backtest_results\_builder_sessions\20260323_001847_strat_gie_sur_atomusdc_1w_acheter_en_rup\session_summary.json,C:\Users\o3-Pro\Documents\backtest_results\_builder_sessions\20260323_001847_strat_gie_sur_atomusdc_1w_acheter_en_rup,30c2ca0d3dcf5110c03ad2016e6630de506f5fbb0d592a837928ec1c54936465,19880,2026-03-23T00:18:47.955621,,running,,ATOMUSDC,1w,2,,0.07438003370660817,-100.0,
874,20260323_002316_strat_gie_sur_allousdc_3m_acheter_sur_de,C:\Users\o3-Pro\Documents\backtest_results\_builder_sessions\20260323_002316_strat_gie_sur_allousdc_3m_acheter_sur_de\session_summary.json,C:\Users\o3-Pro\Documents\backtest_results\_builder_sessions\20260323_002316_strat_gie_sur_allousdc_3m_acheter_sur_de,45ee0c7d4be16c38362a590dc29f393d4311c39802a781cf462ff44eae4bf2d6,59009,2026-03-23T00:23:16.481540,,failed,,ALLOUSDC,3m,6,,0.0,-100.0,
875,20260323_003249_strat_gie_sur_atusdc_1h_acheter_sur_dive,C:\Users\o3-Pro\Documents\backtest_results\_builder_sessions\20260323_003249_strat_gie_sur_atusdc_1h_acheter_sur_dive\session_summary.json,C:\Users\o3-Pro\Documents\backtest_results\_builder_sessions\20260323_003249_strat_gie_sur_atusdc_1h_acheter_sur_dive,390cd5195793dd534f110aa17900a9bada4be48ef7c495a3e0f4ed00793efa6e,12331,2026-03-23T00:32:49.686465,,success,,ATUSDC,1h,1,,1.0954792740459451,58.30072916718802,
876,20260323_003448_strat_gie_sur_formusdc_1d_acheter_sur_ru,C:\Users\o3-Pro\Documents\backtest_results\_builder_sessions\20260323_003448_strat_gie_sur_formusdc_1d_acheter_sur_ru\session_summary.json,C:\Users\o3-Pro\Documents\backtest_results\_builder_sessions\20260323_003448_strat_gie_sur_formusdc_1d_acheter_sur_ru,6add449416a6ae4bf0a0c67c513a1fb1cba28e5c6cc295ab8248b213997572d3,88703,2026-03-23T00:34:48.594393,,max_iterations,,FORMUSDC,1d,10,,1.5059656176563152,100.0,
877,20260323_003950_strat_gie_sur_tiausdc_5m_acheter_en_dive,C:\Users\o3-Pro\Documents\backtest_results\_builder_sessions\20260323_003950_strat_gie_sur_tiausdc_5m_acheter_en_dive\session_summary.json,C:\Users\o3-Pro\Documents\backtest_results\_builder_sessions\20260323_003950_strat_gie_sur_tiausdc_5m_acheter_en_dive,37ea4a0b58933b39f8698af8326c94b02a892fbab1c16900af5a2b54409ee646,9973,2026-03-23T00:39:50.199747,,running,,TIAUSDC,5m,1,,-20.0,-100.0,
878,20260323_004206_strat_gie_sur_mirausdc_1h_acheter_en_div,C:\Users\o3-Pro\Documents\backtest_results\_builder_sessions\20260323_004206_strat_gie_sur_mirausdc_1h_acheter_en_div\session_summary.json,C:\Users\o3-Pro\Documents\backtest_results\_builder_sessions\20260323_004206_strat_gie_sur_mirausdc_1h_acheter_en_div,0e6203af6042320086908c81bd0373251b663894848abf6d13ec668b92859e26,45748,2026-03-23T00:42:06.833435,,success,,MIRAUSDC,1h,5,,1.214622268849353,-26.0,
879,20260323_004838_strat_gie_sur_ethusdc_4h_entrer_long_sur,C:\Users\o3-Pro\Documents\backtest_results\_builder_sessions\20260323_004838_strat_gie_sur_ethusdc_4h_entrer_long_sur\session_summary.json,C:\Users\o3-Pro\Documents\backtest_results\_builder_sessions\20260323_004838_strat_gie_sur_ethusdc_4h_entrer_long_sur,f9ef6d43e92973e338f95058398b6dd3c32894d72ce086a160a26ac3a3b7c494,56611,2026-03-23T00:48:38.694607,,failed,,ETHUSDC,4h,6,,0.0,-100.0,
880,20260323_005522_strat_gie_sur_opusdc_30m_acheter_en_dive,C:\Users\o3-Pro\Documents\backtest_results\_builder_sessions\20260323_005522_strat_gie_sur_opusdc_30m_acheter_en_dive\session_summary.json,C:\Users\o3-Pro\Documents\backtest_results\_builder_sessions\20260323_005522_strat_gie_sur_opusdc_30m_acheter_en_dive,d1f7a3df93d0758788ebb8656a20e9394a8dcb99a3eefd0efb9808bf4f45dc9c,62456,2026-03-23T00:55:22.551540,,failed,,OPUSDC,30m,6,,0.0,-100.0,
881,20260323_010336_strat_gie_sur_btcusdc_4h_acheter_sur_rup,C:\Users\o3-Pro\Documents\backtest_results\_builder_sessions\20260323_010336_strat_gie_sur_btcusdc_4h_acheter_sur_rup\session_summary.json,C:\Users\o3-Pro\Documents\backtest_results\_builder_sessions\20260323_010336_strat_gie_sur_btcusdc_4h_acheter_sur_rup,6ac7339f228db8981acad8529046e6beb4d126444a21214388bd2e0bb88a210d,61734,2026-03-23T01:03:36.911059,,failed,,BTCUSDC,4h,6,,0.0,-100.0,
882,20260323_011044_strat_gie_sur_icpusdc_1h_acheter_en_cas,C:\Users\o3-Pro\Documents\backtest_results\_builder_sessions\20260323_011044_strat_gie_sur_icpusdc_1h_acheter_en_cas\session_summary.json,C:\Users\o3-Pro\Documents\backtest_results\_builder_sessions\20260323_011044_strat_gie_sur_icpusdc_1h_acheter_en_cas,fc696e0f38f72f2ed49c52a76351e540fc151ef1a14df6f3c55143112cf21ac0,64682,2026-03-23T01:10:44.811770,,failed,,ICPUSDC,1h,6,,0.0,-100.0,
883,20260323_011924_strat_gie_de_trend_following_sur_bankusd,C:\Users\o3-Pro\Documents\backtest_results\_builder_sessions\20260323_011924_strat_gie_de_trend_following_sur_bankusd\session_summary.json,C:\Users\o3-Pro\Documents\backtest_results\_builder_sessions\20260323_011924_strat_gie_de_trend_following_sur_bankusd,e1062fb55692463a621e36381b2cb160c326f0fd2349513ff04bbe26886c99be,73391,2026-03-23T01:19:24.436916,,running,,BANKUSDC,4h,8,,0.8840380418460877,-100.0,
884,20260323_012911_strat_gie_de_regime_adaptatif_sur_sophus,C:\Users\o3-Pro\Documents\backtest_results\_builder_sessions\20260323_012911_strat_gie_de_regime_adaptatif_sur_sophus\session_summary.json,C:\Users\o3-Pro\Documents\backtest_results\_builder_sessions\20260323_012911_strat_gie_de_regime_adaptatif_sur_sophus,32b4932a40ec923bf80b59c5789cafc2afc70b86a1abc2807b30253ac8588fd1,60398,2026-03-23T01:29:11.614567,,failed,,SOPHUSDC,15m,6,,0.0,-100.0,
885,20260323_014016_strat_gie_sur_dolousdc_1h_acheter_la_cas,C:\Users\o3-Pro\Documents\backtest_results\_builder_sessions\20260323_014016_strat_gie_sur_dolousdc_1h_acheter_la_cas\session_summary.json,C:\Users\o3-Pro\Documents\backtest_results\_builder_sessions\20260323_014016_strat_gie_sur_dolousdc_1h_acheter_la_cas,c5963b22030db716cfa3c73f9c3ac401851af2ba61f88a8994bce3181e195dd9,19327,2026-03-23T01:40:16.732136,,success,,DOLOUSDC,1h,2,,1.466508178205219,-100.0,
886,20260323_014202_strat_gie_sur_humausdc_1h_acheter_au_cro,C:\Users\o3-Pro\Documents\backtest_results\_builder_sessions\20260323_014202_strat_gie_sur_humausdc_1h_acheter_au_cro\session_summary.json,C:\Users\o3-Pro\Documents\backtest_results\_builder_sessions\20260323_014202_strat_gie_sur_humausdc_1h_acheter_au_cro,ef1c72414a82d9960d3c6893abf7d2666f41e07d7e147c61ce963ec0ef651acd,54576,2026-03-23T01:42:02.320446,,running,,HUMAUSDC,1h,5,,0.048247246939093935,-21.29721852209792,
887,20260323_014814_strat_gie_sur_frontusdc_1h_acheter_au_cr,C:\Users\o3-Pro\Documents\backtest_results\_builder_sessions\20260323_014814_strat_gie_sur_frontusdc_1h_acheter_au_cr\session_summary.json,C:\Users\o3-Pro\Documents\backtest_results\_builder_sessions\20260323_014814_strat_gie_sur_frontusdc_1h_acheter_au_cr,ca1e449e073bcfcbf7da900d39637fbcacb76853ebccf551bae34ee94e183582,9935,2026-03-23T01:48:14.146298,,success,,FRONTUSDC,1h,1,,1.681206930675908,100.0,
888,20260323_014921_strat_gie_sur_strkusdc_15m_entrer_sur_su,C:\Users\o3-Pro\Documents\backtest_results\_builder_sessions\20260323_014921_strat_gie_sur_strkusdc_15m_entrer_sur_su\session_summary.json,C:\Users\o3-Pro\Documents\backtest_results\_builder_sessions\20260323_014921_strat_gie_sur_strkusdc_15m_entrer_sur_su,ba32f6d644ca9ed659ef885295b6cfe8798b1f87056ae8abad77dbf322fd06f3,47824,2026-03-23T01:49:21.399545,,running,,STRKUSDC,15m,5,,0.0,-100.0,
889,20260323_015503_strat_gie_sur_crvusdc_1h_acheter_sur_div,C:\Users\o3-Pro\Documents\backtest_results\_builder_sessions\20260323_015503_strat_gie_sur_crvusdc_1h_acheter_sur_div\session_summary.json,C:\Users\o3-Pro\Documents\backtest_results\_builder_sessions\20260323_015503_strat_gie_sur_crvusdc_1h_acheter_sur_div,9a82fad5cc77b59fa5e79913caabb280f563b0730ed3811f334258eba4923935,56546,2026-03-23T01:55:03.990859,,failed,,CRVUSDC,1h,6,,0.0,-26.0,
890,20260323_020018_strat_gie_sur_hbarusdc_4h_acheter_sur_ru,C:\Users\o3-Pro\Documents\backtest_results\_builder_sessions\20260323_020018_strat_gie_sur_hbarusdc_4h_acheter_sur_ru\session_summary.json,C:\Users\o3-Pro\Documents\backtest_results\_builder_sessions\20260323_020018_strat_gie_sur_hbarusdc_4h_acheter_sur_ru,6d4e7c93ef4266dfd5f68e41697e8a587d6c6aef45639fa8e374e67445239eb1,95376,2026-03-23T02:00:18.422339,,max_iterations,,HBARUSDC,4h,10,,0.9673815901974997,100.0,
891,20260323_020545_strat_gie_sur_berausdc_1d_acheter_au_cro,C:\Users\o3-Pro\Documents\backtest_results\_builder_sessions\20260323_020545_strat_gie_sur_berausdc_1d_acheter_au_cro\session_summary.json,C:\Users\o3-Pro\Documents\backtest_results\_builder_sessions\20260323_020545_strat_gie_sur_berausdc_1d_acheter_au_cro,a1724b2e28c4bac6f5e199bbe8cd1ac17b69d09f3901ada65413ad0255ab1378,81344,2026-03-23T02:05:45.183049,,max_iterations,,BERAUSDC,1d,10,,0.847800564953919,92.94326457756091,
892,20260323_020839_strat_gie_sur_bonkusdc_1d_acheter_au_sup,C:\Users\o3-Pro\Documents\backtest_results\_builder_sessions\20260323_020839_strat_gie_sur_bonkusdc_1d_acheter_au_sup\session_summary.json,C:\Users\o3-Pro\Documents\backtest_results\_builder_sessions\20260323_020839_strat_gie_sur_bonkusdc_1d_acheter_au_sup,ad4c84a2d81a89d66374c97c7f3e1bdb7f5586ca88ddb2bf918b74256f205ff4,67072,2026-03-23T02:08:39.351110,,failed,,BONKUSDC,1d,6,,0.5459442211947068,-70.65395283511913,
893,20260323_021402_strat_gie_sur_pendleusdc_15m_acheter_sur,C:\Users\o3-Pro\Documents\backtest_results\_builder_sessions\20260323_021402_strat_gie_sur_pendleusdc_15m_acheter_sur\session_summary.json,C:\Users\o3-Pro\Documents\backtest_results\_builder_sessions\20260323_021402_strat_gie_sur_pendleusdc_15m_acheter_sur,8079b931fee9c2e905d288b3d94aaf2d85b84d037c1d20c1bc3582f0c1de171e,34347,2026-03-23T02:14:02.742596,,running,,PENDLEUSDC,15m,3,,0.0,-100.0,
894,20260323_021736_strat_gie_sur_pepeusdc_1h_acheter_sur_ru,C:\Users\o3-Pro\Documents\backtest_results\_builder_sessions\20260323_021736_strat_gie_sur_pepeusdc_1h_acheter_sur_ru\session_summary.json,C:\Users\o3-Pro\Documents\backtest_results\_builder_sessions\20260323_021736_strat_gie_sur_pepeusdc_1h_acheter_sur_ru,8daeb31a8b958c8bb6e54bb031dcdcd32c9b42bc085e2c3e3b79ef1fbcb8a115,92373,2026-03-23T02:17:36.494475,,failed,,PEPEUSDC,1h,10,,0.555816801709522,-50.0,
895,20260323_022857_strat_gie_sur_memeusdc_1h_acheter_sur_su,C:\Users\o3-Pro\Documents\backtest_results\_builder_sessions\20260323_022857_strat_gie_sur_memeusdc_1h_acheter_sur_su\session_summary.json,C:\Users\o3-Pro\Documents\backtest_results\_builder_sessions\20260323_022857_strat_gie_sur_memeusdc_1h_acheter_sur_su,ca90619c172621630c6565e40d95a9c897cceea6c5f36cd6e5d184efa2b01072,40913,2026-03-23T02:28:57.291278,,running,,MEMEUSDC,1h,4,,0.4532852147517095,-54.944053939610356,
896,20260323_023518_strat_gie_de_multi_factor_sur_arbusdc_1h,C:\Users\o3-Pro\Documents\backtest_results\_builder_sessions\20260323_023518_strat_gie_de_multi_factor_sur_arbusdc_1h\session_summary.json,C:\Users\o3-Pro\Documents\backtest_results\_builder_sessions\20260323_023518_strat_gie_de_multi_factor_sur_arbusdc_1h,9060cb36b954efe95da6c7578db3028a11bdefdb44e909311aad812385e76775,51075,2026-03-23T02:35:18.578666,,running,,ARBUSDC,1h,5,,0.0,-100.0,
897,20260323_024200_strat_gie_de_breakout_sur_jtousdc_1d_ind,C:\Users\o3-Pro\Documents\backtest_results\_builder_sessions\20260323_024200_strat_gie_de_breakout_sur_jtousdc_1d_ind\session_summary.json,C:\Users\o3-Pro\Documents\backtest_results\_builder_sessions\20260323_024200_strat_gie_de_breakout_sur_jtousdc_1d_ind,13138c3ad163f0f74b25b626c94385519f01a8dcb8849eaf8f2c03e3be3e5669,87960,2026-03-23T02:42:00.995754,,max_iterations,,JTOUSDC,1d,10,,0.6899152040386424,90.84143523689151,
898,20260323_024658_strat_gie_sur_metusdc_4h_acheter_sur_les,C:\Users\o3-Pro\Documents\backtest_results\_builder_sessions\20260323_024658_strat_gie_sur_metusdc_4h_acheter_sur_les\session_summary.json,C:\Users\o3-Pro\Documents\backtest_results\_builder_sessions\20260323_024658_strat_gie_sur_metusdc_4h_acheter_sur_les,b92b0742c7cc43ba781c277b1672f293d944647b9a93fcae5c82fd76c08d5a2f,62537,2026-03-23T02:46:58.071662,,failed,,METUSDC,4h,6,,0.0,-50.0,
899,20260323_025505_strat_gie_sur_omusdc_1h_acheter_au_dessu,C:\Users\o3-Pro\Documents\backtest_results\_builder_sessions\20260323_025505_strat_gie_sur_omusdc_1h_acheter_au_dessu\session_summary.json,C:\Users\o3-Pro\Documents\backtest_results\_builder_sessions\20260323_025505_strat_gie_sur_omusdc_1h_acheter_au_dessu,2d7d9625e9cfc626b48d99824be37353717849d090203b09a1a391c41e81e004,62729,2026-03-23T02:55:05.949110,,failed,,OMUSDC,1h,6,,0.0,-50.0,
900,20260323_030136_entrer_sur_eigenusdc_4h_avec_un_croiseme,C:\Users\o3-Pro\Documents\backtest_results\_builder_sessions\20260323_030136_entrer_sur_eigenusdc_4h_avec_un_croiseme\session_summary.json,C:\Users\o3-Pro\Documents\backtest_results\_builder_sessions\20260323_030136_entrer_sur_eigenusdc_4h_avec_un_croiseme,79491f0b59310040e18d1916c7f9032d8a0567dde064b55eefb233259e9be3fb,28816,2026-03-23T03:01:36.680933,,success,,EIGENUSDC,4h,3,,1.019676309676896,24.299675997164194,
901,20260323_030445_strat_gie_sur_ordiusdc_15m_acheter_au_cr,C:\Users\o3-Pro\Documents\backtest_results\_builder_sessions\20260323_030445_strat_gie_sur_ordiusdc_15m_acheter_au_cr\session_summary.json,C:\Users\o3-Pro\Documents\backtest_results\_builder_sessions\20260323_030445_strat_gie_sur_ordiusdc_15m_acheter_au_cr,b9f35c95e5546b2a45cda6b398777e8ca5bab341203bbe9cbb3517c2f6d454be,10280,2026-03-23T03:04:45.130783,,running,,ORDIUSDC,15m,1,,-20.0,-100.0,
902,20260323_030639_strat_gie_sur_usdeusdc_4h_acheter_sur_un,C:\Users\o3-Pro\Documents\backtest_results\_builder_sessions\20260323_030639_strat_gie_sur_usdeusdc_4h_acheter_sur_un\session_summary.json,C:\Users\o3-Pro\Documents\backtest_results\_builder_sessions\20260323_030639_strat_gie_sur_usdeusdc_4h_acheter_sur_un,9cd4d0e2a24c3e2afc06b917e44721375e0070170b16b0a5088ae1797b5f455a,28286,2026-03-23T03:06:39.147594,,running,,USDEUSDC,4h,3,,0.0,-92.73793850337249,
903,20260323_031130_strat_gie_sur_xlmusdc_1h_acheter_au_croi,C:\Users\o3-Pro\Documents\backtest_results\_builder_sessions\20260323_031130_strat_gie_sur_xlmusdc_1h_acheter_au_croi\session_summary.json,C:\Users\o3-Pro\Documents\backtest_results\_builder_sessions\20260323_031130_strat_gie_sur_xlmusdc_1h_acheter_au_croi,f5f63e8b3c454c29c6c4a89eb7c15358b9be3f7381df86c9972b3b0fb12348b2,61943,2026-03-23T03:11:30.007185,,failed,,XLMUSDC,1h,6,,0.0,-50.0,
904,20260323_031856_strat_gie_sur_stxusdc_1h_acheter_sur_sur,C:\Users\o3-Pro\Documents\backtest_results\_builder_sessions\20260323_031856_strat_gie_sur_stxusdc_1h_acheter_sur_sur\session_summary.json,C:\Users\o3-Pro\Documents\backtest_results\_builder_sessions\20260323_031856_strat_gie_sur_stxusdc_1h_acheter_sur_sur,6ef1733cba656e242dfba490e8bbd41e821b30256019c5ca94cc949ac8c2c979,61797,2026-03-23T03:18:56.037305,,failed,,STXUSDC,1h,6,,0.0,-100.0,
905,20260323_032513_strat_gie_de_regime_adaptatif_sur_synusd,C:\Users\o3-Pro\Documents\backtest_results\_builder_sessions\20260323_032513_strat_gie_de_regime_adaptatif_sur_synusd\session_summary.json,C:\Users\o3-Pro\Documents\backtest_results\_builder_sessions\20260323_032513_strat_gie_de_regime_adaptatif_sur_synusd,1a5ab1f7c71b6a457a8daf5623e7a650727cf7381f200e74ae6027386045b878,59254,2026-03-23T03:25:13.219997,,failed,,SYNUSDC,15m,6,,0.0,-100.0,
906,20260323_033428_strat_gie_de_scalping_sur_kernelusdc_5m,C:\Users\o3-Pro\Documents\backtest_results\_builder_sessions\20260323_033428_strat_gie_de_scalping_sur_kernelusdc_5m\session_summary.json,C:\Users\o3-Pro\Documents\backtest_results\_builder_sessions\20260323_033428_strat_gie_de_scalping_sur_kernelusdc_5m,29e18984aacc6d422203e6719085174a4d0ee3a59b1c1fd85d43db12f245da55,52571,2026-03-23T03:34:28.771730,,failed,,KERNELUSDC,5m,6,,0.0,-100.0,
907,20260323_034211_strat_gie_de_multi_factor_sur_dogeusdc_1,C:\Users\o3-Pro\Documents\backtest_results\_builder_sessions\20260323_034211_strat_gie_de_multi_factor_sur_dogeusdc_1\session_summary.json,C:\Users\o3-Pro\Documents\backtest_results\_builder_sessions\20260323_034211_strat_gie_de_multi_factor_sur_dogeusdc_1,6c78b14a83f22304a420e7dcb57cae41006cbd8e2366ac4f0d7d463a0a5edaeb,60905,2026-03-23T03:42:11.932784,,failed,,DOGEUSDC,1h,6,,0.0,-100.0,
908,20260323_034634_strat_gie_de_trend_following_sur_bonkusd,C:\Users\o3-Pro\Documents\backtest_results\_builder_sessions\20260323_034634_strat_gie_de_trend_following_sur_bonkusd\session_summary.json,C:\Users\o3-Pro\Documents\backtest_results\_builder_sessions\20260323_034634_strat_gie_de_trend_following_sur_bonkusd,067e17a11b4e77bf9afd5dc00687e17ad313e5ad6ee6d157add7c20bb231232c,45667,2026-03-23T03:46:34.689213,,failed,,BONKUSDC,4h,6,,0.24557822023830173,-100.0,
909,20260323_035446_strat_gie_sur_wifusdc_1d_entrer_sur_sura,C:\Users\o3-Pro\Documents\backtest_results\_builder_sessions\20260323_035446_strat_gie_sur_wifusdc_1d_entrer_sur_sura\session_summary.json,C:\Users\o3-Pro\Documents\backtest_results\_builder_sessions\20260323_035446_strat_gie_sur_wifusdc_1d_entrer_sur_sura,6b78c2100614d48a721d9e9db580c7483e17de318c0241843dd377348dd9ca8c,60549,2026-03-23T03:54:46.634481,,failed,,WIFUSDC,1d,6,,0.0,-26.0,
910,20260323_040035_strat_gie_sur_avntusdc_15m_acheter_la_ca,C:\Users\o3-Pro\Documents\backtest_results\_builder_sessions\20260323_040035_strat_gie_sur_avntusdc_15m_acheter_la_ca\session_summary.json,C:\Users\o3-Pro\Documents\backtest_results\_builder_sessions\20260323_040035_strat_gie_sur_avntusdc_15m_acheter_la_ca,7419f5287b8a261d3a9f7e4110aa6ae7a336e2294f8e017399ee74c33620d861,60354,2026-03-23T04:00:35.107587,,failed,,AVNTUSDC,15m,6,,0.0,-100.0,
911,20260323_040647_strat_gie_sur_mitousdc_1h_acheter_sur_di,C:\Users\o3-Pro\Documents\backtest_results\_builder_sessions\20260323_040647_strat_gie_sur_mitousdc_1h_acheter_sur_di\session_summary.json,C:\Users\o3-Pro\Documents\backtest_results\_builder_sessions\20260323_040647_strat_gie_sur_mitousdc_1h_acheter_sur_di,2c4aa0f29e53cd79e34fc81f0f26b340c734356244e415e89fa4c6b9ffa6f5e9,54923,2026-03-23T04:06:47.714517,,failed,,MITOUSDC,1h,6,,0.9048821723341165,-100.0,
912,20260323_041208_strat_gie_sur_neirousdc_1h_acheter_sur_s,C:\Users\o3-Pro\Documents\backtest_results\_builder_sessions\20260323_041208_strat_gie_sur_neirousdc_1h_acheter_sur_s\session_summary.json,C:\Users\o3-Pro\Documents\backtest_results\_builder_sessions\20260323_041208_strat_gie_sur_neirousdc_1h_acheter_sur_s,6e18d80898b8c3d533746f2fb9631957b9ca062c08758b7603f5a11de905b87a,56303,2026-03-23T04:12:08.690928,,failed,,NEIROUSDC,1h,6,,0.0,-26.0,
913,20260323_041704_strat_gie_de_momentum_sur_omusdc_1h_indi,C:\Users\o3-Pro\Documents\backtest_results\_builder_sessions\20260323_041704_strat_gie_de_momentum_sur_omusdc_1h_indi\session_summary.json,C:\Users\o3-Pro\Documents\backtest_results\_builder_sessions\20260323_041704_strat_gie_de_momentum_sur_omusdc_1h_indi,15563461a415f1fa11bb8b8fc0f9d5006639bab0c92e8e5e4e9725ed45753fdf,49320,2026-03-23T04:17:04.082696,,failed,,PNUTUSDC,4h,5,,1.0767018191162199,-100.0,
914,20260323_042336_strat_gie_de_scalping_sur_algousdc_15m_i,C:\Users\o3-Pro\Documents\backtest_results\_builder_sessions\20260323_042336_strat_gie_de_scalping_sur_algousdc_15m_i\session_summary.json,C:\Users\o3-Pro\Documents\backtest_results\_builder_sessions\20260323_042336_strat_gie_de_scalping_sur_algousdc_15m_i,2490b188481ecb6009d730e0bf805c39185164a9202b274bd382ed0788247f6f,55620,2026-03-23T04:23:36.391067,,failed,,ALGOUSDC,15m,6,,0.0,-100.0,
915,20260323_043036_strat_gie_de_regime_adaptatif_sur_dolous,C:\Users\o3-Pro\Documents\backtest_results\_builder_sessions\20260323_043036_strat_gie_de_regime_adaptatif_sur_dolous\session_summary.json,C:\Users\o3-Pro\Documents\backtest_results\_builder_sessions\20260323_043036_strat_gie_de_regime_adaptatif_sur_dolous,45a8bfe8526cd618971b14f3870c5468eb0e743259eb9da974f4875fe22cda12,45395,2026-03-23T04:30:36.086175,,success,,DOLOUSDC,1h,5,,1.449890192876103,6.920246113924804,
916,20260323_043407_strat_gie_sur_ldousdc_30m_acheter_la_cas,C:\Users\o3-Pro\Documents\backtest_results\_builder_sessions\20260323_043407_strat_gie_sur_ldousdc_30m_acheter_la_cas\session_summary.json,C:\Users\o3-Pro\Documents\backtest_results\_builder_sessions\20260323_043407_strat_gie_sur_ldousdc_30m_acheter_la_cas,828ed228f770e47089921cb197cd1d4b013976ac67bb35bc8472773b82a2cbb7,63893,2026-03-23T04:34:07.174231,,failed,,LDOUSDC,30m,6,,0.0,-100.0,
917,20260323_044055_strat_gie_sur_twtusdc_1h_acheter_sur_sur,C:\Users\o3-Pro\Documents\backtest_results\_builder_sessions\20260323_044055_strat_gie_sur_twtusdc_1h_acheter_sur_sur\session_summary.json,C:\Users\o3-Pro\Documents\backtest_results\_builder_sessions\20260323_044055_strat_gie_sur_twtusdc_1h_acheter_sur_sur,dae3a128932e08db545e7f8c0addc14a47d1c88afc563353cd0b6fffa6167a05,58092,2026-03-23T04:40:55.243157,,failed,,TWTUSDC,1h,6,,0.18365623909974263,-3.8413926634264435,
918,20260323_044512_strat_gie_sur_renderusdc_1h_acheter_sur,C:\Users\o3-Pro\Documents\backtest_results\_builder_sessions\20260323_044512_strat_gie_sur_renderusdc_1h_acheter_sur\session_summary.json,C:\Users\o3-Pro\Documents\backtest_results\_builder_sessions\20260323_044512_strat_gie_sur_renderusdc_1h_acheter_sur,7ebdf223869394e86007c1d9592255065e0105b5ab1e7b7b1740848cd35d3265,59539,2026-03-23T04:45:12.164328,,failed,,RENDERUSDC,1h,6,,0.243076778065384,-100.0,
919,20260323_045126_acheter_sur_pull_back_sur_rsi_sous_45_et,C:\Users\o3-Pro\Documents\backtest_results\_builder_sessions\20260323_045126_acheter_sur_pull_back_sur_rsi_sous_45_et\session_summary.json,C:\Users\o3-Pro\Documents\backtest_results\_builder_sessions\20260323_045126_acheter_sur_pull_back_sur_rsi_sous_45_et,a11e1777a045752b4cc9f4223ee8d9490395c6b72491078fe1bb5d35b024aab3,12633,2026-03-23T04:51:26.913228,,running,,PEPEUSDC,4h,1,,-20.0,-100.0,
920,20260323_045432_strat_gie_de_mean_reversion_sur_omusdc_3,C:\Users\o3-Pro\Documents\backtest_results\_builder_sessions\20260323_045432_strat_gie_de_mean_reversion_sur_omusdc_3\session_summary.json,C:\Users\o3-Pro\Documents\backtest_results\_builder_sessions\20260323_045432_strat_gie_de_mean_reversion_sur_omusdc_3,330f94f1a927b22ae57766af4735611c550dd838b53ca5a266efccc8e3264c39,50288,2026-03-23T04:54:32.620558,,failed,,PNUTUSDC,4h,5,,1.0767018191162199,-100.0,
921,20260323_050101_strat_gie_de_breakout_sur_memeusdc_15m_i,C:\Users\o3-Pro\Documents\backtest_results\_builder_sessions\20260323_050101_strat_gie_de_breakout_sur_memeusdc_15m_i\session_summary.json,C:\Users\o3-Pro\Documents\backtest_results\_builder_sessions\20260323_050101_strat_gie_de_breakout_sur_memeusdc_15m_i,ef9ec695eaa212d023f69fc9d18f33f2e75564fa94c270a5d10beb291061f06f,55361,2026-03-23T05:01:01.529177,,failed,,MEMEUSDC,15m,6,,0.0,-100.0,
922,20260323_050832_strat_gie_de_scalping_sur_crvusdc_1h_ind,C:\Users\o3-Pro\Documents\backtest_results\_builder_sessions\20260323_050832_strat_gie_de_scalping_sur_crvusdc_1h_ind\session_summary.json,C:\Users\o3-Pro\Documents\backtest_results\_builder_sessions\20260323_050832_strat_gie_de_scalping_sur_crvusdc_1h_ind,8853e80b9f732d4787d55a9595aaa81361c285c4520761e82436754ba20602a8,37772,2026-03-23T05:08:32.371821,,running,,CRVUSDC,1h,4,,0.0,-100.0,
923,20260323_051403_strat_gie_de_regime_adaptatif_sur_tiausd,C:\Users\o3-Pro\Documents\backtest_results\_builder_sessions\20260323_051403_strat_gie_de_regime_adaptatif_sur_tiausd\session_summary.json,C:\Users\o3-Pro\Documents\backtest_results\_builder_sessions\20260323_051403_strat_gie_de_regime_adaptatif_sur_tiausd,b63058d173dfe309effc25bf235f1c33e9c771334bc4fc834709e121b333b7a3,60416,2026-03-23T05:14:03.361731,,failed,,TIAUSDC,3m,6,,0.0,-100.0,
924,20260323_052204_strat_gie_de_multi_factor_sur_ordiusdc_1,C:\Users\o3-Pro\Documents\backtest_results\_builder_sessions\20260323_052204_strat_gie_de_multi_factor_sur_ordiusdc_1\session_summary.json,C:\Users\o3-Pro\Documents\backtest_results\_builder_sessions\20260323_052204_strat_gie_de_multi_factor_sur_ordiusdc_1,bc97a9891c5dfe6f9665a678662ccdc88ce3eb7b432805c3733bcaad18aaad32,77208,2026-03-23T05:22:04.154288,,failed,,PNUTUSDC,4h,8,,1.0767018191162199,-100.0,
925,20260323_053142_strat_gie_de_momentum_sur_algousdc_4h_in,C:\Users\o3-Pro\Documents\backtest_results\_builder_sessions\20260323_053142_strat_gie_de_momentum_sur_algousdc_4h_in\session_summary.json,C:\Users\o3-Pro\Documents\backtest_results\_builder_sessions\20260323_053142_strat_gie_de_momentum_sur_algousdc_4h_in,f49ca646a3fe0b5b39236432c1b766811cc5e0862f356570344d3a3e0f3036a7,60946,2026-03-23T05:31:42.247731,,failed,,ALGOUSDC,4h,6,,0.0,-100.0,
926,20260323_053848_strat_gie_de_trend_following_sur_dashusd,C:\Users\o3-Pro\Documents\backtest_results\_builder_sessions\20260323_053848_strat_gie_de_trend_following_sur_dashusd\session_summary.json,C:\Users\o3-Pro\Documents\backtest_results\_builder_sessions\20260323_053848_strat_gie_de_trend_following_sur_dashusd,74d36fa2e1e7c0d433a09603f09b96f992b706282c6a2d98de2b3f11de35b85d,25205,2026-03-23T05:38:48.362965,,success,,DASHUSDC,4h,4,,1.7354239394293463,89.45830514319195,
927,20260323_054310_strat_gie_sur_pepeusdc_4h_entrer_long_lo,C:\Users\o3-Pro\Documents\backtest_results\_builder_sessions\20260323_054310_strat_gie_sur_pepeusdc_4h_entrer_long_lo\session_summary.json,C:\Users\o3-Pro\Documents\backtest_results\_builder_sessions\20260323_054310_strat_gie_sur_pepeusdc_4h_entrer_long_lo,2e6604414bb755c96f7820c55552d09a98e0ea214deb5acaf8a2c86698c38b8f,89528,2026-03-23T05:43:10.856453,,max_iterations,,PEPEUSDC,4h,10,,0.8275189529342224,77.9809154808436,
928,20260323_054954_strat_gie_sur_filusdc_1d_acheter_en_rupt,C:\Users\o3-Pro\Documents\backtest_results\_builder_sessions\20260323_054954_strat_gie_sur_filusdc_1d_acheter_en_rupt\session_summary.json,C:\Users\o3-Pro\Documents\backtest_results\_builder_sessions\20260323_054954_strat_gie_sur_filusdc_1d_acheter_en_rupt,dde160951ac9b39eb600d7608f7f0a6f275e40aa36eb0a86d1ab9a38519b778b,86114,2026-03-23T05:49:54.820840,,failed,,FILUSDC,1d,9,,0.5466991258884228,-26.0,
929,20260323_060207_strat_gie_sur_neousdc_1h_acheter_en_dive,C:\Users\o3-Pro\Documents\backtest_results\_builder_sessions\20260323_060207_strat_gie_sur_neousdc_1h_acheter_en_dive\session_summary.json,C:\Users\o3-Pro\Documents\backtest_results\_builder_sessions\20260323_060207_strat_gie_sur_neousdc_1h_acheter_en_dive,90c4cf3cf1259b795cfeb0b1282e6999dc7bdb0700a264f9a15bd4f91724f28e,27902,2026-03-23T06:02:07.211384,,running,,NEOUSDC,1h,3,,0.0,-100.0,
930,20260323_060910_strat_gie_sur_bchusdc_1h_entrer_long_lor,C:\Users\o3-Pro\Documents\backtest_results\_builder_sessions\20260323_060910_strat_gie_sur_bchusdc_1h_entrer_long_lor\session_summary.json,C:\Users\o3-Pro\Documents\backtest_results\_builder_sessions\20260323_060910_strat_gie_sur_bchusdc_1h_entrer_long_lor,d97401af426b0c18c1a8f82c43f7a61c1ff49276a7a614f90ee40777b04aef36,58515,2026-03-23T06:09:10.325653,,failed,,BCHUSDC,1h,6,,0.0,-100.0,
931,20260323_061518_strat_gie_de_breakout_sur_formusdc_4h_in,C:\Users\o3-Pro\Documents\backtest_results\_builder_sessions\20260323_061518_strat_gie_de_breakout_sur_formusdc_4h_in\session_summary.json,C:\Users\o3-Pro\Documents\backtest_results\_builder_sessions\20260323_061518_strat_gie_de_breakout_sur_formusdc_4h_in,4769457e3f6e33184c5265fb509fceb1e63bdfc9d3114ce1c498f726f44497ba,60121,2026-03-23T06:15:18.029562,,failed,,PNUTUSDC,4h,6,,0.2532310006652809,-100.0,
932,20260323_062325_strat_gie_de_multi_factor_sur_dogeusdc_1,C:\Users\o3-Pro\Documents\backtest_results\_builder_sessions\20260323_062325_strat_gie_de_multi_factor_sur_dogeusdc_1\session_summary.json,C:\Users\o3-Pro\Documents\backtest_results\_builder_sessions\20260323_062325_strat_gie_de_multi_factor_sur_dogeusdc_1,53dfdc561e98b5882170683b3936311480dcb8b691bc3b5daddfe97b83d8a06a,51025,2026-03-23T06:23:25.479042,,running,,DOGEUSDC,1h,5,,0.0,-100.0,
933,20260323_062843_strat_gie_de_mean_reversion_sur_zbtusdc,C:\Users\o3-Pro\Documents\backtest_results\_builder_sessions\20260323_062843_strat_gie_de_mean_reversion_sur_zbtusdc\session_summary.json,C:\Users\o3-Pro\Documents\backtest_results\_builder_sessions\20260323_062843_strat_gie_de_mean_reversion_sur_zbtusdc,3f421779a1ae14fafd8e0f7e7e1f8469a3ddb9c4315ce9e92f3f7b7ce4033e55,10631,2026-03-23T06:28:43.250039,,running,,ZBTUSDC,4h,1,,0.18578083314920593,-85.95155200520483,
934,20260323_063032_strat_gie_de_momentum_sur_mavusdc_1h_ind,C:\Users\o3-Pro\Documents\backtest_results\_builder_sessions\20260323_063032_strat_gie_de_momentum_sur_mavusdc_1h_ind\session_summary.json,C:\Users\o3-Pro\Documents\backtest_results\_builder_sessions\20260323_063032_strat_gie_de_momentum_sur_mavusdc_1h_ind,3b9c13be9c273d81a8fabe6b2f7e5c80a4be9650d9d5d214a54d7f743c02aa46,41635,2026-03-23T06:30:32.802847,,running,,MAVUSDC,1h,5,,0.0,-73.44828836208804,
935,20260323_063858_strat_gie_de_breakout_sur_pepeusdc_15m_i,C:\Users\o3-Pro\Documents\backtest_results\_builder_sessions\20260323_063858_strat_gie_de_breakout_sur_pepeusdc_15m_i\session_summary.json,C:\Users\o3-Pro\Documents\backtest_results\_builder_sessions\20260323_063858_strat_gie_de_breakout_sur_pepeusdc_15m_i,5960ed06e922768ecb64b8bf71bba85b50766e7f18be7b712cb0d6673ef643ca,53325,2026-03-23T06:38:58.779194,,failed,,PNUTUSDC,4h,5,,1.0767018191162199,-100.0,
936,20260323_064645_strat_gie_de_multi_factor_sur_strkusdc_1,C:\Users\o3-Pro\Documents\backtest_results\_builder_sessions\20260323_064645_strat_gie_de_multi_factor_sur_strkusdc_1\session_summary.json,C:\Users\o3-Pro\Documents\backtest_results\_builder_sessions\20260323_064645_strat_gie_de_multi_factor_sur_strkusdc_1,b24b1b94a608405e229ce2840b047f6ebc11b7be88c00a90f9b0ceb06140badd,10429,2026-03-23T06:46:45.573692,,running,,STRKUSDC,15m,1,,-20.0,-100.0,
937,20260323_064911_strat_gie_de_trend_following_sur_taousdc,C:\Users\o3-Pro\Documents\backtest_results\_builder_sessions\20260323_064911_strat_gie_de_trend_following_sur_taousdc\session_summary.json,C:\Users\o3-Pro\Documents\backtest_results\_builder_sessions\20260323_064911_strat_gie_de_trend_following_sur_taousdc,5f9938069a17a75d34d34acd773b911babff4e25b817155be0b6d41490ba4c16,13103,2026-03-23T06:49:11.688558,,running,,TAOUSDC,4h,1,,0.5626621173992808,41.970871960117734,
938,20260323_065127_strat_gie_de_regime_adaptatif_sur_phausd,C:\Users\o3-Pro\Documents\backtest_results\_builder_sessions\20260323_065127_strat_gie_de_regime_adaptatif_sur_phausd\session_summary.json,C:\Users\o3-Pro\Documents\backtest_results\_builder_sessions\20260323_065127_strat_gie_de_regime_adaptatif_sur_phausd,32980839eaf37d5857a69d954ff2b22e8f194a8cc7a382d6a3da06ba7768b39e,59403,2026-03-23T06:51:27.750129,,failed,,PHAUSDC,15m,6,,0.0,-26.0,
939,20260323_065701_strat_gie_de_scalping_sur_vetusdc_1w_ind,C:\Users\o3-Pro\Documents\backtest_results\_builder_sessions\20260323_065701_strat_gie_de_scalping_sur_vetusdc_1w_ind\session_summary.json,C:\Users\o3-Pro\Documents\backtest_results\_builder_sessions\20260323_065701_strat_gie_de_scalping_sur_vetusdc_1w_ind,6358ee10cd73e42457e6c571a36017e85fe5cf26c643b117d15d318f135a04b3,20387,2026-03-23T06:57:01.575887,,running,,PNUTUSDC,4h,2,,0.2532310006652809,-100.0,
940,20260323_070121_strat_gie_de_mean_reversion_sur_bchusdc,C:\Users\o3-Pro\Documents\backtest_results\_builder_sessions\20260323_070121_strat_gie_de_mean_reversion_sur_bchusdc\session_summary.json,C:\Users\o3-Pro\Documents\backtest_results\_builder_sessions\20260323_070121_strat_gie_de_mean_reversion_sur_bchusdc,0804b6b18a673c49873e3238c62db1b3dfce47c16380c658cf27f08b2861e2f2,60562,2026-03-23T07:01:21.960922,,failed,,BCHUSDC,4h,6,,0.2561203555555863,-100.0,
941,20260323_070700_strat_gie_de_trend_following_sur_mkrusdc,C:\Users\o3-Pro\Documents\backtest_results\_builder_sessions\20260323_070700_strat_gie_de_trend_following_sur_mkrusdc\session_summary.json,C:\Users\o3-Pro\Documents\backtest_results\_builder_sessions\20260323_070700_strat_gie_de_trend_following_sur_mkrusdc,02496b32cff8429eeb16083e30a61a68a7d90ae4c30eef3dfe249a2f9386021e,57606,2026-03-23T07:07:00.963497,,failed,,MKRUSDC,1h,6,,0.0,-100.0,
942,20260323_071426_strat_gie_de_momentum_sur_berausdc_1h_in,C:\Users\o3-Pro\Documents\backtest_results\_builder_sessions\20260323_071426_strat_gie_de_momentum_sur_berausdc_1h_in\session_summary.json,C:\Users\o3-Pro\Documents\backtest_results\_builder_sessions\20260323_071426_strat_gie_de_momentum_sur_berausdc_1h_in,5ad6155790d64e7cfc861f0adad3663552d2a54e65b1eedfcd2c4c411a8653e2,47354,2026-03-23T07:14:26.874053,,running,,BERAUSDC,1h,5,,0.8529580794598456,-26.0,
943,20260323_071900_strat_gie_de_regime_adaptatif_sur_synusd,C:\Users\o3-Pro\Documents\backtest_results\_builder_sessions\20260323_071900_strat_gie_de_regime_adaptatif_sur_synusd\session_summary.json,C:\Users\o3-Pro\Documents\backtest_results\_builder_sessions\20260323_071900_strat_gie_de_regime_adaptatif_sur_synusd,c8823ff7c16595997d1f16337e8b89da1689f232a9cbad01286e29a41c00a082,42309,2026-03-23T07:19:00.859262,,running,,PNUTUSDC,4h,4,,1.0767018191162199,-100.0,
944,20260323_072802_strat_gie_de_multi_factor_sur_bchusdc_1h,C:\Users\o3-Pro\Documents\backtest_results\_builder_sessions\20260323_072802_strat_gie_de_multi_factor_sur_bchusdc_1h\session_summary.json,C:\Users\o3-Pro\Documents\backtest_results\_builder_sessions\20260323_072802_strat_gie_de_multi_factor_sur_bchusdc_1h,dee1447863fe2ad53b0f390da77d3ce41b9caa6f417b96ffa3c78a1110abf1cd,17507,2026-03-23T07:28:02.601279,,running,,BCHUSDC,1h,2,,0.0,-100.0,
945,20260323_073057_strat_gie_de_mean_reversion_sur_solusdc,C:\Users\o3-Pro\Documents\backtest_results\_builder_sessions\20260323_073057_strat_gie_de_mean_reversion_sur_solusdc\session_summary.json,C:\Users\o3-Pro\Documents\backtest_results\_builder_sessions\20260323_073057_strat_gie_de_mean_reversion_sur_solusdc,8cd28ed223db40f75604f7d168302405be7fca8591bb02ef88338f06de68b171,88842,2026-03-23T07:30:57.467619,,failed,,SOLUSDC,4h,9,,0.45184715933357805,-26.0,
946,20260323_074350_strat_gie_de_breakout_sur_taousdc_15m_in,C:\Users\o3-Pro\Documents\backtest_results\_builder_sessions\20260323_074350_strat_gie_de_breakout_sur_taousdc_15m_in\session_summary.json,C:\Users\o3-Pro\Documents\backtest_results\_builder_sessions\20260323_074350_strat_gie_de_breakout_sur_taousdc_15m_in,7e1e106389ac4f4b830d981652ac10a509b83e9bbfb1131134bb51f3139f0281,63182,2026-03-23T07:43:50.362702,,failed,,TAOUSDC,15m,6,,0.0,-100.0,
947,20260323_074815_strat_gie_de_scalping_sur_frontusdc_4h_i,C:\Users\o3-Pro\Documents\backtest_results\_builder_sessions\20260323_074815_strat_gie_de_scalping_sur_frontusdc_4h_i\session_summary.json,C:\Users\o3-Pro\Documents\backtest_results\_builder_sessions\20260323_074815_strat_gie_de_scalping_sur_frontusdc_4h_i,e2f4505fbff1cfe00f150da0a0dc7cf4063d61dbce653fd0f3dab4adb721e8e7,47172,2026-03-23T07:48:15.356971,,failed,,PNUTUSDC,4h,5,,1.0767018191162199,-100.0,
948,20260323_075330_strat_gie_de_multi_factor_sur_gunusdc_1h,C:\Users\o3-Pro\Documents\backtest_results\_builder_sessions\20260323_075330_strat_gie_de_multi_factor_sur_gunusdc_1h\session_summary.json,C:\Users\o3-Pro\Documents\backtest_results\_builder_sessions\20260323_075330_strat_gie_de_multi_factor_sur_gunusdc_1h,518590094c4865ebecc76226e1c43012dd0b3e3ec84340eae08dc1c453f63c41,58924,2026-03-23T07:53:30.825010,,running,,GUNUSDC,1h,6,,0.8863775518864977,-69.34754580539334,
949,20260323_080120_strat_gie_de_trend_following_sur_bananas,C:\Users\o3-Pro\Documents\backtest_results\_builder_sessions\20260323_080120_strat_gie_de_trend_following_sur_bananas\session_summary.json,C:\Users\o3-Pro\Documents\backtest_results\_builder_sessions\20260323_080120_strat_gie_de_trend_following_sur_bananas,4b13eb9c2b9e207aecdf24fbfc1ad28aba8aa5b0784e4a3925e4d101cfb3e481,37493,2026-03-23T08:01:20.805539,,success,,BANANAS31USDC,1h,4,,1.927307158786625,-100.0,
950,20260323_080534_strat_gie_sur_syrupusdc_1h_acheter_la_ru,C:\Users\o3-Pro\Documents\backtest_results\_builder_sessions\20260323_080534_strat_gie_sur_syrupusdc_1h_acheter_la_ru\session_summary.json,C:\Users\o3-Pro\Documents\backtest_results\_builder_sessions\20260323_080534_strat_gie_sur_syrupusdc_1h_acheter_la_ru,95365b5b525fd48d5c48e136e16cd4a2fc9bdee1fc66adc38d5c1c512bc64de7,26556,2026-03-23T08:05:34.738805,,running,,SYRUPUSDC,1h,3,,0.0,-92.32637353052655,
951,20260323_081024_strat_gie_sur_mubarakusdc_1h_acheter_au,C:\Users\o3-Pro\Documents\backtest_results\_builder_sessions\20260323_081024_strat_gie_sur_mubarakusdc_1h_acheter_au\session_summary.json,C:\Users\o3-Pro\Documents\backtest_results\_builder_sessions\20260323_081024_strat_gie_sur_mubarakusdc_1h_acheter_au,28f631fa3594e304a50ed2e638b6a37ca5de208784f50fe0bba6b716ff325467,35395,2026-03-23T08:10:24.841945,,running,,MUBARAKUSDC,1h,4,,0.8584336956796876,26.474953047200785,
952,20260323_081718_strat_gie_sur_morphousdc_1h_entrer_long,C:\Users\o3-Pro\Documents\backtest_results\_builder_sessions\20260323_081718_strat_gie_sur_morphousdc_1h_entrer_long\session_summary.json,C:\Users\o3-Pro\Documents\backtest_results\_builder_sessions\20260323_081718_strat_gie_sur_morphousdc_1h_entrer_long,fcab66b704f35781fe04447c44c73773bf559b841e6eab8ac15acf7372b84cb7,13235,2026-03-23T08:17:18.414673,,running,,MORPHOUSDC,1h,1,,-1.4574094429442193,-100.0,
953,20260323_082049_strat_gie_sur_usdeusdc_4h_acheter_au_cro,C:\Users\o3-Pro\Documents\backtest_results\_builder_sessions\20260323_082049_strat_gie_sur_usdeusdc_4h_acheter_au_cro\session_summary.json,C:\Users\o3-Pro\Documents\backtest_results\_builder_sessions\20260323_082049_strat_gie_sur_usdeusdc_4h_acheter_au_cro,788d2cf7843f139fedd9e68c404e47c35586ee85f69ec4fbbb90799083ff2db6,56164,2026-03-23T08:20:49.905495,,failed,,USDEUSDC,4h,6,,0.0,-94.21577414064738,
954,20260323_082716_strat_gie_de_regime_adaptatif_sur_frontu,C:\Users\o3-Pro\Documents\backtest_results\_builder_sessions\20260323_082716_strat_gie_de_regime_adaptatif_sur_frontu\session_summary.json,C:\Users\o3-Pro\Documents\backtest_results\_builder_sessions\20260323_082716_strat_gie_de_regime_adaptatif_sur_frontu,c6ed4f06ec0ebbf22698899406668c55e18d4a23c87e3edd639c425b2ab26d98,38954,2026-03-23T08:27:16.175860,,running,,PNUTUSDC,4h,4,,1.0767018191162199,-26.0,
955,20260323_083506_strat_gie_de_momentum_sur_cowusdc_1h_ind,C:\Users\o3-Pro\Documents\backtest_results\_builder_sessions\20260323_083506_strat_gie_de_momentum_sur_cowusdc_1h_ind\session_summary.json,C:\Users\o3-Pro\Documents\backtest_results\_builder_sessions\20260323_083506_strat_gie_de_momentum_sur_cowusdc_1h_ind,73b0b00755147fc38e914728b491c38c1ea253c9b05b37b2c25acd473951f963,17630,2026-03-23T08:35:06.478927,,running,,COWUSDC,1h,2,,0.3527725847495586,-11.379719542873342,
956,20260323_083858_strat_gie_de_mean_reversion_sur_algousdc,C:\Users\o3-Pro\Documents\backtest_results\_builder_sessions\20260323_083858_strat_gie_de_mean_reversion_sur_algousdc\session_summary.json,C:\Users\o3-Pro\Documents\backtest_results\_builder_sessions\20260323_083858_strat_gie_de_mean_reversion_sur_algousdc,2aed342c2982740d03fb6dc48097bb05c80c2d6dd5403726cfaa8d1b3f1d0ee7,60786,2026-03-23T08:38:58.232812,,failed,,ALGOUSDC,1h,6,,0.0,-50.0,
957,20260323_084608_strat_gie_de_breakout_sur_gunusdc_15m_in,C:\Users\o3-Pro\Documents\backtest_results\_builder_sessions\20260323_084608_strat_gie_de_breakout_sur_gunusdc_15m_in\session_summary.json,C:\Users\o3-Pro\Documents\backtest_results\_builder_sessions\20260323_084608_strat_gie_de_breakout_sur_gunusdc_15m_in,92b82810a17409671b2f145a0e0cddd1187c964b1adb2831744c7a4b1a60db68,10101,2026-03-23T08:46:08.844926,,running,,GUNUSDC,15m,1,,-20.0,-100.0,
958,20260323_084752_strat_gie_de_multi_factor_sur_vetusdc_1h,C:\Users\o3-Pro\Documents\backtest_results\_builder_sessions\20260323_084752_strat_gie_de_multi_factor_sur_vetusdc_1h\session_summary.json,C:\Users\o3-Pro\Documents\backtest_results\_builder_sessions\20260323_084752_strat_gie_de_multi_factor_sur_vetusdc_1h,53770665de497ab0f71fad3c2c23ffc7dc1cb724f60cf6a33e1e12d679044fd9,49815,2026-03-23T08:47:52.488203,,failed,,PNUTUSDC,4h,5,,1.0767018191162199,-100.0,
959,20260323_085448_strat_gie_de_trend_following_sur_kernelu,C:\Users\o3-Pro\Documents\backtest_results\_builder_sessions\20260323_085448_strat_gie_de_trend_following_sur_kernelu\session_summary.json,C:\Users\o3-Pro\Documents\backtest_results\_builder_sessions\20260323_085448_strat_gie_de_trend_following_sur_kernelu,10925135e2700bf14a39720fe9774d4da88c8f0530247773810aefe9a921d122,91906,2026-03-23T08:54:48.955299,,failed,,KERNELUSDC,1h,9,,0.41880076875006206,-6.2231733463883785,
960,20260323_090708_strat_gie_de_scalping_sur_omusdc_5m_indi,C:\Users\o3-Pro\Documents\backtest_results\_builder_sessions\20260323_090708_strat_gie_de_scalping_sur_omusdc_5m_indi\session_summary.json,C:\Users\o3-Pro\Documents\backtest_results\_builder_sessions\20260323_090708_strat_gie_de_scalping_sur_omusdc_5m_indi,f69b0cca2899d46c3db2b3a082ebdbd1b88c55cb08908ec55fcf65483fb83241,59564,2026-03-23T09:07:08.940889,,failed,,OMUSDC,5m,6,,0.0,-100.0,
961,20260323_091436_strat_gie_de_mean_reversion_sur_metusdc,C:\Users\o3-Pro\Documents\backtest_results\_builder_sessions\20260323_091436_strat_gie_de_mean_reversion_sur_metusdc\session_summary.json,C:\Users\o3-Pro\Documents\backtest_results\_builder_sessions\20260323_091436_strat_gie_de_mean_reversion_sur_metusdc,a0f3317f96124cd6ca17816ce776836a10a53f87bfe73a46bc39eb38e57e681d,54533,2026-03-23T09:14:36.133031,,failed,,METUSDC,1h,6,,0.0,-26.0,
962,20260323_092019_strat_gie_de_multi_factor_sur_babyusdc_1,C:\Users\o3-Pro\Documents\backtest_results\_builder_sessions\20260323_092019_strat_gie_de_multi_factor_sur_babyusdc_1\session_summary.json,C:\Users\o3-Pro\Documents\backtest_results\_builder_sessions\20260323_092019_strat_gie_de_multi_factor_sur_babyusdc_1,b3c31222ee3c99f302d6738b504d0e203361dbdacf3480acadd096f85c600824,78253,2026-03-23T09:20:19.574955,,failed,,PNUTUSDC,4h,8,,1.0767018191162199,-100.0,
963,20260323_092711_strat_gie_de_momentum_sur_solvusdc_1h_in,C:\Users\o3-Pro\Documents\backtest_results\_builder_sessions\20260323_092711_strat_gie_de_momentum_sur_solvusdc_1h_in\session_summary.json,C:\Users\o3-Pro\Documents\backtest_results\_builder_sessions\20260323_092711_strat_gie_de_momentum_sur_solvusdc_1h_in,262e105785030f9c8b1cd4dd4a31349121c9af2c3b5c02eab4da1a0536994a7b,82673,2026-03-23T09:27:11.928070,,max_iterations,,SOLVUSDC,1h,10,,0.5368216681289635,8.252966075396781,
964,20260323_093157_strat_gie_sur_arusdc_30m_entrer_long_qua,C:\Users\o3-Pro\Documents\backtest_results\_builder_sessions\20260323_093157_strat_gie_sur_arusdc_30m_entrer_long_qua\session_summary.json,C:\Users\o3-Pro\Documents\backtest_results\_builder_sessions\20260323_093157_strat_gie_sur_arusdc_30m_entrer_long_qua,203ebcac6f25e846d4da174e7449938c6957989d1a74b810e343a46d6e3a9e32,58346,2026-03-23T09:31:57.389056,,failed,,ARUSDC,30m,6,,0.0,-100.0,
965,20260323_093746_strat_gie_sur_penguusdc_15m_acheter_sur,C:\Users\o3-Pro\Documents\backtest_results\_builder_sessions\20260323_093746_strat_gie_sur_penguusdc_15m_acheter_sur\session_summary.json,C:\Users\o3-Pro\Documents\backtest_results\_builder_sessions\20260323_093746_strat_gie_sur_penguusdc_15m_acheter_sur,7be5b3b15775c37b2fde36b7af9bc10aba6ebdc517406297be44f4268946c44f,66727,2026-03-23T09:37:46.501472,,failed,,PENGUUSDC,15m,6,,0.0,-100.0,
966,20260323_094617_strat_gie_sur_chzusdc_4h_acheter_au_croi,C:\Users\o3-Pro\Documents\backtest_results\_builder_sessions\20260323_094617_strat_gie_sur_chzusdc_4h_acheter_au_croi\session_summary.json,C:\Users\o3-Pro\Documents\backtest_results\_builder_sessions\20260323_094617_strat_gie_sur_chzusdc_4h_acheter_au_croi,526b7da3158e9a4c46cd78863d9ccdf84ddf06bdbcbe3fdb6d35a823011a8f82,53084,2026-03-23T09:46:17.995372,,failed,,CHZUSDC,4h,6,,0.30185289183376623,-100.0,
967,20260323_095214_strat_gie_de_scalping_sur_pendleusdc_1d,C:\Users\o3-Pro\Documents\backtest_results\_builder_sessions\20260323_095214_strat_gie_de_scalping_sur_pendleusdc_1d\session_summary.json,C:\Users\o3-Pro\Documents\backtest_results\_builder_sessions\20260323_095214_strat_gie_de_scalping_sur_pendleusdc_1d,ebbf7e220b3deeac0e9547b19fa9d667d0f8209c9dd0ca1b5f7f2b28d244b1e6,49304,2026-03-23T09:52:14.512137,,failed,,PNUTUSDC,4h,5,,1.0767018191162199,-100.0,
968,20260323_095809_strat_gie_de_regime_adaptatif_sur_crvusd,C:\Users\o3-Pro\Documents\backtest_results\_builder_sessions\20260323_095809_strat_gie_de_regime_adaptatif_sur_crvusd\session_summary.json,C:\Users\o3-Pro\Documents\backtest_results\_builder_sessions\20260323_095809_strat_gie_de_regime_adaptatif_sur_crvusd,b4f14a26397c6fa237340b2ccaf4d1ca101c8ab07b1428494200aa71b07550d3,55731,2026-03-23T09:58:09.251224,,failed,,CRVUSDC,4h,6,,0.506625415466709,-100.0,
969,20260323_100356_strat_gie_de_trend_following_sur_bankusd,C:\Users\o3-Pro\Documents\backtest_results\_builder_sessions\20260323_100356_strat_gie_de_trend_following_sur_bankusd\session_summary.json,C:\Users\o3-Pro\Documents\backtest_results\_builder_sessions\20260323_100356_strat_gie_de_trend_following_sur_bankusd,98fff931abdb2970bec163ac45e5359ab3b4b43aaf8c588ed8f8c629855330e0,82779,2026-03-23T10:03:56.214792,,max_iterations,,BANKUSDC,4h,10,,0.8840380418460877,-26.0,
970,20260323_101504_acheter_sur_divergence_bollinger_aroon_v,C:\Users\o3-Pro\Documents\backtest_results\_builder_sessions\20260323_101504_acheter_sur_divergence_bollinger_aroon_v\session_summary.json,C:\Users\o3-Pro\Documents\backtest_results\_builder_sessions\20260323_101504_acheter_sur_divergence_bollinger_aroon_v,d31ceddc0b5303d80fc4886c7fda197cc37c07bacb695078a28a8ddb7ffb5486,28292,2026-03-23T10:15:04.321869,,running,,COWUSDC,1h,4,,0.3527725847495586,-11.379719542873342,
971,20260323_102002_strat_gie_sur_morphousdc_1h_acheter_sur,C:\Users\o3-Pro\Documents\backtest_results\_builder_sessions\20260323_102002_strat_gie_sur_morphousdc_1h_acheter_sur\session_summary.json,C:\Users\o3-Pro\Documents\backtest_results\_builder_sessions\20260323_102002_strat_gie_sur_morphousdc_1h_acheter_sur,9d33fd9e428f26ab5b86b8286e01c6962419b8475253ff03bcf4ec72d776f4a8,49985,2026-03-23T10:20:02.184455,,running,,MORPHOUSDC,1h,5,,0.0,-100.0,
972,20260323_102536_strat_gie_sur_tonusdc_30m_acheter_au_cro,C:\Users\o3-Pro\Documents\backtest_results\_builder_sessions\20260323_102536_strat_gie_sur_tonusdc_30m_acheter_au_cro\session_summary.json,C:\Users\o3-Pro\Documents\backtest_results\_builder_sessions\20260323_102536_strat_gie_sur_tonusdc_30m_acheter_au_cro,df5dceeb70f942308cd7816bc376807ba094c6b230dc6549555b322fb257a23e,55327,2026-03-23T10:25:36.144581,,failed,,TONUSDC,30m,6,,0.0,-100.0,
973,20260323_103159_strat_gie_sur_atomusdc_1h_acheter_lors_d,C:\Users\o3-Pro\Documents\backtest_results\_builder_sessions\20260323_103159_strat_gie_sur_atomusdc_1h_acheter_lors_d\session_summary.json,C:\Users\o3-Pro\Documents\backtest_results\_builder_sessions\20260323_103159_strat_gie_sur_atomusdc_1h_acheter_lors_d,29a9758327d4da0c04fd6b132a2a982c4a6eed8a1f24694af9aac0280098cccc,54218,2026-03-23T10:31:59.671650,,running,,ATOMUSDC,1h,5,,0.0,-100.0,
974,20260323_103903_strat_gie_de_mean_reversion_sur_formusdc,C:\Users\o3-Pro\Documents\backtest_results\_builder_sessions\20260323_103903_strat_gie_de_mean_reversion_sur_formusdc\session_summary.json,C:\Users\o3-Pro\Documents\backtest_results\_builder_sessions\20260323_103903_strat_gie_de_mean_reversion_sur_formusdc,0d45a506a94f0ffceeb7606ed260ae80f31f5ccfc29667644f0758732faa08d3,83301,2026-03-23T10:39:03.852351,,running,,PNUTUSDC,4h,8,,1.0767018191162199,-26.0,
975,20260323_104545_strat_gie_de_multi_factor_sur_solvusdc_1,C:\Users\o3-Pro\Documents\backtest_results\_builder_sessions\20260323_104545_strat_gie_de_multi_factor_sur_solvusdc_1\session_summary.json,C:\Users\o3-Pro\Documents\backtest_results\_builder_sessions\20260323_104545_strat_gie_de_multi_factor_sur_solvusdc_1,05d41fc61892f8d32ed86cdf7cb809c6297ce6065eaad20b98b199e117cebf3b,87224,2026-03-23T10:45:45.110049,,max_iterations,,SOLVUSDC,1h,10,,0.5368216681289635,8.252966075396781,
976,20260323_104941_strat_gie_sur_plumeusdc_30m_acheter_sur,C:\Users\o3-Pro\Documents\backtest_results\_builder_sessions\20260323_104941_strat_gie_sur_plumeusdc_30m_acheter_sur\session_summary.json,C:\Users\o3-Pro\Documents\backtest_results\_builder_sessions\20260323_104941_strat_gie_sur_plumeusdc_30m_acheter_sur,1f1fcc704b4da8ddaf84924702fbb48a66aeb8ce9be9d49af748abfa5875808b,31779,2026-03-23T10:49:41.553915,,running,,PLUMEUSDC,30m,3,,0.0,-100.0,
977,20260323_105335_strat_gie_sur_btcusdc_1h_acheter_sur_rsi,C:\Users\o3-Pro\Documents\backtest_results\_builder_sessions\20260323_105335_strat_gie_sur_btcusdc_1h_acheter_sur_rsi\session_summary.json,C:\Users\o3-Pro\Documents\backtest_results\_builder_sessions\20260323_105335_strat_gie_sur_btcusdc_1h_acheter_sur_rsi,6ed6a750655fc471536317c090175530b2ce632950cfea0bd5c536160a37720f,49741,2026-03-23T10:53:35.163656,,running,,BTCUSDC,1h,5,,0.0,-100.0,
978,20260323_110121_strat_gie_sur_humausdc_4h_acheter_lors_d,C:\Users\o3-Pro\Documents\backtest_results\_builder_sessions\20260323_110121_strat_gie_sur_humausdc_4h_acheter_lors_d\session_summary.json,C:\Users\o3-Pro\Documents\backtest_results\_builder_sessions\20260323_110121_strat_gie_sur_humausdc_4h_acheter_lors_d,553e9c30c21c48d0544c77620005087aa54b295d8bfbb392404f64cffa2cb325,60361,2026-03-23T11:01:21.783118,,failed,,HUMAUSDC,4h,6,,0.32453839650033056,-100.0,
979,20260323_110743_strat_gie_sur_ethusdc_1h_entrer_lorsque,C:\Users\o3-Pro\Documents\backtest_results\_builder_sessions\20260323_110743_strat_gie_sur_ethusdc_1h_entrer_lorsque\session_summary.json,C:\Users\o3-Pro\Documents\backtest_results\_builder_sessions\20260323_110743_strat_gie_sur_ethusdc_1h_entrer_lorsque,fb5d683554b72261680602b5d92cea2068d22ba0904759e3fc2498aa843326df,51209,2026-03-23T11:07:43.378047,,failed,,ETHUSDC,1h,6,,0.0,-26.0,
980,20260323_111546_strat_gie_de_regime_adaptatif_sur_nearus,C:\Users\o3-Pro\Documents\backtest_results\_builder_sessions\20260323_111546_strat_gie_de_regime_adaptatif_sur_nearus\session_summary.json,C:\Users\o3-Pro\Documents\backtest_results\_builder_sessions\20260323_111546_strat_gie_de_regime_adaptatif_sur_nearus,b7e3c6e5d824a1029bf5b2b252b2ea2dfa534d852f5718fee3e3cb193f7ffdd0,78032,2026-03-23T11:15:46.234172,,running,,PNUTUSDC,4h,7,,1.0767018191162199,-100.0,
981,20260323_112601_strat_gie_de_momentum_sur_omniusdc_1h_in,C:\Users\o3-Pro\Documents\backtest_results\_builder_sessions\20260323_112601_strat_gie_de_momentum_sur_omniusdc_1h_in\session_summary.json,C:\Users\o3-Pro\Documents\backtest_results\_builder_sessions\20260323_112601_strat_gie_de_momentum_sur_omniusdc_1h_in,d1ec5100aeffcded24fc332f81d309975feedb423be62885955f7e3e438cc9db,63081,2026-03-23T11:26:01.284657,,failed,,OMNIUSDC,1h,6,,0.0,-100.0,
982,20260323_113121_strat_gie_de_breakout_sur_cowusdc_1h_ind,C:\Users\o3-Pro\Documents\backtest_results\_builder_sessions\20260323_113121_strat_gie_de_breakout_sur_cowusdc_1h_ind\session_summary.json,C:\Users\o3-Pro\Documents\backtest_results\_builder_sessions\20260323_113121_strat_gie_de_breakout_sur_cowusdc_1h_ind,244c6fe0e459a4c0c68c0e70529b2ba55fbd618d07372d8915e74ce9bf30de21,93915,2026-03-23T11:31:21.927392,,failed,,COWUSDC,1h,10,,0.3527725847495586,-11.379719542873342,
983,20260323_114238_strat_gie_de_scalping_sur_atusdc_1h_indi,C:\Users\o3-Pro\Documents\backtest_results\_builder_sessions\20260323_114238_strat_gie_de_scalping_sur_atusdc_1h_indi\session_summary.json,C:\Users\o3-Pro\Documents\backtest_results\_builder_sessions\20260323_114238_strat_gie_de_scalping_sur_atusdc_1h_indi,c02177e591e924ea450f049c99b2637b81a9ee2ad518720a273ffa3f4473ec4e,10409,2026-03-23T11:42:38.089441,,success,,ATUSDC,1h,1,,1.0954792740459451,58.30072916718802,
984,20260323_114346_strat_gie_sur_zkcusdc_4h_acheter_sur_la,C:\Users\o3-Pro\Documents\backtest_results\_builder_sessions\20260323_114346_strat_gie_sur_zkcusdc_4h_acheter_sur_la\session_summary.json,C:\Users\o3-Pro\Documents\backtest_results\_builder_sessions\20260323_114346_strat_gie_sur_zkcusdc_4h_acheter_sur_la,c4abe4fdcb9092f35557a1ffa8d6a64dc7e0af3220bafa3d91d743f2e4ae7286,39726,2026-03-23T11:43:46.146107,,success,,ZKCUSDC,4h,4,,2.204971585537932,-94.46779438485233,
985,20260323_114828_strat_gie_sur_formusdc_1h_acheter_sur_la,C:\Users\o3-Pro\Documents\backtest_results\_builder_sessions\20260323_114828_strat_gie_sur_formusdc_1h_acheter_sur_la\session_summary.json,C:\Users\o3-Pro\Documents\backtest_results\_builder_sessions\20260323_114828_strat_gie_sur_formusdc_1h_acheter_sur_la,1ded07062892bbd5200799212206b873814e1eefb5f11fa0a6a1e298731ffde6,54848,2026-03-23T11:48:28.448280,,failed,,FORMUSDC,1h,6,,0.0,-100.0,
986,20260323_115710_strat_gie_sur_orcausdc_1h_acheter_sur_di,C:\Users\o3-Pro\Documents\backtest_results\_builder_sessions\20260323_115710_strat_gie_sur_orcausdc_1h_acheter_sur_di\session_summary.json,C:\Users\o3-Pro\Documents\backtest_results\_builder_sessions\20260323_115710_strat_gie_sur_orcausdc_1h_acheter_sur_di,368e1881a8eeb25ec7d6cd934e03256878f185611620eeada1889856406cc73e,60542,2026-03-23T11:57:10.505436,,failed,,ORCAUSDC,1h,6,,0.0,-50.0,
987,20260323_120443_strat_gie_sur_epicusdc_4h_acheter_sur_di,C:\Users\o3-Pro\Documents\backtest_results\_builder_sessions\20260323_120443_strat_gie_sur_epicusdc_4h_acheter_sur_di\session_summary.json,C:\Users\o3-Pro\Documents\backtest_results\_builder_sessions\20260323_120443_strat_gie_sur_epicusdc_4h_acheter_sur_di,0902659b363a41e1815a3fd84efc42e176c5363d1960dade1ff69e7534268058,92632,2026-03-23T12:04:43.343650,,failed,,EPICUSDC,4h,9,,0.8312669497974541,-100.0,
988,20260323_121619_strat_gie_sur_morphousdc_1h_acheter_en_c,C:\Users\o3-Pro\Documents\backtest_results\_builder_sessions\20260323_121619_strat_gie_sur_morphousdc_1h_acheter_en_c\session_summary.json,C:\Users\o3-Pro\Documents\backtest_results\_builder_sessions\20260323_121619_strat_gie_sur_morphousdc_1h_acheter_en_c,f03ec17045f9dc675f6a5e2683e6adbef9c3dc6b15b9d8c58e0044f36e481687,61983,2026-03-23T12:16:19.454905,,failed,,MORPHOUSDC,1h,6,,0.0,-100.0,
989,20260323_122042_strat_gie_de_regime_adaptatif_sur_omusdc,C:\Users\o3-Pro\Documents\backtest_results\_builder_sessions\20260323_122042_strat_gie_de_regime_adaptatif_sur_omusdc\session_summary.json,C:\Users\o3-Pro\Documents\backtest_results\_builder_sessions\20260323_122042_strat_gie_de_regime_adaptatif_sur_omusdc,daa4f7fdd98971802f239d6d50bb5ab630f9252f7612ddb283436bd6a5751499,97285,2026-03-23T12:20:42.696533,,failed,,OMUSDC,4h,9,,0.652426847348962,-50.0,
990,20260323_123148_strat_gie_de_breakout_sur_zbtusdc_1h_ind,C:\Users\o3-Pro\Documents\backtest_results\_builder_sessions\20260323_123148_strat_gie_de_breakout_sur_zbtusdc_1h_ind\session_summary.json,C:\Users\o3-Pro\Documents\backtest_results\_builder_sessions\20260323_123148_strat_gie_de_breakout_sur_zbtusdc_1h_ind,287d32ba05f1979ee7d2cec4d47077dc71e194f31b517d0cea472f8e804ee28f,10419,2026-03-23T12:31:48.736079,,success,,ZBTUSDC,1h,1,,2.763050416006879,100.0,
991,20260323_123333_strat_gie_sur_dotusdc_1d_acheter_sur_div,C:\Users\o3-Pro\Documents\backtest_results\_builder_sessions\20260323_123333_strat_gie_sur_dotusdc_1d_acheter_sur_div\session_summary.json,C:\Users\o3-Pro\Documents\backtest_results\_builder_sessions\20260323_123333_strat_gie_sur_dotusdc_1d_acheter_sur_div,52f8320e68825cae64b3ce77f32364b58843c5b0e127b49026edf7aeb625b422,56381,2026-03-23T12:33:33.786819,,failed,,DOTUSDC,1d,6,,0.07956188726411256,-100.0,
992,20260323_124126_strat_gie_sur_bananas31usdc_1d_acheter_e,C:\Users\o3-Pro\Documents\backtest_results\_builder_sessions\20260323_124126_strat_gie_sur_bananas31usdc_1d_acheter_e\session_summary.json,C:\Users\o3-Pro\Documents\backtest_results\_builder_sessions\20260323_124126_strat_gie_sur_bananas31usdc_1d_acheter_e,82d773f5ce7e3ad12a13339247dea9cb5110cb3cf4dbfc4562ce2656e94940d5,41265,2026-03-23T12:41:26.406403,,running,,BANANAS31USDC,1d,4,,1.2214314975765352,-100.0,
993,20260323_124529_strat_gie_sur_nearusdc_1h_entrer_sur_bre,C:\Users\o3-Pro\Documents\backtest_results\_builder_sessions\20260323_124529_strat_gie_sur_nearusdc_1h_entrer_sur_bre\session_summary.json,C:\Users\o3-Pro\Documents\backtest_results\_builder_sessions\20260323_124529_strat_gie_sur_nearusdc_1h_entrer_sur_bre,1cbf56f2c4e606214e71b11fc9d624bdbbe0c371948d947e8655fda9942cea39,90438,2026-03-23T12:45:29.892530,,failed,,NEARUSDC,1h,9,,0.473367083124326,-26.0,
994,20260323_125521_strat_gie_sur_shibusdc_3m_acheter_sur_le,C:\Users\o3-Pro\Documents\backtest_results\_builder_sessions\20260323_125521_strat_gie_sur_shibusdc_3m_acheter_sur_le\session_summary.json,C:\Users\o3-Pro\Documents\backtest_results\_builder_sessions\20260323_125521_strat_gie_sur_shibusdc_3m_acheter_sur_le,46a669de2209a62e2db74554d676650f4ec72d807e4d8f55a81906596226e0ee,54998,2026-03-23T12:55:21.358487,,failed,,SHIBUSDC,3m,6,,0.0,-100.0,
995,20260323_130234_strat_gie_de_scalping_sur_penguusdc_15m,C:\Users\o3-Pro\Documents\backtest_results\_builder_sessions\20260323_130234_strat_gie_de_scalping_sur_penguusdc_15m\session_summary.json,C:\Users\o3-Pro\Documents\backtest_results\_builder_sessions\20260323_130234_strat_gie_de_scalping_sur_penguusdc_15m,d4b5074f0daa7bd7f858774095cea3c3d552c3af51fcff667747a7469a796186,58317,2026-03-23T13:02:34.992901,,failed,,PENGUUSDC,15m,6,,0.0,-26.0,
996,20260323_130741_strat_gie_de_mean_reversion_sur_dogeusdc,C:\Users\o3-Pro\Documents\backtest_results\_builder_sessions\20260323_130741_strat_gie_de_mean_reversion_sur_dogeusdc\session_summary.json,C:\Users\o3-Pro\Documents\backtest_results\_builder_sessions\20260323_130741_strat_gie_de_mean_reversion_sur_dogeusdc,356e2e751c3005d3090f7f6ade72997d8c7c563216a52dd0e25ea2a3a3505b00,51416,2026-03-23T13:07:41.922997,,failed,,DOGEUSDC,4h,6,,0.0,-26.0,
997,20260323_131641_strat_gie_de_multi_factor_sur_galausdc_1,C:\Users\o3-Pro\Documents\backtest_results\_builder_sessions\20260323_131641_strat_gie_de_multi_factor_sur_galausdc_1\session_summary.json,C:\Users\o3-Pro\Documents\backtest_results\_builder_sessions\20260323_131641_strat_gie_de_multi_factor_sur_galausdc_1,f387bb321f83b4153ecd3d6fc582bc7783578ea492a5b73b59ceb10abdf5cf21,25549,2026-03-23T13:16:41.698514,,running,,GALAUSDC,1d,2,,0.19317802707490886,-79.08518468002457,
998,20260323_132106_strat_gie_de_breakout_sur_trumpusdc_1h_i,C:\Users\o3-Pro\Documents\backtest_results\_builder_sessions\20260323_132106_strat_gie_de_breakout_sur_trumpusdc_1h_i\session_summary.json,C:\Users\o3-Pro\Documents\backtest_results\_builder_sessions\20260323_132106_strat_gie_de_breakout_sur_trumpusdc_1h_i,b392a5660e19dfba51e1d40382433781f0e913e2adae3544f1cf808724f25686,36927,2026-03-23T13:21:06.385743,,success,,TRUMPUSDC,1h,4,,1.2422036842527515,-100.0,
999,20260323_132605_strat_gie_sur_biousdc_1d_acheter_au_rebo,C:\Users\o3-Pro\Documents\backtest_results\_builder_sessions\20260323_132605_strat_gie_sur_biousdc_1d_acheter_au_rebo\session_summary.json,C:\Users\o3-Pro\Documents\backtest_results\_builder_sessions\20260323_132605_strat_gie_sur_biousdc_1d_acheter_au_rebo,3e6baff2f1cc42648a7cbbc398af2dbae780e7c879571aa3e54370f8225b1bf6,42551,2026-03-23T13:26:05.377765,,running,,BIOUSDC,1d,4,,0.0,-100.0,
1000,20260323_133144_strat_gie_sur_ethusdc_1d_acheter_en_dive,C:\Users\o3-Pro\Documents\backtest_results\_builder_sessions\20260323_133144_strat_gie_sur_ethusdc_1d_acheter_en_dive\session_summary.json,C:\Users\o3-Pro\Documents\backtest_results\_builder_sessions\20260323_133144_strat_gie_sur_ethusdc_1d_acheter_en_dive,e0ca2731f2ee36ee90fffe50339de0de5553f6d32e87f1ee3f31774e035e549b,100045,2026-03-23T13:31:44.881229,,max_iterations,,ETHUSDC,1d,10,,0.31081112984641285,-26.009961914707922,
1001,20260323_134251_entrer_long_sur_taousdc_dans_1d_quand_le,C:\Users\o3-Pro\Documents\backtest_results\_builder_sessions\20260323_134251_entrer_long_sur_taousdc_dans_1d_quand_le\session_summary.json,C:\Users\o3-Pro\Documents\backtest_results\_builder_sessions\20260323_134251_entrer_long_sur_taousdc_dans_1d_quand_le,18caa6f423a74a45bc1426938c0fa609b892b4d91a0d9fa814bde9f6363d7708,59782,2026-03-23T13:42:51.378538,,running,,TAOUSDC,1d,6,,0.6855909106495924,-50.0,
1002,20260323_134922_strat_gie_sur_zbtusdc_1h_acheter_la_rupt,C:\Users\o3-Pro\Documents\backtest_results\_builder_sessions\20260323_134922_strat_gie_sur_zbtusdc_1h_acheter_la_rupt\session_summary.json,C:\Users\o3-Pro\Documents\backtest_results\_builder_sessions\20260323_134922_strat_gie_sur_zbtusdc_1h_acheter_la_rupt,1049df2afb7c58111110991abc3063ad1dfcf4c995cc54f4722af2b196f2bd9e,84973,2026-03-23T13:49:22.911122,,max_iterations,,ZBTUSDC,1h,10,,0.9542742137780807,54.57197017439847,
1003,20260323_135200_strat_gie_sur_pendleusdc_1h_acheter_sur,C:\Users\o3-Pro\Documents\backtest_results\_builder_sessions\20260323_135200_strat_gie_sur_pendleusdc_1h_acheter_sur\session_summary.json,C:\Users\o3-Pro\Documents\backtest_results\_builder_sessions\20260323_135200_strat_gie_sur_pendleusdc_1h_acheter_sur,9c08cc7dc752e7ea53c354ee718de7e800348f6288a2ef5c09493151f1eeaea1,62560,2026-03-23T13:52:00.293246,,failed,,PENDLEUSDC,1h,6,,0.0,-100.0,
1004,20260323_135857_strat_gie_sur_rndrusdc_4h_entrer_long_qu,C:\Users\o3-Pro\Documents\backtest_results\_builder_sessions\20260323_135857_strat_gie_sur_rndrusdc_4h_entrer_long_qu\session_summary.json,C:\Users\o3-Pro\Documents\backtest_results\_builder_sessions\20260323_135857_strat_gie_sur_rndrusdc_4h_entrer_long_qu,dfa97ab1fe7fab27d2747fad0c5b1f433e351b4f1d8873e59cb61cbb422fc674,82259,2026-03-23T13:58:57.180911,,max_iterations,,RNDRUSDC,4h,10,,0.6101440984058473,29.797005926098997,
1005,20260323_140152_strat_gie_sur_memeusdc_1h_entrer_sur_bre,C:\Users\o3-Pro\Documents\backtest_results\_builder_sessions\20260323_140152_strat_gie_sur_memeusdc_1h_entrer_sur_bre\session_summary.json,C:\Users\o3-Pro\Documents\backtest_results\_builder_sessions\20260323_140152_strat_gie_sur_memeusdc_1h_entrer_sur_bre,94a30308e6de692478f616c709678810c039c933c924c1a4a714eb1814fc1fca,58501,2026-03-23T14:01:52.267347,,failed,,MEMEUSDC,1h,6,,0.4532852147517095,-65.02155435658004,
1006,20260323_140910_strat_gie_sur_orcausdc_1h_acheter_sur_di,C:\Users\o3-Pro\Documents\backtest_results\_builder_sessions\20260323_140910_strat_gie_sur_orcausdc_1h_acheter_sur_di\session_summary.json,C:\Users\o3-Pro\Documents\backtest_results\_builder_sessions\20260323_140910_strat_gie_sur_orcausdc_1h_acheter_sur_di,2573e95870c0bf9e4038bf0cdee5d10e64eed6bbcd057b1a62f2bb0715041c5d,57419,2026-03-23T14:09:10.918891,,failed,,ORCAUSDC,1h,6,,0.0,-100.0,
1007,20260323_141511_strat_gie_sur_ybusdc_4h_acheter_au_dessu,C:\Users\o3-Pro\Documents\backtest_results\_builder_sessions\20260323_141511_strat_gie_sur_ybusdc_4h_acheter_au_dessu\session_summary.json,C:\Users\o3-Pro\Documents\backtest_results\_builder_sessions\20260323_141511_strat_gie_sur_ybusdc_4h_acheter_au_dessu,6d76eb44588a119fd4f2b81b9a15d6775fb92ac4ffbe38525494881c350c3855,87290,2026-03-23T14:15:11.362343,,failed,,YBUSDC,4h,9,,1.8133284566915369,-67.55739540725602,
1008,20260323_142222_strat_gie_de_momentum_sur_zecusdc_4h_ind,C:\Users\o3-Pro\Documents\backtest_results\_builder_sessions\20260323_142222_strat_gie_de_momentum_sur_zecusdc_4h_ind\session_summary.json,C:\Users\o3-Pro\Documents\backtest_results\_builder_sessions\20260323_142222_strat_gie_de_momentum_sur_zecusdc_4h_ind,ad0e526283a6fa4c5cae74c6ba1b4a16cc9c4ce80764b92b7d15b20f43cf643c,19363,2026-03-23T14:22:22.690796,,running,,ZECUSDC,4h,2,,0.31783560433777525,-26.0,
1009,20260323_142503_strat_gie_de_regime_adaptatif_sur_babyus,C:\Users\o3-Pro\Documents\backtest_results\_builder_sessions\20260323_142503_strat_gie_de_regime_adaptatif_sur_babyus\session_summary.json,C:\Users\o3-Pro\Documents\backtest_results\_builder_sessions\20260323_142503_strat_gie_de_regime_adaptatif_sur_babyus,c3b14c278067b16e2ac3ef2f9d43e798f633f8213738c4d5f387665e5d9f7f3a,61478,2026-03-23T14:25:03.782305,,failed,,BABYUSDC,5m,6,,0.0,-100.0,
1010,20260323_143142_strat_gie_de_trend_following_sur_suiusdc,C:\Users\o3-Pro\Documents\backtest_results\_builder_sessions\20260323_143142_strat_gie_de_trend_following_sur_suiusdc\session_summary.json,C:\Users\o3-Pro\Documents\backtest_results\_builder_sessions\20260323_143142_strat_gie_de_trend_following_sur_suiusdc,cf056c1cd2ff20bd581a109260ec6f8e258de4957e5027706971d24b3e12b71b,83295,2026-03-23T14:31:42.543835,,max_iterations,,SUIUSDC,4h,10,,0.5948536510865661,74.90640759902168,
1011,20260323_143621_strat_gie_sur_sklusdc_1h_acheter_sur_les,C:\Users\o3-Pro\Documents\backtest_results\_builder_sessions\20260323_143621_strat_gie_sur_sklusdc_1h_acheter_sur_les\session_summary.json,C:\Users\o3-Pro\Documents\backtest_results\_builder_sessions\20260323_143621_strat_gie_sur_sklusdc_1h_acheter_sur_les,5b9c70467442d34254d8cc172c678fbbebc78214f2c75c0fa6c45021ee143a42,42668,2026-03-23T14:36:21.186399,,running,,SKLUSDC,1h,4,,0.40683092063285053,-5.586331304808372,
1012,20260323_144103_strat_gie_sur_frontusdc_1h_acheter_sur_l,C:\Users\o3-Pro\Documents\backtest_results\_builder_sessions\20260323_144103_strat_gie_sur_frontusdc_1h_acheter_sur_l\session_summary.json,C:\Users\o3-Pro\Documents\backtest_results\_builder_sessions\20260323_144103_strat_gie_sur_frontusdc_1h_acheter_sur_l,0e0afd74a05e49fb10813c90dba186f58eff66a3c962665d70a072551c0dc23c,12959,2026-03-23T14:41:03.047425,,success,,FRONTUSDC,1h,1,,1.681206930675908,100.0,
1013,20260323_144236_strat_gie_sur_stxusdc_1h_acheter_au_rebo,C:\Users\o3-Pro\Documents\backtest_results\_builder_sessions\20260323_144236_strat_gie_sur_stxusdc_1h_acheter_au_rebo\session_summary.json,C:\Users\o3-Pro\Documents\backtest_results\_builder_sessions\20260323_144236_strat_gie_sur_stxusdc_1h_acheter_au_rebo,a84f4533002ddc97a99e9acdac5353bfd38bd7c55c23766204e923720413ff4b,61534,2026-03-23T14:42:36.193427,,failed,,STXUSDC,1h,6,,0.0,-100.0,
1014,20260323_144755_strat_gie_sur_omusdc_4h_acheter_sur_dive,C:\Users\o3-Pro\Documents\backtest_results\_builder_sessions\20260323_144755_strat_gie_sur_omusdc_4h_acheter_sur_dive\session_summary.json,C:\Users\o3-Pro\Documents\backtest_results\_builder_sessions\20260323_144755_strat_gie_sur_omusdc_4h_acheter_sur_dive,939e573b24c66029174b7a333cfc13ba39c17e7de7d7de24e32c7548718f372d,96513,2026-03-23T14:47:55.702319,,failed,,OMUSDC,4h,9,,0.652426847348962,-50.0,
1015,20260323_145653_strat_gie_sur_cakeusdc_1d_acheter_sur_le,C:\Users\o3-Pro\Documents\backtest_results\_builder_sessions\20260323_145653_strat_gie_sur_cakeusdc_1d_acheter_sur_le\session_summary.json,C:\Users\o3-Pro\Documents\backtest_results\_builder_sessions\20260323_145653_strat_gie_sur_cakeusdc_1d_acheter_sur_le,a92304173eab7edd85b3ec7c7fd7e63c14910e30d35dafb443141f162c7d95a6,58781,2026-03-23T14:56:53.219167,,failed,,CAKEUSDC,1d,6,,0.2751493422588603,-100.0,
1016,20260323_150446_strat_gie_sur_formusdc_3m_entrer_sur_sur,C:\Users\o3-Pro\Documents\backtest_results\_builder_sessions\20260323_150446_strat_gie_sur_formusdc_3m_entrer_sur_sur\session_summary.json,C:\Users\o3-Pro\Documents\backtest_results\_builder_sessions\20260323_150446_strat_gie_sur_formusdc_3m_entrer_sur_sur,ab76f6f97b841645db7d9cf0d3a91af23cecd8ee6da1e1b357cf63534bb08ce6,41703,2026-03-23T15:04:46.799130,,running,,FORMUSDC,3m,4,,0.0,-100.0,
1017,20260323_150840_strat_gie_de_mean_reversion_sur_vetusdc,C:\Users\o3-Pro\Documents\backtest_results\_builder_sessions\20260323_150840_strat_gie_de_mean_reversion_sur_vetusdc\session_summary.json,C:\Users\o3-Pro\Documents\backtest_results\_builder_sessions\20260323_150840_strat_gie_de_mean_reversion_sur_vetusdc,3769b69a05620a7d53b76d3ed5cab7ed90683f89244ea0efd721ccce017dd364,89782,2026-03-23T15:08:40.919820,,failed,,VETUSDC,4h,9,,0.7366203049619481,-100.0,
1018,20260323_151836_strat_gie_de_momentum_sur_maticusdc_1h_i,C:\Users\o3-Pro\Documents\backtest_results\_builder_sessions\20260323_151836_strat_gie_de_momentum_sur_maticusdc_1h_i\session_summary.json,C:\Users\o3-Pro\Documents\backtest_results\_builder_sessions\20260323_151836_strat_gie_de_momentum_sur_maticusdc_1h_i,049d4af467a71d5a70584b8a94a8d3eee83fe3eb0302fcb2e7b94de93737a5b5,27328,2026-03-23T15:18:36.340658,,running,,MATICUSDC,1h,3,,0.0,-50.0,
1019,20260323_152404_strat_gie_de_multi_factor_sur_kiteusdc_4,C:\Users\o3-Pro\Documents\backtest_results\_builder_sessions\20260323_152404_strat_gie_de_multi_factor_sur_kiteusdc_4\session_summary.json,C:\Users\o3-Pro\Documents\backtest_results\_builder_sessions\20260323_152404_strat_gie_de_multi_factor_sur_kiteusdc_4,a25c266653840f6184c6cf2ae791e830bee0f8364702b3f5ff083aee8bac83eb,10531,2026-03-23T15:24:04.330661,,running,,KITEUSDC,4h,1,,-0.721981767919964,-75.80818930420222,
1020,20260323_152627_strat_gie_de_scalping_sur_paxgusdc_15m_i,C:\Users\o3-Pro\Documents\backtest_results\_builder_sessions\20260323_152627_strat_gie_de_scalping_sur_paxgusdc_15m_i\session_summary.json,C:\Users\o3-Pro\Documents\backtest_results\_builder_sessions\20260323_152627_strat_gie_de_scalping_sur_paxgusdc_15m_i,968143bd7ea8a3c393118f3f992b0bd9fa1c98768b4c87f190f060ac4c7e1405,37315,2026-03-23T15:26:27.590344,,running,,PAXGUSDC,15m,4,,0.0,-26.0,
1021,20260323_153115_strat_gie_sur_strkusdc_1d_acheter_si_aro,C:\Users\o3-Pro\Documents\backtest_results\_builder_sessions\20260323_153115_strat_gie_sur_strkusdc_1d_acheter_si_aro\session_summary.json,C:\Users\o3-Pro\Documents\backtest_results\_builder_sessions\20260323_153115_strat_gie_sur_strkusdc_1d_acheter_si_aro,c6e25f5ca1c41f18616c32089dca5a433877bad63960968ec74b1610855c042b,106701,2026-03-23T15:31:15.104827,,max_iterations,,STRKUSDC,1d,10,,0.5824213007773453,-50.0,
1022,20260323_154342_strat_gie_sur_biousdc_4h_entrer_sur_sura,C:\Users\o3-Pro\Documents\backtest_results\_builder_sessions\20260323_154342_strat_gie_sur_biousdc_4h_entrer_sur_sura\session_summary.json,C:\Users\o3-Pro\Documents\backtest_results\_builder_sessions\20260323_154342_strat_gie_sur_biousdc_4h_entrer_sur_sura,4ec311c7bf6aee45d55a5eda8002d8ba7ea9eb83548e6c9b366d474bd4be8f93,66678,2026-03-23T15:43:42.585164,,running,,BIOUSDC,4h,6,,0.5582768320438095,-50.0,
1023,20260323_154941_strat_gie_sur_frontusdc_1h_acheter_en_ca,C:\Users\o3-Pro\Documents\backtest_results\_builder_sessions\20260323_154941_strat_gie_sur_frontusdc_1h_acheter_en_ca\session_summary.json,C:\Users\o3-Pro\Documents\backtest_results\_builder_sessions\20260323_154941_strat_gie_sur_frontusdc_1h_acheter_en_ca,9c81f09602b28404e88ce18b5480f93fc9568fe83304941553b5cbd296d13017,11990,2026-03-23T15:49:41.882196,,success,,FRONTUSDC,1h,1,,1.681206930675908,100.0,
1024,20260323_155210_strat_gie_sur_layerusdc_1h_acheter_en_ca,C:\Users\o3-Pro\Documents\backtest_results\_builder_sessions\20260323_155210_strat_gie_sur_layerusdc_1h_acheter_en_ca\session_summary.json,C:\Users\o3-Pro\Documents\backtest_results\_builder_sessions\20260323_155210_strat_gie_sur_layerusdc_1h_acheter_en_ca,fe98515e49c02ff0964ba92ce493fe68de2972f6a2808c98a7610460d788442f,94165,2026-03-23T15:52:10.589887,,failed,,LAYERUSDC,1h,9,,0.45670934151737047,-100.0,
1025,20260323_160202_strat_gie_sur_ltcusdc_4h_acheter_sur_div,C:\Users\o3-Pro\Documents\backtest_results\_builder_sessions\20260323_160202_strat_gie_sur_ltcusdc_4h_acheter_sur_div\session_summary.json,C:\Users\o3-Pro\Documents\backtest_results\_builder_sessions\20260323_160202_strat_gie_sur_ltcusdc_4h_acheter_sur_div,f0c6e5b61176331c5b90d454f2123e54f804c15047b443a45a8ca2d97606e590,65273,2026-03-23T16:02:02.092876,,failed,,LTCUSDC,4h,6,,0.0,-100.0,
1026,20260323_160814_strat_gie_sur_somiusdc_4h_acheter_en_rup,C:\Users\o3-Pro\Documents\backtest_results\_builder_sessions\20260323_160814_strat_gie_sur_somiusdc_4h_acheter_en_rup\session_summary.json,C:\Users\o3-Pro\Documents\backtest_results\_builder_sessions\20260323_160814_strat_gie_sur_somiusdc_4h_acheter_en_rup,d895d19d3190001b21421354eb2fc110a7b270384269ad2e78c6b4eed8759773,91782,2026-03-23T16:08:14.293311,,max_iterations,,SOMIUSDC,4h,10,,1.2187153084967048,76.77484134280736,
1027,20260323_161509_strat_gie_sur_solvusdc_1h_acheter_la_rup,C:\Users\o3-Pro\Documents\backtest_results\_builder_sessions\20260323_161509_strat_gie_sur_solvusdc_1h_acheter_la_rup\session_summary.json,C:\Users\o3-Pro\Documents\backtest_results\_builder_sessions\20260323_161509_strat_gie_sur_solvusdc_1h_acheter_la_rup,cbf9f3ff6216f400a8abfc207744dc18feaea497ffc97b0f4824869bc1187131,84997,2026-03-23T16:15:09.067859,,max_iterations,,SOLVUSDC,1h,10,,0.5368216681289635,8.252966075396781,
1028,20260323_161754_strat_gie_sur_bonkusdc_1h_acheter_en_div,C:\Users\o3-Pro\Documents\backtest_results\_builder_sessions\20260323_161754_strat_gie_sur_bonkusdc_1h_acheter_en_div\session_summary.json,C:\Users\o3-Pro\Documents\backtest_results\_builder_sessions\20260323_161754_strat_gie_sur_bonkusdc_1h_acheter_en_div,19ecc634fa66d6e560c55c3610a82f2fe9518fcf739098c481abe8d74b1dca64,58797,2026-03-23T16:17:54.902484,,failed,,BONKUSDC,1h,6,,0.6175092477250085,-26.0,
1029,20260323_162252_strat_gie_sur_bomeusdc_1h_acheter_la_rup,C:\Users\o3-Pro\Documents\backtest_results\_builder_sessions\20260323_162252_strat_gie_sur_bomeusdc_1h_acheter_la_rup\session_summary.json,C:\Users\o3-Pro\Documents\backtest_results\_builder_sessions\20260323_162252_strat_gie_sur_bomeusdc_1h_acheter_la_rup,16b199a2eb9853363249ff337db3b6ac986365a9fe08f7c693d23768ee34e443,58388,2026-03-23T16:22:52.010347,,failed,,BOMEUSDC,1h,6,,0.2163107328793306,-55.7078530329746,
1030,20260323_163052_rechercher_des_divergences_entre_l_adx_e,C:\Users\o3-Pro\Documents\backtest_results\_builder_sessions\20260323_163052_rechercher_des_divergences_entre_l_adx_e\session_summary.json,C:\Users\o3-Pro\Documents\backtest_results\_builder_sessions\20260323_163052_rechercher_des_divergences_entre_l_adx_e,9117ce4f00abff5d3a293e88fcb908663fef355b1524355573c94dcf746be6f7,48614,2026-03-23T16:30:52.662916,,running,,ORDIUSDC,30m,5,,0.3749344750535449,-26.0,
1031,20260323_164007_strat_gie_de_regime_adaptatif_sur_avaxus,C:\Users\o3-Pro\Documents\backtest_results\_builder_sessions\20260323_164007_strat_gie_de_regime_adaptatif_sur_avaxus\session_summary.json,C:\Users\o3-Pro\Documents\backtest_results\_builder_sessions\20260323_164007_strat_gie_de_regime_adaptatif_sur_avaxus,dd0bc12ea8e58d35ae7a3f48263ed21a4699c35f1f5848363057af713ad85d07,56716,2026-03-23T16:40:07.547886,,failed,,AVAXUSDC,1h,6,,0.0,-50.0,
1032,20260323_164715_strat_gie_de_breakout_sur_adausdc_15m_in,C:\Users\o3-Pro\Documents\backtest_results\_builder_sessions\20260323_164715_strat_gie_de_breakout_sur_adausdc_15m_in\session_summary.json,C:\Users\o3-Pro\Documents\backtest_results\_builder_sessions\20260323_164715_strat_gie_de_breakout_sur_adausdc_15m_in,d6c0d10ffd4cf8c2882df7e7659a1f4d1bf3e63bc55b30ae033c3e67a6b8e0f4,64774,2026-03-23T16:47:15.452769,,failed,,ADAUSDC,15m,6,,0.0,-100.0,
1033,20260324_053453_strat_gie_de_scalping_sur_solvusdc_5m_in,C:\Users\o3-Pro\Documents\backtest_results\_builder_sessions\20260324_053453_strat_gie_de_scalping_sur_solvusdc_5m_in\session_summary.json,C:\Users\o3-Pro\Documents\backtest_results\_builder_sessions\20260324_053453_strat_gie_de_scalping_sur_solvusdc_5m_in,8cd2ca51a465e03f91bb2a844fc32e9d39278badd04cbd0e451ea8bf4a4090ee,49377,2026-03-24T05:34:53.757319,,failed,,SOLVUSDC,5m,6,,0.0,-100.0,
1034,20260324_111913_strat_gie_de_regime_adaptatif_sur_gpsusd,C:\Users\o3-Pro\Documents\backtest_results\_builder_sessions\20260324_111913_strat_gie_de_regime_adaptatif_sur_gpsusd\session_summary.json,C:\Users\o3-Pro\Documents\backtest_results\_builder_sessions\20260324_111913_strat_gie_de_regime_adaptatif_sur_gpsusd,720eeb683b8d376ccfb2c96c4e254d832867cc4e48cd328c5de1177d0bdad1f2,79854,2026-03-24T11:19:13.257894,,max_iterations,,GPSUSDC,4h,10,,0.526401676157985,41.81615392093247,
1035,20260324_130003_strat_gie_sur_tonusdc_15m_d_tecter_les_r,C:\Users\o3-Pro\Documents\backtest_results\_builder_sessions\20260324_130003_strat_gie_sur_tonusdc_15m_d_tecter_les_r\session_summary.json,C:\Users\o3-Pro\Documents\backtest_results\_builder_sessions\20260324_130003_strat_gie_sur_tonusdc_15m_d_tecter_les_r,8b1e49fd3423f5954f7fb45ab07a3fb1cb15626090de40567cd0a29d5dbfe8c2,9510,2026-03-24T13:00:03.556348,,running,,TONUSDC,15m,1,,-20.0,-100.0,
1036,20260325_014944_strat_gie_de_momentum_sur_qntusdc_1d_ind,C:\Users\o3-Pro\Documents\backtest_results\_builder_sessions\20260325_014944_strat_gie_de_momentum_sur_qntusdc_1d_ind\session_summary.json,C:\Users\o3-Pro\Documents\backtest_results\_builder_sessions\20260325_014944_strat_gie_de_momentum_sur_qntusdc_1d_ind,7c029494112d5fa955f18aeb8b148f8fab149c4d08ea29d014c0abe578272e96,60325,2026-03-25T01:49:44.493035,,failed,,QNTUSDC,1d,6,,0.18090254532094455,-91.90429697503751,
1037,20260325_015532_strat_gie_de_multi_factor_sur_virtualusd,C:\Users\o3-Pro\Documents\backtest_results\_builder_sessions\20260325_015532_strat_gie_de_multi_factor_sur_virtualusd\session_summary.json,C:\Users\o3-Pro\Documents\backtest_results\_builder_sessions\20260325_015532_strat_gie_de_multi_factor_sur_virtualusd,286b6be97313e1e3c9353e844ee537f85ba98dbdb8b09299b67c4641fc16a806,80993,2026-03-25T01:55:32.688226,,failed,,VIRTUALUSDC,4h,10,,0.5502444337175061,27.225280817767526,
1038,20260325_020200_strat_gie_sur_pnutusdc_15m_sur_le_march,C:\Users\o3-Pro\Documents\backtest_results\_builder_sessions\20260325_020200_strat_gie_sur_pnutusdc_15m_sur_le_march\session_summary.json,C:\Users\o3-Pro\Documents\backtest_results\_builder_sessions\20260325_020200_strat_gie_sur_pnutusdc_15m_sur_le_march,f57e1fbc3cbadeb1efe1c95f62596ba0531b5e293ba3e979aed986fc98f3be40,45860,2026-03-25T02:02:00.025789,,failed,,PNUTUSDC,15m,6,,0.0,-26.0,
1039,20260325_020741_sur_nearusdc_identifier_des_opportunit_s,C:\Users\o3-Pro\Documents\backtest_results\_builder_sessions\20260325_020741_sur_nearusdc_identifier_des_opportunit_s\session_summary.json,C:\Users\o3-Pro\Documents\backtest_results\_builder_sessions\20260325_020741_sur_nearusdc_identifier_des_opportunit_s,510bd43bc56a562b08f0a1ca5931f5ef8748b197ce5a2ec48177dd17ef2a5402,78659,2026-03-25T02:07:41.471228,,failed,,NEARUSDC,1h,9,,0.6446356269550497,88.23771953682233,
1040,20260325_021628_prendre_position_sur_linkusdc_lorsque_la,C:\Users\o3-Pro\Documents\backtest_results\_builder_sessions\20260325_021628_prendre_position_sur_linkusdc_lorsque_la\session_summary.json,C:\Users\o3-Pro\Documents\backtest_results\_builder_sessions\20260325_021628_prendre_position_sur_linkusdc_lorsque_la,c3f6a1016e5137691ee59fd05bba3c634fd8749735ec5b4b81bcaa88e26dceeb,59221,2026-03-25T02:16:28.356102,,failed,,LINKUSDC,15m,6,,0.8687010617818919,-47.67637027010703,
1041,20260325_022245_profitons_de_la_convergence_des_tendance,C:\Users\o3-Pro\Documents\backtest_results\_builder_sessions\20260325_022245_profitons_de_la_convergence_des_tendance\session_summary.json,C:\Users\o3-Pro\Documents\backtest_results\_builder_sessions\20260325_022245_profitons_de_la_convergence_des_tendance,3222051b69e866725a2756e0ca3062e913a5bf13c71ea38c0dfdbb5ad3186d67,52301,2026-03-25T02:22:45.736874,,failed,,LINKUSDC,30m,6,,0.0,-26.0,
1042,20260325_022815_strat_gie_de_regime_adaptatif_sur_arbusd,C:\Users\o3-Pro\Documents\backtest_results\_builder_sessions\20260325_022815_strat_gie_de_regime_adaptatif_sur_arbusd\session_summary.json,C:\Users\o3-Pro\Documents\backtest_results\_builder_sessions\20260325_022815_strat_gie_de_regime_adaptatif_sur_arbusd,6cb98c12e55d1ae79d68dad7ed2a5117ff3d348bed42838a7946e123b83cc7d3,50957,2026-03-25T02:28:15.450610,,failed,,ARBUSDC,5m,6,,0.0,-74.98102338202477,
1043,20260325_023317_strat_gie_de_breakout_sur_susdc_1d_indic,C:\Users\o3-Pro\Documents\backtest_results\_builder_sessions\20260325_023317_strat_gie_de_breakout_sur_susdc_1d_indic\session_summary.json,C:\Users\o3-Pro\Documents\backtest_results\_builder_sessions\20260325_023317_strat_gie_de_breakout_sur_susdc_1d_indic,0b24814ca6a47dc43264818a86278cbdfc60c3262b9b22103bd5685dc48981fd,39488,2026-03-25T02:33:17.593221,,running,,SUSDC,1d,5,,0.432082184502803,-26.0,
1044,20260325_053543_strat_gie_de_breakout_sur_mkrusdc_30m_in,C:\Users\o3-Pro\Documents\backtest_results\_builder_sessions\20260325_053543_strat_gie_de_breakout_sur_mkrusdc_30m_in\session_summary.json,C:\Users\o3-Pro\Documents\backtest_results\_builder_sessions\20260325_053543_strat_gie_de_breakout_sur_mkrusdc_30m_in,c2e490d9272f234ec9aacc69513d1451f3a93883d690ad2595901b52124e20d1,33126,2026-03-25T05:35:43.102391,,failed,,MKRUSDC,30m,4,,0.0,-50.0,
1045,20260325_054825_strat_gie_de_trend_following_sur_dolousd,C:\Users\o3-Pro\Documents\backtest_results\_builder_sessions\20260325_054825_strat_gie_de_trend_following_sur_dolousd\session_summary.json,C:\Users\o3-Pro\Documents\backtest_results\_builder_sessions\20260325_054825_strat_gie_de_trend_following_sur_dolousd,5fed9752685945b53055c7b444b2ed7478ee5d9f7abec760a49eb75b8407ef75,47039,2026-03-25T05:48:25.247184,,failed,,DOLOUSDC,1h,6,,0.0,-26.0,
1046,20260325_060826_strat_gie_de_mean_reversion_sur_dolousdc,C:\Users\o3-Pro\Documents\backtest_results\_builder_sessions\20260325_060826_strat_gie_de_mean_reversion_sur_dolousdc\session_summary.json,C:\Users\o3-Pro\Documents\backtest_results\_builder_sessions\20260325_060826_strat_gie_de_mean_reversion_sur_dolousdc,f080af32dd193eae2eb05e92666519bb921c046b291e6319b322a83ec1a09fae,49094,2026-03-25T06:08:26.841219,,failed,,DOLOUSDC,15m,6,,0.3811617806215457,-50.0,
1047,20260325_062559_strat_gie_sur_fetusdc_1h_strategie_multi,C:\Users\o3-Pro\Documents\backtest_results\_builder_sessions\20260325_062559_strat_gie_sur_fetusdc_1h_strategie_multi\session_summary.json,C:\Users\o3-Pro\Documents\backtest_results\_builder_sessions\20260325_062559_strat_gie_sur_fetusdc_1h_strategie_multi,c05a05c68d3e0b7dc5f8db994398d80634f4fd82151289765df0c1d3ecfc22fa,34976,2026-03-25T06:25:59.463690,,max_iterations,,FETUSDC,1h,10,,0.0,-50.0,
1048,20260325_065531_strat_gie_sur_bfusdusdc_4h_achat_sur_les,C:\Users\o3-Pro\Documents\backtest_results\_builder_sessions\20260325_065531_strat_gie_sur_bfusdusdc_4h_achat_sur_les\session_summary.json,C:\Users\o3-Pro\Documents\backtest_results\_builder_sessions\20260325_065531_strat_gie_sur_bfusdusdc_4h_achat_sur_les,67679e569cec736e9db6052b17419e1e4f4c3aac0a2ea7120e12b27afefdf2b7,46241,2026-03-25T06:55:31.320945,,failed,,BFUSDUSDC,4h,6,,0.0,-50.0,
1049,20260325_070728_strat_gie_sur_egldusdc_5m_strat_gie_de_t,C:\Users\o3-Pro\Documents\backtest_results\_builder_sessions\20260325_070728_strat_gie_sur_egldusdc_5m_strat_gie_de_t\session_summary.json,C:\Users\o3-Pro\Documents\backtest_results\_builder_sessions\20260325_070728_strat_gie_sur_egldusdc_5m_strat_gie_de_t,12e50772799f55600a63e489b02a44be6a6a7ea48877937d211da0903f919353,25389,2026-03-25T07:07:28.986919,,running,,EGLDUSDC,5m,4,,0.0,-100.0,
1050,20260325_073003_strat_gie_sur_vetusdc_1h_utiliser_les_ni,C:\Users\o3-Pro\Documents\backtest_results\_builder_sessions\20260325_073003_strat_gie_sur_vetusdc_1h_utiliser_les_ni\session_summary.json,C:\Users\o3-Pro\Documents\backtest_results\_builder_sessions\20260325_073003_strat_gie_sur_vetusdc_1h_utiliser_les_ni,6eebc5ef34d6bb928ed4c33960210656dc7d62d7d87d48f9696c6740c84af7d4,41802,2026-03-25T07:30:03.832988,,failed,,VETUSDC,1h,9,,0.0,-87.19047619047619,
1051,20260325_073006_strat_gie_sur_bankusdc_15m_acheter_si_le,C:\Users\o3-Pro\Documents\backtest_results\_builder_sessions\20260325_073006_strat_gie_sur_bankusdc_15m_acheter_si_le\session_summary.json,C:\Users\o3-Pro\Documents\backtest_results\_builder_sessions\20260325_073006_strat_gie_sur_bankusdc_15m_acheter_si_le,1abd019356a9c017a78191dbe6cb20df42226abe25c8469488eb1fde57a60f99,22514,2026-03-25T07:30:06.007285,,success,,BANKUSDC,15m,3,,1.557972494223039,-100.0,
1052,20260325_074403_strat_gie_sur_solusdc_1d_strat_gie_de_tr,C:\Users\o3-Pro\Documents\backtest_results\_builder_sessions\20260325_074403_strat_gie_sur_solusdc_1d_strat_gie_de_tr\session_summary.json,C:\Users\o3-Pro\Documents\backtest_results\_builder_sessions\20260325_074403_strat_gie_sur_solusdc_1d_strat_gie_de_tr,b7336dacc315c22487721ef78ac026aa885a80692d999c33f28df88214b95a79,35604,2026-03-25T07:44:03.147182,,failed,,SOLUSDC,1d,6,,0.0,-100.0,
1053,20260325_081537_strat_gie_sur_galausdc_1h_entrer_la_repr,C:\Users\o3-Pro\Documents\backtest_results\_builder_sessions\20260325_081537_strat_gie_sur_galausdc_1h_entrer_la_repr\session_summary.json,C:\Users\o3-Pro\Documents\backtest_results\_builder_sessions\20260325_081537_strat_gie_sur_galausdc_1h_entrer_la_repr,3ead529f52fc2c47840d41213b93ef8967c50aa937755502d2060ddf796872a7,42436,2026-03-25T08:15:37.929074,,failed,,GALAUSDC,1h,10,,0.0,-100.0,
1054,20260325_081725_strat_gie_sur_spkusdc_30m_utiliser_les_n,C:\Users\o3-Pro\Documents\backtest_results\_builder_sessions\20260325_081725_strat_gie_sur_spkusdc_30m_utiliser_les_n\session_summary.json,C:\Users\o3-Pro\Documents\backtest_results\_builder_sessions\20260325_081725_strat_gie_sur_spkusdc_30m_utiliser_les_n,b84b2adbbcb0076b99709c0c217777372bb89e1321d4da907e50f870246ad34b,19621,2026-03-25T08:17:25.840603,,failed,,SPKUSDC,30m,9,,-inf,-inf,
1055,20260325_085855_strat_gie_sur_wldusdc_3m_analyser_les_cr,C:\Users\o3-Pro\Documents\backtest_results\_builder_sessions\20260325_085855_strat_gie_sur_wldusdc_3m_analyser_les_cr\session_summary.json,C:\Users\o3-Pro\Documents\backtest_results\_builder_sessions\20260325_085855_strat_gie_sur_wldusdc_3m_analyser_les_cr,491529b31244abaf0afbf65c58ef4dea62e304a891a58d264cf81a0deb180986,60930,2026-03-25T08:58:55.464906,,failed,,WLDUSDC,3m,10,,0.0,-100.0,
1056,20260325_090410_strat_gie_sur_wlfiusdc_1h_test_de_la_str,C:\Users\o3-Pro\Documents\backtest_results\_builder_sessions\20260325_090410_strat_gie_sur_wlfiusdc_1h_test_de_la_str\session_summary.json,C:\Users\o3-Pro\Documents\backtest_results\_builder_sessions\20260325_090410_strat_gie_sur_wlfiusdc_1h_test_de_la_str,774af3facc1be5593f484474bc0568e723e7f1cc00023edd60048a0734084e9b,30161,2026-03-25T09:04:10.550358,,failed,,WLFIUSDC,1h,6,,0.14248706299895683,-5.454067349862367,
1057,20260325_092841_strat_gie_sur_fusdc_1h_trade_sur_des_sig,C:\Users\o3-Pro\Documents\backtest_results\_builder_sessions\20260325_092841_strat_gie_sur_fusdc_1h_trade_sur_des_sig\session_summary.json,C:\Users\o3-Pro\Documents\backtest_results\_builder_sessions\20260325_092841_strat_gie_sur_fusdc_1h_trade_sur_des_sig,8d37cedce796c7f663fbfba7684dbc8732f506561e73efe2a83b67605ee49c14,10079,2026-03-25T09:28:41.796275,,success,,FUSDC,1h,1,,1.0693616868330442,65.28899690181565,
1058,20260325_093400_strat_gie_sur_aaveusdc_5m_entrer_en_long,C:\Users\o3-Pro\Documents\backtest_results\_builder_sessions\20260325_093400_strat_gie_sur_aaveusdc_5m_entrer_en_long\session_summary.json,C:\Users\o3-Pro\Documents\backtest_results\_builder_sessions\20260325_093400_strat_gie_sur_aaveusdc_5m_entrer_en_long,c6a0705ab7480d688255550e1c16d08fcb1b32c186d85897885ea94a530fe910,44870,2026-03-25T09:34:00.364372,,failed,,AAVEUSDC,5m,6,,0.0,-26.0,
1059,20260325_094454_strat_gie_de_scalping_sur_rsrusdc_30m_in,C:\Users\o3-Pro\Documents\backtest_results\_builder_sessions\20260325_094454_strat_gie_de_scalping_sur_rsrusdc_30m_in\session_summary.json,C:\Users\o3-Pro\Documents\backtest_results\_builder_sessions\20260325_094454_strat_gie_de_scalping_sur_rsrusdc_30m_in,2262aee63df1770bdbc3da4b1ea46f30aa1c078e8dc749fcd3345796c673c008,73780,2026-03-25T09:44:54.580876,,failed,,RSRUSDC,30m,10,,0.41733377937297217,-0.6590885032385998,
1060,20260325_100318_strat_gie_sur_treeusdc_3m_entrer_en_tren,C:\Users\o3-Pro\Documents\backtest_results\_builder_sessions\20260325_100318_strat_gie_sur_treeusdc_3m_entrer_en_tren\session_summary.json,C:\Users\o3-Pro\Documents\backtest_results\_builder_sessions\20260325_100318_strat_gie_sur_treeusdc_3m_entrer_en_tren,623e855d161194e325e49e41bf3ccc650d584ec05936d4abf2afb603e10b6217,43479,2026-03-25T10:03:18.756944,,failed,,TREEUSDC,3m,6,,0.0,-26.0,
1061,20260325_103854_strat_gie_de_momentum_sur_bananausdc_30m,C:\Users\o3-Pro\Documents\backtest_results\_builder_sessions\20260325_103854_strat_gie_de_momentum_sur_bananausdc_30m\session_summary.json,C:\Users\o3-Pro\Documents\backtest_results\_builder_sessions\20260325_103854_strat_gie_de_momentum_sur_bananausdc_30m,9b914c9442ab970e1583906cf723c38f242c1825246f0b837caacbfbe2b4e442,33246,2026-03-25T10:38:54.169938,,failed,,BANANAUSDC,30m,6,,-20.0,-100.0,
1062,20260325_104730_entrer_en_long_sur_xtzusdc_sur_4h_quand,C:\Users\o3-Pro\Documents\backtest_results\_builder_sessions\20260325_104730_entrer_en_long_sur_xtzusdc_sur_4h_quand\session_summary.json,C:\Users\o3-Pro\Documents\backtest_results\_builder_sessions\20260325_104730_entrer_en_long_sur_xtzusdc_sur_4h_quand,c72a8318f307bd93fb1033f006027f16de66fc2185c0fbaaa0dde6aa629bec60,68962,2026-03-25T10:47:30.300049,,failed,,XTZUSDC,4h,10,,0.8347355540423217,53.465581400563636,
1063,20260325_111300_strat_gie_de_regime_adaptatif_sur_lineau,C:\Users\o3-Pro\Documents\backtest_results\_builder_sessions\20260325_111300_strat_gie_de_regime_adaptatif_sur_lineau\session_summary.json,C:\Users\o3-Pro\Documents\backtest_results\_builder_sessions\20260325_111300_strat_gie_de_regime_adaptatif_sur_lineau,3bc59fd893c7f616b7de2c090b50e59a1d5ec2a7239bc544639bf62ba022c9fc,40771,2026-03-25T11:13:00.387670,,failed,,LINEAUSDC,3m,6,,0.0,-50.0,
1064,20260325_114651_strat_gie_de_mean_reversion_sur_vetusdc,C:\Users\o3-Pro\Documents\backtest_results\_builder_sessions\20260325_114651_strat_gie_de_mean_reversion_sur_vetusdc\session_summary.json,C:\Users\o3-Pro\Documents\backtest_results\_builder_sessions\20260325_114651_strat_gie_de_mean_reversion_sur_vetusdc,f5dfb059a2279ef6cba38844be3251217cf970613935adf3b3e14d06b343c48c,37210,2026-03-25T11:46:51.766833,,failed,,VETUSDC,4h,5,,0.0,-45.88025601293539,
1065,20260325_114702_analyser_les_croisements_de_l_ema_12_et,C:\Users\o3-Pro\Documents\backtest_results\_builder_sessions\20260325_114702_analyser_les_croisements_de_l_ema_12_et\session_summary.json,C:\Users\o3-Pro\Documents\backtest_results\_builder_sessions\20260325_114702_analyser_les_croisements_de_l_ema_12_et,076c917e320729f8fb2b08b897a071e766bf115558a71ae69885703638409c29,39133,2026-03-25T11:47:02.871062,,failed,,PLUMEUSDC,1h,6,,0.0,-26.0,
1066,20260325_121338_strat_gie_de_trend_following_sur_sophusd,C:\Users\o3-Pro\Documents\backtest_results\_builder_sessions\20260325_121338_strat_gie_de_trend_following_sur_sophusd\session_summary.json,C:\Users\o3-Pro\Documents\backtest_results\_builder_sessions\20260325_121338_strat_gie_de_trend_following_sur_sophusd,168d0217dffa8d38a618153ecdfba1e2343f3971d381f5420da2530c9f05d533,42134,2026-03-25T12:13:38.395525,,failed,,SOPHUSDC,15m,6,,0.0,-50.0,
1067,20260325_121513_sur_la_paire_arkmusdc_sur_le_timeframe_1,C:\Users\o3-Pro\Documents\backtest_results\_builder_sessions\20260325_121513_sur_la_paire_arkmusdc_sur_le_timeframe_1\session_summary.json,C:\Users\o3-Pro\Documents\backtest_results\_builder_sessions\20260325_121513_sur_la_paire_arkmusdc_sur_le_timeframe_1,4bdcb49c8cbbb3d8a17d062f5f658c986a042d2766e67212dbdcab487ed7c304,40558,2026-03-25T12:15:13.749782,,failed,,ARKMUSDC,15m,6,,0.0,-52.34888226567286,
1068,20260325_124127_strat_gie_de_scalping_sur_adausdc_1h_ind,C:\Users\o3-Pro\Documents\backtest_results\_builder_sessions\20260325_124127_strat_gie_de_scalping_sur_adausdc_1h_ind\session_summary.json,C:\Users\o3-Pro\Documents\backtest_results\_builder_sessions\20260325_124127_strat_gie_de_scalping_sur_adausdc_1h_ind,8db51b298f70410e633713672cb1678d360836ccbb6e13e3bf9674938e211c48,55887,2026-03-25T12:41:27.350986,,failed,,ADAUSDC,1h,8,,0.3348125212239849,61.27841397289026,
1069,20260325_124505_strat_gie_sur_bnbusdc_1h_test_de_l_effet,C:\Users\o3-Pro\Documents\backtest_results\_builder_sessions\20260325_124505_strat_gie_sur_bnbusdc_1h_test_de_l_effet\session_summary.json,C:\Users\o3-Pro\Documents\backtest_results\_builder_sessions\20260325_124505_strat_gie_sur_bnbusdc_1h_test_de_l_effet,e54b4f96815c0bf10875d11d63be2fcf5bbedaa9c06763faac3315fd88bf682f,22265,2026-03-25T12:45:05.864345,,failed,,BNBUSDC,1h,3,,0.0,-50.0,
1070,20260325_131444_strat_gie_sur_partiusdc_4h_analyser_les,C:\Users\o3-Pro\Documents\backtest_results\_builder_sessions\20260325_131444_strat_gie_sur_partiusdc_4h_analyser_les\session_summary.json,C:\Users\o3-Pro\Documents\backtest_results\_builder_sessions\20260325_131444_strat_gie_sur_partiusdc_4h_analyser_les,6672178ea0c2738eaec2bbf77521877456f18842cb893641ad3bacc070ee5b5f,9211,2026-03-25T13:14:44.172669,,success,,PARTIUSDC,4h,1,,1.3357831393987567,100.0,
1071,20260325_132102_recherche_de_signaux_de_rupture_de_tenda,C:\Users\o3-Pro\Documents\backtest_results\_builder_sessions\20260325_132102_recherche_de_signaux_de_rupture_de_tenda\session_summary.json,C:\Users\o3-Pro\Documents\backtest_results\_builder_sessions\20260325_132102_recherche_de_signaux_de_rupture_de_tenda,9e2b2a12cc31a0e49225b06491657237eab6e5f45bc243ea496928203a8092e0,29126,2026-03-25T13:21:02.051367,,failed,,AVNTUSDC,3m,6,,0.0,-26.0,
1072,20260325_132113_strat_gie_de_momentum_sur_beamxusdc_30m,C:\Users\o3-Pro\Documents\backtest_results\_builder_sessions\20260325_132113_strat_gie_de_momentum_sur_beamxusdc_30m\session_summary.json,C:\Users\o3-Pro\Documents\backtest_results\_builder_sessions\20260325_132113_strat_gie_de_momentum_sur_beamxusdc_30m,d17977241aa27024c58045ac791af17e2d282210604040a4514305335a5c15e5,27133,2026-03-25T13:21:13.155531,,running,,BEAMXUSDC,30m,4,,0.0,-50.0,
1073,20260325_223426_strat_gie_sur_frontusdc_4h_acheter_lors,C:\Users\o3-Pro\Documents\backtest_results\_builder_sessions\20260325_223426_strat_gie_sur_frontusdc_4h_acheter_lors\session_summary.json,C:\Users\o3-Pro\Documents\backtest_results\_builder_sessions\20260325_223426_strat_gie_sur_frontusdc_4h_acheter_lors,811c58b77659bf568fb3da4de4f27b7b995b1a31de921a2bdc918748109b2ce9,40030,2026-03-25T22:34:26.008394,,failed,,FRONTUSDC,4h,5,,1.8477535576303004,-26.0,
1074,20260325_224151_strat_gie_sur_xplusdc_15m_acheter_sur_su,C:\Users\o3-Pro\Documents\backtest_results\_builder_sessions\20260325_224151_strat_gie_sur_xplusdc_15m_acheter_sur_su\session_summary.json,C:\Users\o3-Pro\Documents\backtest_results\_builder_sessions\20260325_224151_strat_gie_sur_xplusdc_15m_acheter_sur_su,c66937771c07d3eafa0a6c2c9ebd946fe2e327b6727ca8ec59ae823e9e0708fe,49401,2026-03-25T22:41:51.191777,,failed,,XPLUSDC,15m,6,,0.43465278537852864,-26.0,
1075,20260325_224541_strat_gie_sur_nearusdc_30m_capture_la_ru,C:\Users\o3-Pro\Documents\backtest_results\_builder_sessions\20260325_224541_strat_gie_sur_nearusdc_30m_capture_la_ru\session_summary.json,C:\Users\o3-Pro\Documents\backtest_results\_builder_sessions\20260325_224541_strat_gie_sur_nearusdc_30m_capture_la_ru,c1a897c87232ebd3ab80bd1e0187c9fb8d8d3906fbeabdb312d87b99f929cdb6,58778,2026-03-25T22:45:41.430387,,running,,NEARUSDC,30m,7,,0.5886304734137634,99.68429640272564,
1076,20260325_225600_strat_gie_sur_biousdc_1h_acheter_sur_les,C:\Users\o3-Pro\Documents\backtest_results\_builder_sessions\20260325_225600_strat_gie_sur_biousdc_1h_acheter_sur_les\session_summary.json,C:\Users\o3-Pro\Documents\backtest_results\_builder_sessions\20260325_225600_strat_gie_sur_biousdc_1h_acheter_sur_les,c896c1a369dae571122e71be4a01d4391443b6a55cb354b26493bac579210933,47610,2026-03-25T22:56:00.296631,,failed,,BIOUSDC,1h,6,,0.567799259383686,-26.0,
1077,20260325_230543_strat_gie_de_multi_factor_sur_syrupusdc,C:\Users\o3-Pro\Documents\backtest_results\_builder_sessions\20260325_230543_strat_gie_de_multi_factor_sur_syrupusdc\session_summary.json,C:\Users\o3-Pro\Documents\backtest_results\_builder_sessions\20260325_230543_strat_gie_de_multi_factor_sur_syrupusdc,fb7879542cdd74ee117777840367eca999b5c3e1f5a610ad36f2c861b704b466,51351,2026-03-25T23:05:43.370678,,failed,,SYRUPUSDC,3m,6,,0.0,-100.0,
1078,20260325_231242_strat_gie_de_trend_following_sur_erausdc,C:\Users\o3-Pro\Documents\backtest_results\_builder_sessions\20260325_231242_strat_gie_de_trend_following_sur_erausdc\session_summary.json,C:\Users\o3-Pro\Documents\backtest_results\_builder_sessions\20260325_231242_strat_gie_de_trend_following_sur_erausdc,736d71290f0db3cf9b3787faaa7c2ee2d575e10c1b21e05e938d8f33c29ed91f,44201,2026-03-25T23:12:42.215879,,failed,,ERAUSDC,30m,6,,0.0,-26.0,
1079,20260325_231632_strat_gie_de_scalping_sur_qntusdc_30m_in,C:\Users\o3-Pro\Documents\backtest_results\_builder_sessions\20260325_231632_strat_gie_de_scalping_sur_qntusdc_30m_in\session_summary.json,C:\Users\o3-Pro\Documents\backtest_results\_builder_sessions\20260325_231632_strat_gie_de_scalping_sur_qntusdc_30m_in,52ffd2b57acaf37b8a8a631aadef9bec6749cd9319d68db88526de7db07be25d,55069,2026-03-25T23:16:32.814825,,failed,,QNTUSDC,30m,6,,-0.3325593717002329,-57.71705437407297,
1080,20260325_232552_strat_gie_de_breakout_sur_tnsrusdc_15m_i,C:\Users\o3-Pro\Documents\backtest_results\_builder_sessions\20260325_232552_strat_gie_de_breakout_sur_tnsrusdc_15m_i\session_summary.json,C:\Users\o3-Pro\Documents\backtest_results\_builder_sessions\20260325_232552_strat_gie_de_breakout_sur_tnsrusdc_15m_i,1b55738b0ef505553562ac2770c5bab385e783a020a979899e38e8887ede26f5,49393,2026-03-25T23:25:52.556867,,failed,,TNSRUSDC,15m,6,,0.0,-26.0,
1081,20260325_233505_strat_gie_sur_mubarakusdc_1d_acheter_lor,C:\Users\o3-Pro\Documents\backtest_results\_builder_sessions\20260325_233505_strat_gie_sur_mubarakusdc_1d_acheter_lor\session_summary.json,C:\Users\o3-Pro\Documents\backtest_results\_builder_sessions\20260325_233505_strat_gie_sur_mubarakusdc_1d_acheter_lor,d7451e9239cde6c9a50312fedd12672cb75706c18543a506eaccc92add6d7d49,69891,2026-03-25T23:35:05.609909,,failed,,MUBARAKUSDC,1d,9,,0.5809606512832902,-26.0,
1082,20260325_234416_strat_gie_sur_mirausdc_15m_recherche_de,C:\Users\o3-Pro\Documents\backtest_results\_builder_sessions\20260325_234416_strat_gie_sur_mirausdc_15m_recherche_de\session_summary.json,C:\Users\o3-Pro\Documents\backtest_results\_builder_sessions\20260325_234416_strat_gie_sur_mirausdc_15m_recherche_de,74062556ce3e3cdc4079b199048c717058eec9a2060a21015c69e9e9ec3072ba,48779,2026-03-25T23:44:16.400108,,failed,,MIRAUSDC,15m,6,,0.0,-26.0,
1083,20260325_234918_strat_gie_sur_kaiausdc_15m_confirmer_les,C:\Users\o3-Pro\Documents\backtest_results\_builder_sessions\20260325_234918_strat_gie_sur_kaiausdc_15m_confirmer_les\session_summary.json,C:\Users\o3-Pro\Documents\backtest_results\_builder_sessions\20260325_234918_strat_gie_sur_kaiausdc_15m_confirmer_les,ef663ce775032787bb70d9cdfa8982d4a4a1e86f5ab731009b9ef538e40068aa,49351,2026-03-25T23:49:18.759912,,failed,,KAIAUSDC,15m,6,,0.0,-100.0,
1084,20260325_235342_strat_gie_sur_adausdc_1d_acheter_sur_un,C:\Users\o3-Pro\Documents\backtest_results\_builder_sessions\20260325_235342_strat_gie_sur_adausdc_1d_acheter_sur_un\session_summary.json,C:\Users\o3-Pro\Documents\backtest_results\_builder_sessions\20260325_235342_strat_gie_sur_adausdc_1d_acheter_sur_un,0b6d4591a3c4596ad6a6ccb9661637eb5490e97656704b026b796f97bd0b5c08,33336,2026-03-25T23:53:42.807352,,running,,ADAUSDC,1d,4,,0.31999550676526795,-100.0,
1085,20260325_235703_strat_gie_sur_algousdc_1h_acheter_lorsqu,C:\Users\o3-Pro\Documents\backtest_results\_builder_sessions\20260325_235703_strat_gie_sur_algousdc_1h_acheter_lorsqu\session_summary.json,C:\Users\o3-Pro\Documents\backtest_results\_builder_sessions\20260325_235703_strat_gie_sur_algousdc_1h_acheter_lorsqu,4685e8957da199ba24f25bdcb9c320489fcc95ce229961317dd869d697081218,50480,2026-03-25T23:57:03.278950,,failed,,ALGOUSDC,1h,6,,0.0,-100.0,
1086,20260326_000311_strat_gie_de_momentum_sur_rsrusdc_5m_ind,C:\Users\o3-Pro\Documents\backtest_results\_builder_sessions\20260326_000311_strat_gie_de_momentum_sur_rsrusdc_5m_ind\session_summary.json,C:\Users\o3-Pro\Documents\backtest_results\_builder_sessions\20260326_000311_strat_gie_de_momentum_sur_rsrusdc_5m_ind,86401a210447a369d4e895f10c67c4adc0f7ae202bac56ea372a27eb092b7e30,43486,2026-03-26T00:03:11.226599,,failed,,RSRUSDC,5m,6,,0.0,-26.0,
1087,20260326_000641_strat_gie_de_mean_reversion_sur_enausdc,C:\Users\o3-Pro\Documents\backtest_results\_builder_sessions\20260326_000641_strat_gie_de_mean_reversion_sur_enausdc\session_summary.json,C:\Users\o3-Pro\Documents\backtest_results\_builder_sessions\20260326_000641_strat_gie_de_mean_reversion_sur_enausdc,ec28836fe34812cbfa95a06cd950a50f2941ceb84216fde6ed7fd0402ba58ea6,49016,2026-03-26T00:06:41.081243,,failed,,ENAUSDC,30m,6,,0.0,-26.0,
1088,20260326_001408_strat_gie_de_trend_following_sur_twtusdc,C:\Users\o3-Pro\Documents\backtest_results\_builder_sessions\20260326_001408_strat_gie_de_trend_following_sur_twtusdc\session_summary.json,C:\Users\o3-Pro\Documents\backtest_results\_builder_sessions\20260326_001408_strat_gie_de_trend_following_sur_twtusdc,e519cd384fb5fe56dc1bdd359693741821e129b216cb4dcd93c0a2ebe70ddc9c,49049,2026-03-26T00:14:08.680613,,failed,,TWTUSDC,4h,6,,0.0,-26.0,
1089,20260326_002052_strat_gie_de_scalping_sur_syrupusdc_4h_i,C:\Users\o3-Pro\Documents\backtest_results\_builder_sessions\20260326_002052_strat_gie_de_scalping_sur_syrupusdc_4h_i\session_summary.json,C:\Users\o3-Pro\Documents\backtest_results\_builder_sessions\20260326_002052_strat_gie_de_scalping_sur_syrupusdc_4h_i,2139e360488b78c5a8ef51979d2c8d542e58899cdd5d6a2e5d7b750c1c2124b3,9838,2026-03-26T00:20:52.445361,,success,,SYRUPUSDC,4h,1,,1.401020660234308,100.0,
1090,20260326_002200_strat_gie_sur_morphousdc_1h_acheter_sur,C:\Users\o3-Pro\Documents\backtest_results\_builder_sessions\20260326_002200_strat_gie_sur_morphousdc_1h_acheter_sur\session_summary.json,C:\Users\o3-Pro\Documents\backtest_results\_builder_sessions\20260326_002200_strat_gie_sur_morphousdc_1h_acheter_sur,d38cd13beb2d89e80d118f1d4de547c7de998c9f9a0f8ed497afc607e7aa7297,51595,2026-03-26T00:22:00.240372,,failed,,MORPHOUSDC,1h,6,,0.0,-100.0,
1091,20260326_002742_strat_gie_sur_crvusdc_15m_acheter_lors_d,C:\Users\o3-Pro\Documents\backtest_results\_builder_sessions\20260326_002742_strat_gie_sur_crvusdc_15m_acheter_lors_d\session_summary.json,C:\Users\o3-Pro\Documents\backtest_results\_builder_sessions\20260326_002742_strat_gie_sur_crvusdc_15m_acheter_lors_d,4bc5efb032c254626a54c2c13016630588e558a5cf120920f24434f552af3dc8,49212,2026-03-26T00:27:42.611431,,failed,,CRVUSDC,15m,6,,0.0,-26.0,
1092,20260326_003327_strat_gie_sur_solusdc_1h_acheter_au_croi,C:\Users\o3-Pro\Documents\backtest_results\_builder_sessions\20260326_003327_strat_gie_sur_solusdc_1h_acheter_au_croi\session_summary.json,C:\Users\o3-Pro\Documents\backtest_results\_builder_sessions\20260326_003327_strat_gie_sur_solusdc_1h_acheter_au_croi,08a10a960d1b9c70c53dc042bda2125883530c1f981a8579ec6a631188607fb0,72340,2026-03-26T00:33:27.207647,,failed,,SOLUSDC,1h,9,,0.4675445116000741,-26.0,
1093,20260326_003916_strat_gie_sur_nearusdc_1h_acheter_sur_ru,C:\Users\o3-Pro\Documents\backtest_results\_builder_sessions\20260326_003916_strat_gie_sur_nearusdc_1h_acheter_sur_ru\session_summary.json,C:\Users\o3-Pro\Documents\backtest_results\_builder_sessions\20260326_003916_strat_gie_sur_nearusdc_1h_acheter_sur_ru,bea61f2ab79dfd87445ba68994217f07e8867190cc88afb4ca942bfaae52b60f,72299,2026-03-26T00:39:16.588746,,failed,,NEARUSDC,1h,9,,0.473367083124326,-26.0,
1094,20260326_004604_strat_gie_de_momentum_sur_1000catusdc_1d,C:\Users\o3-Pro\Documents\backtest_results\_builder_sessions\20260326_004604_strat_gie_de_momentum_sur_1000catusdc_1d\session_summary.json,C:\Users\o3-Pro\Documents\backtest_results\_builder_sessions\20260326_004604_strat_gie_de_momentum_sur_1000catusdc_1d,3c9730670d619f42be61a3a25b2fcd6cc70216bbb2dc5834fef969df5e7c2376,50099,2026-03-26T00:46:04.748427,,failed,,APTUSDC,5m,6,,0.0,-100.0,
1095,20260326_005331_strat_gie_de_regime_adaptatif_sur_metusd,C:\Users\o3-Pro\Documents\backtest_results\_builder_sessions\20260326_005331_strat_gie_de_regime_adaptatif_sur_metusd\session_summary.json,C:\Users\o3-Pro\Documents\backtest_results\_builder_sessions\20260326_005331_strat_gie_de_regime_adaptatif_sur_metusd,d2b656d196a53d0d3b7541cd9d1d316a382f9ba005fcbb04786e35b480e2b4a7,50725,2026-03-26T00:53:31.513437,,failed,,METUSDC,1h,6,,0.0,-26.0,
1096,20260326_010011_strat_gie_de_mean_reversion_sur_pendleus,C:\Users\o3-Pro\Documents\backtest_results\_builder_sessions\20260326_010011_strat_gie_de_mean_reversion_sur_pendleus\session_summary.json,C:\Users\o3-Pro\Documents\backtest_results\_builder_sessions\20260326_010011_strat_gie_de_mean_reversion_sur_pendleus,e0e15fb9f588e97cd8dfd77fb3c9212291fb7a2a6643ede7798d4c05c0ee365a,50463,2026-03-26T01:00:11.936193,,failed,,PENDLEUSDC,4h,6,,0.0,-100.0,
1097,20260326_010540_strat_gie_de_trend_following_sur_hmstrus,C:\Users\o3-Pro\Documents\backtest_results\_builder_sessions\20260326_010540_strat_gie_de_trend_following_sur_hmstrus\session_summary.json,C:\Users\o3-Pro\Documents\backtest_results\_builder_sessions\20260326_010540_strat_gie_de_trend_following_sur_hmstrus,352aaef7b6b89182d9c8f4f0d1c2d9a712ed2dba5828ee49119864c69b54d771,86600,2026-03-26T01:05:40.519017,,max_iterations,,HMSTRUSDC,1d,10,,0.44897062425173007,-26.0,
1098,20260326_011636_identifier_les_ruptures_de_tendance_avec,C:\Users\o3-Pro\Documents\backtest_results\_builder_sessions\20260326_011636_identifier_les_ruptures_de_tendance_avec\session_summary.json,C:\Users\o3-Pro\Documents\backtest_results\_builder_sessions\20260326_011636_identifier_les_ruptures_de_tendance_avec,99d9a1eb85169f30d20126060360193c3fae3fe5140b23fc2bc169e1d4228c55,50765,2026-03-26T01:16:36.323134,,failed,,SAGAUSDC,3m,6,,0.0,-26.0,
1099,20260326_012336_cibler_metusdc_sur_4h_avec_une_strat_gie,C:\Users\o3-Pro\Documents\backtest_results\_builder_sessions\20260326_012336_cibler_metusdc_sur_4h_avec_une_strat_gie\session_summary.json,C:\Users\o3-Pro\Documents\backtest_results\_builder_sessions\20260326_012336_cibler_metusdc_sur_4h_avec_une_strat_gie,e30c556e3d816baa08480db65c70a1f6ab1f70f87efe00d39387dbe7021a67cb,87831,2026-03-26T01:23:36.776562,,max_iterations,,METUSDC,4h,10,,0.8066380497198639,51.78164943381929,
1100,20260326_013603_strat_gie_sur_avaxusdc_1h_acheter_si_adx,C:\Users\o3-Pro\Documents\backtest_results\_builder_sessions\20260326_013603_strat_gie_sur_avaxusdc_1h_acheter_si_adx\session_summary.json,C:\Users\o3-Pro\Documents\backtest_results\_builder_sessions\20260326_013603_strat_gie_sur_avaxusdc_1h_acheter_si_adx,adecf08b087e4de5c9fb43e3c658164903f123343198ddeb0ca37aeb86826faa,52910,2026-03-26T01:36:03.429582,,failed,,AVAXUSDC,1h,6,,0.0,-50.0,
1101,20260326_014423_strat_gie_sur_renderusdc_1d_entrer_sur_u,C:\Users\o3-Pro\Documents\backtest_results\_builder_sessions\20260326_014423_strat_gie_sur_renderusdc_1d_entrer_sur_u\session_summary.json,C:\Users\o3-Pro\Documents\backtest_results\_builder_sessions\20260326_014423_strat_gie_sur_renderusdc_1d_entrer_sur_u,851734e22ddb19ffac4ef29f0a302522ed16f2fa146cf0c578b49c0a8eb03a35,55896,2026-03-26T01:44:23.560944,,success,,RENDERUSDC,1d,6,,1.2791188617296776,100.0,
1102,20260326_015515_strat_gie_sur_sagausdc_15m_acheter_en_di,C:\Users\o3-Pro\Documents\backtest_results\_builder_sessions\20260326_015515_strat_gie_sur_sagausdc_15m_acheter_en_di\session_summary.json,C:\Users\o3-Pro\Documents\backtest_results\_builder_sessions\20260326_015515_strat_gie_sur_sagausdc_15m_acheter_en_di,f4363a47e1ff0df3e94eda7575daf1684fa8116dd1e2bf4b5e5d3e5f4de211d4,48493,2026-03-26T01:55:15.641730,,failed,,SAGAUSDC,15m,6,,0.0,-26.0,
1103,20260326_020103_strat_gie_sur_flokiusdc_15m_identifier_l,C:\Users\o3-Pro\Documents\backtest_results\_builder_sessions\20260326_020103_strat_gie_sur_flokiusdc_15m_identifier_l\session_summary.json,C:\Users\o3-Pro\Documents\backtest_results\_builder_sessions\20260326_020103_strat_gie_sur_flokiusdc_15m_identifier_l,85403880e6332910cdbc5c10c7647046e2de7486f379882f6e443d53fbec3445,52037,2026-03-26T02:01:03.178470,,failed,,FLOKIUSDC,15m,6,,0.0,-100.0,
1104,20260326_020651_strat_gie_sur_hbarusdc_1w_acheter_en_div,C:\Users\o3-Pro\Documents\backtest_results\_builder_sessions\20260326_020651_strat_gie_sur_hbarusdc_1w_acheter_en_div\session_summary.json,C:\Users\o3-Pro\Documents\backtest_results\_builder_sessions\20260326_020651_strat_gie_sur_hbarusdc_1w_acheter_en_div,c2fd1034969cd759b2e17e711d54522fc704e6d24bcc997641039ac003b6f416,83293,2026-03-26T02:06:51.391598,,failed,,HBARUSDC,1w,10,,1.027679877401805,-26.0,
1105,20260326_021814_strat_gie_sur_ethfiusdc_1h_acheter_la_ca,C:\Users\o3-Pro\Documents\backtest_results\_builder_sessions\20260326_021814_strat_gie_sur_ethfiusdc_1h_acheter_la_ca\session_summary.json,C:\Users\o3-Pro\Documents\backtest_results\_builder_sessions\20260326_021814_strat_gie_sur_ethfiusdc_1h_acheter_la_ca,7656292f539b8a33446d68f984492fc570e77fd7f44fb99a6da656647554b0d4,46840,2026-03-26T02:18:14.556225,,failed,,ETHFIUSDC,1h,6,,0.0,-26.0,
1106,20260326_022341_strat_gie_de_multi_factor_sur_wctusdc_4h,C:\Users\o3-Pro\Documents\backtest_results\_builder_sessions\20260326_022341_strat_gie_de_multi_factor_sur_wctusdc_4h\session_summary.json,C:\Users\o3-Pro\Documents\backtest_results\_builder_sessions\20260326_022341_strat_gie_de_multi_factor_sur_wctusdc_4h,5ca7b00ad19b3d1ff973b397215fb793ae0537e1435d3361b154b2a781181a3b,70403,2026-03-26T02:23:41.882170,,failed,,WCTUSDC,4h,9,,1.7263903819197872,-26.0,
1107,20260326_023247_strat_gie_de_breakout_sur_wctusdc_1h_ind,C:\Users\o3-Pro\Documents\backtest_results\_builder_sessions\20260326_023247_strat_gie_de_breakout_sur_wctusdc_1h_ind\session_summary.json,C:\Users\o3-Pro\Documents\backtest_results\_builder_sessions\20260326_023247_strat_gie_de_breakout_sur_wctusdc_1h_ind,2e5d9ffaa8a90c07cdcd5be4b0e1ad29c2511296a46faefd31ac727782ab124f,36970,2026-03-26T02:32:47.107643,,failed,,WCTUSDC,1h,4,,0.2397883625788087,-34.76662962578629,
1108,20260326_023958_strat_gie_de_momentum_sur_walusdc_5m_ind,C:\Users\o3-Pro\Documents\backtest_results\_builder_sessions\20260326_023958_strat_gie_de_momentum_sur_walusdc_5m_ind\session_summary.json,C:\Users\o3-Pro\Documents\backtest_results\_builder_sessions\20260326_023958_strat_gie_de_momentum_sur_walusdc_5m_ind,72d9688cf6c751a7965d4d3265a8f9c06bbfd96f8421b393546234804be7ac07,51109,2026-03-26T02:39:58.356928,,failed,,WALUSDC,5m,6,,0.0,-100.0,
1109,20260326_024640_strat_gie_de_scalping_sur_nearusdc_4h_in,C:\Users\o3-Pro\Documents\backtest_results\_builder_sessions\20260326_024640_strat_gie_de_scalping_sur_nearusdc_4h_in\session_summary.json,C:\Users\o3-Pro\Documents\backtest_results\_builder_sessions\20260326_024640_strat_gie_de_scalping_sur_nearusdc_4h_in,f24b1f24fd2cab48451c85b3d5c57f336259132e9f0bf533ddbcb0274b332d7d,46843,2026-03-26T02:46:40.931745,,failed,,NEARUSDC,4h,6,,0.14207327295944008,-26.0,
1110,20260326_025248_strat_gie_sur_xtzusdc_1d_entrer_sur_sura,C:\Users\o3-Pro\Documents\backtest_results\_builder_sessions\20260326_025248_strat_gie_sur_xtzusdc_1d_entrer_sur_sura\session_summary.json,C:\Users\o3-Pro\Documents\backtest_results\_builder_sessions\20260326_025248_strat_gie_sur_xtzusdc_1d_entrer_sur_sura,9e1524f8d5b513046624583d52bbe80be075a902b687cc1ec9cfbacf62a4d2e2,76109,2026-03-26T02:52:48.967467,,failed,,XTZUSDC,1d,9,,0.4559860878418501,-26.0,
1111,20260326_030352_strat_gie_sur_pendleusdc_3m_acheter_sur,C:\Users\o3-Pro\Documents\backtest_results\_builder_sessions\20260326_030352_strat_gie_sur_pendleusdc_3m_acheter_sur\session_summary.json,C:\Users\o3-Pro\Documents\backtest_results\_builder_sessions\20260326_030352_strat_gie_sur_pendleusdc_3m_acheter_sur,c8c2075d094a9202f0891b2521b16bf43b95f1966d21feba47e33fc4e87676e0,49306,2026-03-26T03:03:52.557035,,failed,,PENDLEUSDC,3m,6,,0.0,-26.0,
1112,20260326_031023_strat_gie_sur_wlfiusdc_3m_acheter_sur_su,C:\Users\o3-Pro\Documents\backtest_results\_builder_sessions\20260326_031023_strat_gie_sur_wlfiusdc_3m_acheter_sur_su\session_summary.json,C:\Users\o3-Pro\Documents\backtest_results\_builder_sessions\20260326_031023_strat_gie_sur_wlfiusdc_3m_acheter_sur_su,111f79c71e254176e8a328ba13f872b5f34d45d827e5f3a3edee09403511b90e,48645,2026-03-26T03:10:23.688793,,failed,,WLFIUSDC,3m,6,,0.0,-26.0,
1113,20260326_031427_strat_gie_sur_chzusdc_1h_acheter_lors_de,C:\Users\o3-Pro\Documents\backtest_results\_builder_sessions\20260326_031427_strat_gie_sur_chzusdc_1h_acheter_lors_de\session_summary.json,C:\Users\o3-Pro\Documents\backtest_results\_builder_sessions\20260326_031427_strat_gie_sur_chzusdc_1h_acheter_lors_de,823645163f174bc37c192865e6b49badfe97de2b98da2d62273f6aa53293681e,71319,2026-03-26T03:14:27.985875,,failed,,CHZUSDC,1h,9,,0.7340292121676694,-26.0,
1114,20260326_032013_strat_gie_de_trend_following_sur_zkcusdc,C:\Users\o3-Pro\Documents\backtest_results\_builder_sessions\20260326_032013_strat_gie_de_trend_following_sur_zkcusdc\session_summary.json,C:\Users\o3-Pro\Documents\backtest_results\_builder_sessions\20260326_032013_strat_gie_de_trend_following_sur_zkcusdc,cacfe0ccc3e14da4c26b62b526dc8412cc5ffe08b005b583bdd0b9bbdf9e3cbc,46644,2026-03-26T03:20:13.221563,,failed,,ZKCUSDC,5m,6,,0.0,-26.0,
1115,20260326_032453_strat_gie_de_breakout_sur_ldousdc_15m_in,C:\Users\o3-Pro\Documents\backtest_results\_builder_sessions\20260326_032453_strat_gie_de_breakout_sur_ldousdc_15m_in\session_summary.json,C:\Users\o3-Pro\Documents\backtest_results\_builder_sessions\20260326_032453_strat_gie_de_breakout_sur_ldousdc_15m_in,10454ab3524709a90607a855b307a105264e38d6bbcc27b76dc799effcaa56a2,51687,2026-03-26T03:24:53.087868,,failed,,LDOUSDC,15m,6,,0.0,-26.0,
1116,20260326_033450_strat_gie_de_mean_reversion_sur_sagausdc,C:\Users\o3-Pro\Documents\backtest_results\_builder_sessions\20260326_033450_strat_gie_de_mean_reversion_sur_sagausdc\session_summary.json,C:\Users\o3-Pro\Documents\backtest_results\_builder_sessions\20260326_033450_strat_gie_de_mean_reversion_sur_sagausdc,0620c28c06c1477ca81ae05440e8884bb17dad617043868e17e3d406a27d49b0,48266,2026-03-26T03:34:50.790521,,failed,,SAGAUSDC,30m,6,,0.0,-26.0,
1117,20260326_034119_strat_gie_de_multi_factor_sur_tstusdc_1h,C:\Users\o3-Pro\Documents\backtest_results\_builder_sessions\20260326_034119_strat_gie_de_multi_factor_sur_tstusdc_1h\session_summary.json,C:\Users\o3-Pro\Documents\backtest_results\_builder_sessions\20260326_034119_strat_gie_de_multi_factor_sur_tstusdc_1h,df601d7953c7d80288501bf27189061086472d51b90bd263750f8db31d88c158,90299,2026-03-26T03:41:19.429118,,failed,,TSTUSDC,1h,9,,0.5476818850385415,28.39555011516947,
1118,20260326_035707_strat_gie_de_scalping_sur_bfusdusdc_1w_i,C:\Users\o3-Pro\Documents\backtest_results\_builder_sessions\20260326_035707_strat_gie_de_scalping_sur_bfusdusdc_1w_i\session_summary.json,C:\Users\o3-Pro\Documents\backtest_results\_builder_sessions\20260326_035707_strat_gie_de_scalping_sur_bfusdusdc_1w_i,f2d1fa69e763f819a20c2bcd3ded9ad21c2aa16c4676da11e463e8f9c389f38e,47355,2026-03-26T03:57:07.501858,,failed,,APTUSDC,5m,6,,0.0,-26.0,
1119,20260326_040056_strat_gie_de_momentum_sur_hmstrusdc_15m,C:\Users\o3-Pro\Documents\backtest_results\_builder_sessions\20260326_040056_strat_gie_de_momentum_sur_hmstrusdc_15m\session_summary.json,C:\Users\o3-Pro\Documents\backtest_results\_builder_sessions\20260326_040056_strat_gie_de_momentum_sur_hmstrusdc_15m,2e825a4db88bf564102c211f5ccaac09a5a4db57c5732455235206acfe03d95a,49575,2026-03-26T04:00:56.837817,,failed,,HMSTRUSDC,15m,6,,0.0,-26.0,
1120,20260326_040756_strat_gie_de_regime_adaptatif_sur_wctusd,C:\Users\o3-Pro\Documents\backtest_results\_builder_sessions\20260326_040756_strat_gie_de_regime_adaptatif_sur_wctusd\session_summary.json,C:\Users\o3-Pro\Documents\backtest_results\_builder_sessions\20260326_040756_strat_gie_de_regime_adaptatif_sur_wctusd,8aa656326eaa39bc81a0d8e16dcb5993a6038c4250b28797925ce47e89e4ad2d,50258,2026-03-26T04:07:56.217192,,failed,,WCTUSDC,3m,6,,0.0,-50.0,
1121,20260326_041535_strat_gie_de_multi_factor_sur_kernelusdc,C:\Users\o3-Pro\Documents\backtest_results\_builder_sessions\20260326_041535_strat_gie_de_multi_factor_sur_kernelusdc\session_summary.json,C:\Users\o3-Pro\Documents\backtest_results\_builder_sessions\20260326_041535_strat_gie_de_multi_factor_sur_kernelusdc,690aa44764ca766cb6f78c8679eda367ad88e40dd083938a6acc1528d76dd092,9875,2026-03-26T04:15:35.317369,,success,,KERNELUSDC,4h,1,,1.269470555071726,100.0,
1122,20260326_041647_strat_gie_sur_flokiusdc_1h_acheter_sur_d,C:\Users\o3-Pro\Documents\backtest_results\_builder_sessions\20260326_041647_strat_gie_sur_flokiusdc_1h_acheter_sur_d\session_summary.json,C:\Users\o3-Pro\Documents\backtest_results\_builder_sessions\20260326_041647_strat_gie_sur_flokiusdc_1h_acheter_sur_d,848492d76eaf45b70f1523dbbb6d2f96c33c53b9e81a3b9b3883749e85d994cf,86782,2026-03-26T04:16:47.634387,,failed,,FLOKIUSDC,1h,10,,0.5838574909890988,97.61589285661152,
1123,20260326_042845_strat_gie_sur_epicusdc_4h_acheter_lors_d,C:\Users\o3-Pro\Documents\backtest_results\_builder_sessions\20260326_042845_strat_gie_sur_epicusdc_4h_acheter_lors_d\session_summary.json,C:\Users\o3-Pro\Documents\backtest_results\_builder_sessions\20260326_042845_strat_gie_sur_epicusdc_4h_acheter_lors_d,c922c7debd49c6375283141ad962185a46e549591360e5b49bd0a692f4f06646,84445,2026-03-26T04:28:45.393812,,max_iterations,,EPICUSDC,4h,10,,0.8312669497974541,-26.0,
1124,20260326_044244_acheter_sur_rupture_de_tendance_sur_muba,C:\Users\o3-Pro\Documents\backtest_results\_builder_sessions\20260326_044244_acheter_sur_rupture_de_tendance_sur_muba\session_summary.json,C:\Users\o3-Pro\Documents\backtest_results\_builder_sessions\20260326_044244_acheter_sur_rupture_de_tendance_sur_muba,e1e2a1f1ed97b2dcfb357e9999e62e1b9a4f27bb902d126af15b20e1c9161a9e,71917,2026-03-26T04:42:44.737924,,failed,,MUBARAKUSDC,1d,9,,0.5809606512832902,-26.0,
1125,20260326_045243_strat_gie_sur_paxgusdc_4h_acheter_en_rup,C:\Users\o3-Pro\Documents\backtest_results\_builder_sessions\20260326_045243_strat_gie_sur_paxgusdc_4h_acheter_en_rup\session_summary.json,C:\Users\o3-Pro\Documents\backtest_results\_builder_sessions\20260326_045243_strat_gie_sur_paxgusdc_4h_acheter_en_rup,a288ffadc181c2e76f3f6113032ca50b391eea59f20c8db4c7b265e81ac58ad4,38366,2026-03-26T04:52:43.303194,,failed,,PAXGUSDC,4h,4,,0.34271318561391484,-84.24342505244076,
1126,20260326_045845_strat_gie_sur_pnutusdc_4h_acheter_sur_ru,C:\Users\o3-Pro\Documents\backtest_results\_builder_sessions\20260326_045845_strat_gie_sur_pnutusdc_4h_acheter_sur_ru\session_summary.json,C:\Users\o3-Pro\Documents\backtest_results\_builder_sessions\20260326_045845_strat_gie_sur_pnutusdc_4h_acheter_sur_ru,fbeb74a56a920e57ff64ebaeab22e0481116a5f646c05651129833315bede59b,55470,2026-03-26T04:58:45.974338,,failed,,PNUTUSDC,4h,6,,0.2532310006652809,-100.0,
1127,20260326_050728_strat_gie_sur_strkusdc_1h_acheter_sur_di,C:\Users\o3-Pro\Documents\backtest_results\_builder_sessions\20260326_050728_strat_gie_sur_strkusdc_1h_acheter_sur_di\session_summary.json,C:\Users\o3-Pro\Documents\backtest_results\_builder_sessions\20260326_050728_strat_gie_sur_strkusdc_1h_acheter_sur_di,47cc935640c700b5542bb5dc999356f6c66c58ab7b323868bc818ad5e76651e8,44940,2026-03-26T05:07:28.479543,,failed,,STRKUSDC,1h,6,,0.935972092255676,-26.0,
1128,20260326_051701_strat_gie_de_trend_following_sur_susdc_3,C:\Users\o3-Pro\Documents\backtest_results\_builder_sessions\20260326_051701_strat_gie_de_trend_following_sur_susdc_3\session_summary.json,C:\Users\o3-Pro\Documents\backtest_results\_builder_sessions\20260326_051701_strat_gie_de_trend_following_sur_susdc_3,7ad5a27b9d87b8748ba59f1271886d953a205bd75db79d5bd73d98e4dbb96282,47992,2026-03-26T05:17:01.727728,,failed,,SUSDC,3m,6,,0.0,-26.0,
1129,20260326_052442_strat_gie_de_momentum_sur_treeusdc_5m_in,C:\Users\o3-Pro\Documents\backtest_results\_builder_sessions\20260326_052442_strat_gie_de_momentum_sur_treeusdc_5m_in\session_summary.json,C:\Users\o3-Pro\Documents\backtest_results\_builder_sessions\20260326_052442_strat_gie_de_momentum_sur_treeusdc_5m_in,56f27d428576cdebd9d624cf840117aaa74e7f481152a0af89dc4c87b242c7f0,45267,2026-03-26T05:24:42.669111,,failed,,TREEUSDC,5m,6,,0.0,-100.0,
1130,20260326_053355_strat_gie_de_mean_reversion_sur_hmstrusd,C:\Users\o3-Pro\Documents\backtest_results\_builder_sessions\20260326_053355_strat_gie_de_mean_reversion_sur_hmstrusd\session_summary.json,C:\Users\o3-Pro\Documents\backtest_results\_builder_sessions\20260326_053355_strat_gie_de_mean_reversion_sur_hmstrusd,f516028a7505f3f4c46d2e312bd63c9fd28ef573517be0d6c4a706c9969c9324,45792,2026-03-26T05:33:55.688711,,failed,,HMSTRUSDC,4h,6,,0.0,-26.0,
1131,20260326_053949_strat_gie_de_multi_factor_sur_rsrusdc_1d,C:\Users\o3-Pro\Documents\backtest_results\_builder_sessions\20260326_053949_strat_gie_de_multi_factor_sur_rsrusdc_1d\session_summary.json,C:\Users\o3-Pro\Documents\backtest_results\_builder_sessions\20260326_053949_strat_gie_de_multi_factor_sur_rsrusdc_1d,2efbe0bed234bb25ff0951dc8d1bfea8e7fd2c605c2419da383433773c115ed5,77630,2026-03-26T05:39:49.286639,,max_iterations,,RSRUSDC,1d,10,,0.8309304980736686,84.69551664870494,
1132,20260326_055114_strat_gie_sur_humausdc_5m_acheter_au_niv,C:\Users\o3-Pro\Documents\backtest_results\_builder_sessions\20260326_055114_strat_gie_sur_humausdc_5m_acheter_au_niv\session_summary.json,C:\Users\o3-Pro\Documents\backtest_results\_builder_sessions\20260326_055114_strat_gie_sur_humausdc_5m_acheter_au_niv,0f890d06ed6b2050da6cf97bf9b3929b0ec061e6ec79026175f01bafc30d9637,50027,2026-03-26T05:51:14.919267,,failed,,HUMAUSDC,5m,6,,0.0,-100.0,
1133,20260326_055821_strat_gie_sur_maticusdc_1h_acheter_en_zo,C:\Users\o3-Pro\Documents\backtest_results\_builder_sessions\20260326_055821_strat_gie_sur_maticusdc_1h_acheter_en_zo\session_summary.json,C:\Users\o3-Pro\Documents\backtest_results\_builder_sessions\20260326_055821_strat_gie_sur_maticusdc_1h_acheter_en_zo,9bd474d7d91d0e0c0d8d844c096d69bf4e17d51e1ff765273bd3e034de5ffea3,44834,2026-03-26T05:58:21.845519,,failed,,MATICUSDC,1h,6,,0.0,-26.0,
1134,20260326_060306_strat_gie_sur_zrousdc_1h_acheter_sur_div,C:\Users\o3-Pro\Documents\backtest_results\_builder_sessions\20260326_060306_strat_gie_sur_zrousdc_1h_acheter_sur_div\session_summary.json,C:\Users\o3-Pro\Documents\backtest_results\_builder_sessions\20260326_060306_strat_gie_sur_zrousdc_1h_acheter_sur_div,dc97317f5461d0f554d562cfac25dd998e4595db8e665498c737405226bdd0a2,46650,2026-03-26T06:03:06.485163,,failed,,ZROUSDC,1h,6,,0.41569938598342515,-26.0,
1135,20260326_061029_strat_gie_sur_mkrusdc_1h_acheter_lorsque,C:\Users\o3-Pro\Documents\backtest_results\_builder_sessions\20260326_061029_strat_gie_sur_mkrusdc_1h_acheter_lorsque\session_summary.json,C:\Users\o3-Pro\Documents\backtest_results\_builder_sessions\20260326_061029_strat_gie_sur_mkrusdc_1h_acheter_lorsque,9aaf3efacd04e7625c58670d2d20d9e6dc484bf6266f183751c0bf0f015622a2,43127,2026-03-26T06:10:29.765845,,failed,,MKRUSDC,1h,6,,0.0,-100.0,
1136,20260326_061605_strat_gie_de_trend_following_sur_pumpusd,C:\Users\o3-Pro\Documents\backtest_results\_builder_sessions\20260326_061605_strat_gie_de_trend_following_sur_pumpusd\session_summary.json,C:\Users\o3-Pro\Documents\backtest_results\_builder_sessions\20260326_061605_strat_gie_de_trend_following_sur_pumpusd,e1e5c7bcdea01a6ff6a31c346dd1e2eb116fb9732baf243935ffee4fd92643e5,50480,2026-03-26T06:16:05.877324,,failed,,PUMPUSDC,30m,6,,0.0,-26.0,
1137,20260326_062217_strat_gie_de_regime_adaptatif_sur_sagaus,C:\Users\o3-Pro\Documents\backtest_results\_builder_sessions\20260326_062217_strat_gie_de_regime_adaptatif_sur_sagaus\session_summary.json,C:\Users\o3-Pro\Documents\backtest_results\_builder_sessions\20260326_062217_strat_gie_de_regime_adaptatif_sur_sagaus,07a35a8c27039a0ce5971ba14a7eb322b8b37f20605586e59a4db49b58f50119,72162,2026-03-26T06:22:17.965182,,failed,,SAGAUSDC,1d,9,,0.7072603331441407,-26.0,
1138,20260326_063202_strat_gie_de_scalping_sur_omusdc_15m_ind,C:\Users\o3-Pro\Documents\backtest_results\_builder_sessions\20260326_063202_strat_gie_de_scalping_sur_omusdc_15m_ind\session_summary.json,C:\Users\o3-Pro\Documents\backtest_results\_builder_sessions\20260326_063202_strat_gie_de_scalping_sur_omusdc_15m_ind,ef2a9f51a234b2be52789434585e347afe5c15bb5edc6c91da9833df73ed8daa,48990,2026-03-26T06:32:02.796033,,failed,,OMUSDC,15m,6,,0.0,-26.0,
1139,20260326_064020_strat_gie_de_breakout_sur_treeusdc_1h_in,C:\Users\o3-Pro\Documents\backtest_results\_builder_sessions\20260326_064020_strat_gie_de_breakout_sur_treeusdc_1h_in\session_summary.json,C:\Users\o3-Pro\Documents\backtest_results\_builder_sessions\20260326_064020_strat_gie_de_breakout_sur_treeusdc_1h_in,9ae3b7a737e7859bf3be9af98ef8105076a65c67588571b2380984499df11f0b,49717,2026-03-26T06:40:20.635167,,failed,,TREEUSDC,1h,6,,0.0,-26.0,
1140,20260326_064803_strat_gie_sur_filusdc_4h_acheter_sur_des,C:\Users\o3-Pro\Documents\backtest_results\_builder_sessions\20260326_064803_strat_gie_sur_filusdc_4h_acheter_sur_des\session_summary.json,C:\Users\o3-Pro\Documents\backtest_results\_builder_sessions\20260326_064803_strat_gie_sur_filusdc_4h_acheter_sur_des,04b301bbf94afcad64dc9a8bf95b6d5be3eb48c0aec215ea24d35335f74a38c6,52511,2026-03-26T06:48:03.062784,,failed,,FILUSDC,4h,6,,0.2909923004593917,-100.0,
1141,20260326_065438_strat_gie_sur_dolousdc_1h_acheter_en_div,C:\Users\o3-Pro\Documents\backtest_results\_builder_sessions\20260326_065438_strat_gie_sur_dolousdc_1h_acheter_en_div\session_summary.json,C:\Users\o3-Pro\Documents\backtest_results\_builder_sessions\20260326_065438_strat_gie_sur_dolousdc_1h_acheter_en_div,728959cc2ae60d0c286a8836df2fe009e0177b6c5161c392e5ddd431afcbd4e0,41828,2026-03-26T06:54:38.705325,,failed,,DOLOUSDC,1h,6,,0.0,-26.0,
1142,20260326_065856_strat_gie_sur_biousdc_1h_acheter_sur_sur,C:\Users\o3-Pro\Documents\backtest_results\_builder_sessions\20260326_065856_strat_gie_sur_biousdc_1h_acheter_sur_sur\session_summary.json,C:\Users\o3-Pro\Documents\backtest_results\_builder_sessions\20260326_065856_strat_gie_sur_biousdc_1h_acheter_sur_sur,b6ab8b34310fa1933971a4d84bec3e21a7f5a732b4f073d4a5c90130437b81c7,47728,2026-03-26T06:58:56.719745,,failed,,BIOUSDC,1h,6,,0.766110341666254,-26.0,
1143,20260326_070311_strat_gie_sur_allousdc_15m_acheter_sur_c,C:\Users\o3-Pro\Documents\backtest_results\_builder_sessions\20260326_070311_strat_gie_sur_allousdc_15m_acheter_sur_c\session_summary.json,C:\Users\o3-Pro\Documents\backtest_results\_builder_sessions\20260326_070311_strat_gie_sur_allousdc_15m_acheter_sur_c,1e989693145bdc5114380cd59bb40373ca24626ab9bbe4bf87f5ca47e6629946,47305,2026-03-26T07:03:11.144307,,failed,,ALLOUSDC,15m,6,,0.0,-26.0,
1144,20260326_070822_strat_gie_de_multi_factor_sur_atomusdc_1,C:\Users\o3-Pro\Documents\backtest_results\_builder_sessions\20260326_070822_strat_gie_de_multi_factor_sur_atomusdc_1\session_summary.json,C:\Users\o3-Pro\Documents\backtest_results\_builder_sessions\20260326_070822_strat_gie_de_multi_factor_sur_atomusdc_1,a072185df5bda7f181da759da7946556b3b3cb572fe7b4132819ea62eb4c4012,48885,2026-03-26T07:08:22.219541,,failed,,APTUSDC,5m,6,,0.0,-26.0,
1145,20260326_071551_strat_gie_de_trend_following_sur_ldousdc,C:\Users\o3-Pro\Documents\backtest_results\_builder_sessions\20260326_071551_strat_gie_de_trend_following_sur_ldousdc\session_summary.json,C:\Users\o3-Pro\Documents\backtest_results\_builder_sessions\20260326_071551_strat_gie_de_trend_following_sur_ldousdc,eb0dc7ed68908a793d2999c875efafadeab9e395aa54ba74b3418aa92fdd40d1,88886,2026-03-26T07:15:51.000911,,failed,,LDOUSDC,1h,10,,0.4443547393647423,34.64990158489681,
1146,20260326_072710_strat_gie_de_scalping_sur_nomusdc_15m_in,C:\Users\o3-Pro\Documents\backtest_results\_builder_sessions\20260326_072710_strat_gie_de_scalping_sur_nomusdc_15m_in\session_summary.json,C:\Users\o3-Pro\Documents\backtest_results\_builder_sessions\20260326_072710_strat_gie_de_scalping_sur_nomusdc_15m_in,de22c7994c3b46261e1e5c5e6c18fea0212dabc34e681b5365323d27d6c71de6,45325,2026-03-26T07:27:10.886747,,failed,,NOMUSDC,15m,6,,0.0,-26.0,
1147,20260326_073224_strat_gie_de_momentum_sur_giggleusdc_15m,C:\Users\o3-Pro\Documents\backtest_results\_builder_sessions\20260326_073224_strat_gie_de_momentum_sur_giggleusdc_15m\session_summary.json,C:\Users\o3-Pro\Documents\backtest_results\_builder_sessions\20260326_073224_strat_gie_de_momentum_sur_giggleusdc_15m,d40a3a20b45d19b25bbb5b226b5cb807905881f91f254422a1574dd9eeba7c9c,51593,2026-03-26T07:32:24.411708,,failed,,GIGGLEUSDC,15m,6,,0.0,-100.0,
1148,20260326_073931_strat_gie_de_multi_factor_sur_rsrusdc_15,C:\Users\o3-Pro\Documents\backtest_results\_builder_sessions\20260326_073931_strat_gie_de_multi_factor_sur_rsrusdc_15\session_summary.json,C:\Users\o3-Pro\Documents\backtest_results\_builder_sessions\20260326_073931_strat_gie_de_multi_factor_sur_rsrusdc_15,04d4e67cc6cb57f7a437697296581e7c995f8f9043918404e472cb515ca46323,51444,2026-03-26T07:39:31.519240,,failed,,APTUSDC,5m,6,,0.0,-100.0,
1149,20260326_074525_strat_gie_de_regime_adaptatif_sur_banana,C:\Users\o3-Pro\Documents\backtest_results\_builder_sessions\20260326_074525_strat_gie_de_regime_adaptatif_sur_banana\session_summary.json,C:\Users\o3-Pro\Documents\backtest_results\_builder_sessions\20260326_074525_strat_gie_de_regime_adaptatif_sur_banana,b51a3f682910b4407a04f797fc022dc7df9f6bd62782f6e82025c54429c03cfe,53662,2026-03-26T07:45:25.713895,,failed,,BANANAUSDC,30m,6,,0.0,-100.0,
1150,20260326_075447_strat_gie_de_trend_following_sur_ldousdc,C:\Users\o3-Pro\Documents\backtest_results\_builder_sessions\20260326_075447_strat_gie_de_trend_following_sur_ldousdc\session_summary.json,C:\Users\o3-Pro\Documents\backtest_results\_builder_sessions\20260326_075447_strat_gie_de_trend_following_sur_ldousdc,10db2ec3d0d6e672b4b4d16a6b5a1769127cf982bb8007bc45e5120826126cc1,73213,2026-03-26T07:54:47.342048,,failed,,LDOUSDC,4h,9,,0.7326393952206751,-26.0,
1151,20260326_080624_strat_gie_de_scalping_sur_zkcusdc_15m_in,C:\Users\o3-Pro\Documents\backtest_results\_builder_sessions\20260326_080624_strat_gie_de_scalping_sur_zkcusdc_15m_in\session_summary.json,C:\Users\o3-Pro\Documents\backtest_results\_builder_sessions\20260326_080624_strat_gie_de_scalping_sur_zkcusdc_15m_in,fe6f96617e257e04b93025a3d44c63f9bd3580e3c54a59f9b1ddf90c8a2fe926,45840,2026-03-26T08:06:24.669600,,failed,,ZKCUSDC,15m,6,,0.5439136079903508,-26.0,
1152,20260326_081232_strat_gie_de_momentum_sur_1000catusdc_1h,C:\Users\o3-Pro\Documents\backtest_results\_builder_sessions\20260326_081232_strat_gie_de_momentum_sur_1000catusdc_1h\session_summary.json,C:\Users\o3-Pro\Documents\backtest_results\_builder_sessions\20260326_081232_strat_gie_de_momentum_sur_1000catusdc_1h,9cccf678f1d1a903af7059035bd3b74d8ea32fe4b852ac57d9a5ef720521e2f2,44494,2026-03-26T08:12:32.244107,,failed,,APTUSDC,5m,6,,0.0,-26.0,
1153,20260326_081856_strat_gie_de_regime_adaptatif_sur_pendle,C:\Users\o3-Pro\Documents\backtest_results\_builder_sessions\20260326_081856_strat_gie_de_regime_adaptatif_sur_pendle\session_summary.json,C:\Users\o3-Pro\Documents\backtest_results\_builder_sessions\20260326_081856_strat_gie_de_regime_adaptatif_sur_pendle,9644a31842fc09f10faa42687c2b484b2bd187dfb065b57419fac52fa40f032c,50164,2026-03-26T08:18:56.668716,,failed,,PENDLEUSDC,5m,6,,0.0,-26.0,
1154,20260326_082633_strat_gie_de_multi_factor_sur_rsrusdc_30,C:\Users\o3-Pro\Documents\backtest_results\_builder_sessions\20260326_082633_strat_gie_de_multi_factor_sur_rsrusdc_30\session_summary.json,C:\Users\o3-Pro\Documents\backtest_results\_builder_sessions\20260326_082633_strat_gie_de_multi_factor_sur_rsrusdc_30,f06fddc2fb97bc055e2a1e0926bc5e92600b6924e1df7fde53bfa3d696d40e5b,49581,2026-03-26T08:26:33.899246,,failed,,RSRUSDC,30m,6,,0.0,-26.0,
1155,20260326_083154_strat_gie_de_trend_following_sur_ethfius,C:\Users\o3-Pro\Documents\backtest_results\_builder_sessions\20260326_083154_strat_gie_de_trend_following_sur_ethfius\session_summary.json,C:\Users\o3-Pro\Documents\backtest_results\_builder_sessions\20260326_083154_strat_gie_de_trend_following_sur_ethfius,b56ab1506a287afab0bf2945d2832b511175e5ea6e71692c0cf76536210ccf9f,49767,2026-03-26T08:31:54.220094,,failed,,ETHFIUSDC,30m,6,,0.0,-26.0,
1156,20260326_083757_strat_gie_de_mean_reversion_sur_enausdc,C:\Users\o3-Pro\Documents\backtest_results\_builder_sessions\20260326_083757_strat_gie_de_mean_reversion_sur_enausdc\session_summary.json,C:\Users\o3-Pro\Documents\backtest_results\_builder_sessions\20260326_083757_strat_gie_de_mean_reversion_sur_enausdc,da36096413e254265ada163d14d464c2957dd6e18b7a233ff6ec3e3e2384a001,50492,2026-03-26T08:37:57.862374,,failed,,APTUSDC,5m,6,,0.0,-100.0,
1157,20260326_084348_strat_gie_de_scalping_sur_wctusdc_4h_ind,C:\Users\o3-Pro\Documents\backtest_results\_builder_sessions\20260326_084348_strat_gie_de_scalping_sur_wctusdc_4h_ind\session_summary.json,C:\Users\o3-Pro\Documents\backtest_results\_builder_sessions\20260326_084348_strat_gie_de_scalping_sur_wctusdc_4h_ind,5f841ed1e9f8cc41eefbf022fcee20442f2d875a9184f09a7eab26162b77e119,49342,2026-03-26T08:43:48.836811,,failed,,WCTUSDC,4h,6,,0.5101638739345693,33.28382899426141,
1158,20260326_085034_strat_gie_de_breakout_sur_euriusdc_15m_i,C:\Users\o3-Pro\Documents\backtest_results\_builder_sessions\20260326_085034_strat_gie_de_breakout_sur_euriusdc_15m_i\session_summary.json,C:\Users\o3-Pro\Documents\backtest_results\_builder_sessions\20260326_085034_strat_gie_de_breakout_sur_euriusdc_15m_i,f7970eee6b51405a5e1522e78d3eccac9cb8b98876d79e72fa04a30e04726f6d,47964,2026-03-26T08:50:34.507265,,failed,,EURIUSDC,15m,6,,0.0,-26.0,
1159,20260326_085743_strat_gie_de_regime_adaptatif_sur_sagaus,C:\Users\o3-Pro\Documents\backtest_results\_builder_sessions\20260326_085743_strat_gie_de_regime_adaptatif_sur_sagaus\session_summary.json,C:\Users\o3-Pro\Documents\backtest_results\_builder_sessions\20260326_085743_strat_gie_de_regime_adaptatif_sur_sagaus,9abc029336f55a7b57fb4c897762b0b8d548afed15d0179a44700a928a1336a4,49255,2026-03-26T08:57:43.603826,,failed,,SAGAUSDC,5m,6,,0.0,-26.0,
1160,20260326_090738_strat_gie_de_multi_factor_sur_rsrusdc_1h,C:\Users\o3-Pro\Documents\backtest_results\_builder_sessions\20260326_090738_strat_gie_de_multi_factor_sur_rsrusdc_1h\session_summary.json,C:\Users\o3-Pro\Documents\backtest_results\_builder_sessions\20260326_090738_strat_gie_de_multi_factor_sur_rsrusdc_1h,f6584d44f35a3efd2742449e58a743c8df404275767064a21404194020baf3a0,48128,2026-03-26T09:07:38.790552,,failed,,APTUSDC,5m,6,,0.0,-26.0,
1161,20260326_091342_strat_gie_de_trend_following_sur_atomusd,C:\Users\o3-Pro\Documents\backtest_results\_builder_sessions\20260326_091342_strat_gie_de_trend_following_sur_atomusd\session_summary.json,C:\Users\o3-Pro\Documents\backtest_results\_builder_sessions\20260326_091342_strat_gie_de_trend_following_sur_atomusd,605ffaf38eb943a44198c63ba7c09dd98c72e3224a85526c4f92f76900fb511b,50177,2026-03-26T09:13:42.419425,,failed,,ATOMUSDC,15m,6,,0.0,-100.0,
1162,20260326_092200_strat_gie_de_breakout_sur_sagausdc_1h_in,C:\Users\o3-Pro\Documents\backtest_results\_builder_sessions\20260326_092200_strat_gie_de_breakout_sur_sagausdc_1h_in\session_summary.json,C:\Users\o3-Pro\Documents\backtest_results\_builder_sessions\20260326_092200_strat_gie_de_breakout_sur_sagausdc_1h_in,77b1d71bbe1e3df3b08f647de7b7151301e171fe92ed9e9212e810ce0b1e80ff,76658,2026-03-26T09:22:00.604390,,failed,,SAGAUSDC,1h,9,,0.40597030140666157,-26.0,
1163,20260326_093432_strat_gie_de_scalping_sur_ltcusdc_30m_in,C:\Users\o3-Pro\Documents\backtest_results\_builder_sessions\20260326_093432_strat_gie_de_scalping_sur_ltcusdc_30m_in\session_summary.json,C:\Users\o3-Pro\Documents\backtest_results\_builder_sessions\20260326_093432_strat_gie_de_scalping_sur_ltcusdc_30m_in,7c1c3b09e598d5d0c1d2d229f1cb674f2081d95e519ec74db9bfc4390148b690,48807,2026-03-26T09:34:32.536955,,failed,,LTCUSDC,30m,6,,0.0,-26.0,
1164,20260326_094039_strat_gie_de_multi_factor_sur_zkcusdc_1d,C:\Users\o3-Pro\Documents\backtest_results\_builder_sessions\20260326_094039_strat_gie_de_multi_factor_sur_zkcusdc_1d\session_summary.json,C:\Users\o3-Pro\Documents\backtest_results\_builder_sessions\20260326_094039_strat_gie_de_multi_factor_sur_zkcusdc_1d,27bb5a38bf2a3ffa84dff0204eed8a267181b2488e83b69c9e7e444c839e5095,49303,2026-03-26T09:40:39.224678,,failed,,APTUSDC,5m,6,,0.0,-26.0,
1165,20260326_094812_strat_gie_de_mean_reversion_sur_wctusdc,C:\Users\o3-Pro\Documents\backtest_results\_builder_sessions\20260326_094812_strat_gie_de_mean_reversion_sur_wctusdc\session_summary.json,C:\Users\o3-Pro\Documents\backtest_results\_builder_sessions\20260326_094812_strat_gie_de_mean_reversion_sur_wctusdc,fec9593c0d0848d79c20c492bed261d530a31f6feb524358fd7ea7ac9a87f5c7,59095,2026-03-26T09:48:12.027323,,failed,,WCTUSDC,4h,7,,0.8377755587682695,33.28382899426141,
1166,20260326_100104_strat_gie_de_momentum_sur_mitousdc_30m_i,C:\Users\o3-Pro\Documents\backtest_results\_builder_sessions\20260326_100104_strat_gie_de_momentum_sur_mitousdc_30m_i\session_summary.json,C:\Users\o3-Pro\Documents\backtest_results\_builder_sessions\20260326_100104_strat_gie_de_momentum_sur_mitousdc_30m_i,2c573dce5a8dbe846c000cc27dbb7f10b64e0bbcf3be3c861d010299c3660393,47733,2026-03-26T10:01:04.894244,,failed,,MITOUSDC,30m,6,,0.0,-26.0,
1167,20260326_100604_strat_gie_de_scalping_sur_ldousdc_1h_ind,C:\Users\o3-Pro\Documents\backtest_results\_builder_sessions\20260326_100604_strat_gie_de_scalping_sur_ldousdc_1h_ind\session_summary.json,C:\Users\o3-Pro\Documents\backtest_results\_builder_sessions\20260326_100604_strat_gie_de_scalping_sur_ldousdc_1h_ind,e8a0c8e6c3cc7a5d944e35ac351463fca538b20fca9b1d1602f1cf0cc2c6d7be,75578,2026-03-26T10:06:04.475952,,failed,,LDOUSDC,1h,9,,0.4443547393647423,-26.0,
1168,20260326_101710_strat_gie_de_trend_following_sur_kernelu,C:\Users\o3-Pro\Documents\backtest_results\_builder_sessions\20260326_101710_strat_gie_de_trend_following_sur_kernelu\session_summary.json,C:\Users\o3-Pro\Documents\backtest_results\_builder_sessions\20260326_101710_strat_gie_de_trend_following_sur_kernelu,bc565dff67c4d6d0886c3e2b9e1bc60983169371c27a293a4ae98a569c1bb5db,57046,2026-03-26T10:17:10.614716,,failed,,APTUSDC,5m,6,,-20.0,-100.0,
1169,20260326_102940_strat_gie_de_mean_reversion_sur_rsrusdc,C:\Users\o3-Pro\Documents\backtest_results\_builder_sessions\20260326_102940_strat_gie_de_mean_reversion_sur_rsrusdc\session_summary.json,C:\Users\o3-Pro\Documents\backtest_results\_builder_sessions\20260326_102940_strat_gie_de_mean_reversion_sur_rsrusdc,eb500ac031e13a6696e5448e08feb7c55c13dd2b91544431758df9fc7d53ffb5,93569,2026-03-26T10:29:40.480796,,failed,,RSRUSDC,1d,10,,0.8309304980736686,84.69551664870494,
1170,20260326_104352_strat_gie_de_multi_factor_sur_wctusdc_3m,C:\Users\o3-Pro\Documents\backtest_results\_builder_sessions\20260326_104352_strat_gie_de_multi_factor_sur_wctusdc_3m\session_summary.json,C:\Users\o3-Pro\Documents\backtest_results\_builder_sessions\20260326_104352_strat_gie_de_multi_factor_sur_wctusdc_3m,22c0a03e8913aca48b4b816aa9d6b27ef77877bd16357661b972e942eec83255,42144,2026-03-26T10:43:52.481071,,failed,,WCTUSDC,3m,6,,0.0,-26.0,
1171,20260326_104818_strat_gie_de_regime_adaptatif_sur_walusd,C:\Users\o3-Pro\Documents\backtest_results\_builder_sessions\20260326_104818_strat_gie_de_regime_adaptatif_sur_walusd\session_summary.json,C:\Users\o3-Pro\Documents\backtest_results\_builder_sessions\20260326_104818_strat_gie_de_regime_adaptatif_sur_walusd,255f78df222337042277cd9461831d80a0b620e6a3d2050773617da304cfa72b,51042,2026-03-26T10:48:18.089394,,failed,,WALUSDC,15m,6,,0.7899080471333233,-100.0,
1172,20260326_105605_strat_gie_de_breakout_sur_bananausdc_1h,C:\Users\o3-Pro\Documents\backtest_results\_builder_sessions\20260326_105605_strat_gie_de_breakout_sur_bananausdc_1h\session_summary.json,C:\Users\o3-Pro\Documents\backtest_results\_builder_sessions\20260326_105605_strat_gie_de_breakout_sur_bananausdc_1h,dd5709de7ebc3fea8838635bd1493e757aaf3fb4dd43269e9ba761e6d4687bec,54565,2026-03-26T10:56:05.546928,,failed,,APTUSDC,5m,6,,-20.0,-100.0,
1173,20260326_110529_strat_gie_de_scalping_sur_troyusdc_4h_in,C:\Users\o3-Pro\Documents\backtest_results\_builder_sessions\20260326_110529_strat_gie_de_scalping_sur_troyusdc_4h_in\session_summary.json,C:\Users\o3-Pro\Documents\backtest_results\_builder_sessions\20260326_110529_strat_gie_de_scalping_sur_troyusdc_4h_in,32f1c5312c264a467f280b72e5cc012ad22e3f620db726dcf3c439db5a50898b,52038,2026-03-26T11:05:29.176360,,success,,TROYUSDC,4h,6,,1.9449120243054305,97.57968218002804,
1174,20260326_111232_exploiter_le_momentum_avec_bollinger_et,C:\Users\o3-Pro\Documents\backtest_results\_builder_sessions\20260326_111232_exploiter_le_momentum_avec_bollinger_et\session_summary.json,C:\Users\o3-Pro\Documents\backtest_results\_builder_sessions\20260326_111232_exploiter_le_momentum_avec_bollinger_et,c6e037c5f980ca83876fc609b86e419a2f12c07cf9905cd7806ec275d1c94e7e,53615,2026-03-26T11:12:32.961945,,failed,,CRVUSDC,1h,6,,0.0,-100.0,
1175,20260326_112018_strat_gie_sur_humausdc_30m_acheter_la_ca,C:\Users\o3-Pro\Documents\backtest_results\_builder_sessions\20260326_112018_strat_gie_sur_humausdc_30m_acheter_la_ca\session_summary.json,C:\Users\o3-Pro\Documents\backtest_results\_builder_sessions\20260326_112018_strat_gie_sur_humausdc_30m_acheter_la_ca,b8b7dfcf880ef705cb7e239bf251a3bba7a090167a599ce482227e2e42cc13d2,53498,2026-03-26T11:20:18.377833,,failed,,HUMAUSDC,30m,6,,0.0,-100.0,
1176,20260326_112740_strat_gie_sur_penguusdc_4h_recherche_de,C:\Users\o3-Pro\Documents\backtest_results\_builder_sessions\20260326_112740_strat_gie_sur_penguusdc_4h_recherche_de\session_summary.json,C:\Users\o3-Pro\Documents\backtest_results\_builder_sessions\20260326_112740_strat_gie_sur_penguusdc_4h_recherche_de,daf49454809adcbbb806c4de4ec67209f6005558b87ea6b229a0ef52b88cf22d,84210,2026-03-26T11:27:40.338697,,max_iterations,,PENGUUSDC,4h,10,,0.64426400718695,-22.921747896310325,
1177,20260326_113914_strat_gie_sur_bankusdc_1h_acheter_sur_le,C:\Users\o3-Pro\Documents\backtest_results\_builder_sessions\20260326_113914_strat_gie_sur_bankusdc_1h_acheter_sur_le\session_summary.json,C:\Users\o3-Pro\Documents\backtest_results\_builder_sessions\20260326_113914_strat_gie_sur_bankusdc_1h_acheter_sur_le,db62bd551c3d9efc2122393d16654ad5d9e0b6d38ea118c741e307904d1917ed,15875,2026-03-26T11:39:14.602870,,success,,BANKUSDC,1h,2,,1.907779523393095,-26.0,
1178,20260326_114059_strat_gie_sur_orcausdc_4h_acheter_la_con,C:\Users\o3-Pro\Documents\backtest_results\_builder_sessions\20260326_114059_strat_gie_sur_orcausdc_4h_acheter_la_con\session_summary.json,C:\Users\o3-Pro\Documents\backtest_results\_builder_sessions\20260326_114059_strat_gie_sur_orcausdc_4h_acheter_la_con,aa3f85dd3b7d16ddc4e938cdcccd0fbdee89518fdc92d971e436b6d6264c61f6,52048,2026-03-26T11:40:59.696594,,failed,,ORCAUSDC,4h,6,,0.03682816282899091,-26.0,
1179,20260326_114803_strat_gie_sur_paxgusdc_1h_acheter_sur_ca,C:\Users\o3-Pro\Documents\backtest_results\_builder_sessions\20260326_114803_strat_gie_sur_paxgusdc_1h_acheter_sur_ca\session_summary.json,C:\Users\o3-Pro\Documents\backtest_results\_builder_sessions\20260326_114803_strat_gie_sur_paxgusdc_1h_acheter_sur_ca,32af0881df292bbb8a4205bd6e45d72ec51166375b1ae46f5dda899238de15ba,48711,2026-03-26T11:48:03.803488,,failed,,PAXGUSDC,1h,6,,0.0,-26.0,
1180,20260326_115406_strat_gie_sur_rsrusdc_1h_acheter_sur_rup,C:\Users\o3-Pro\Documents\backtest_results\_builder_sessions\20260326_115406_strat_gie_sur_rsrusdc_1h_acheter_sur_rup\session_summary.json,C:\Users\o3-Pro\Documents\backtest_results\_builder_sessions\20260326_115406_strat_gie_sur_rsrusdc_1h_acheter_sur_rup,ab9fc0ad5fcc2b92a4f1c9474a421b3d4b7437f968b948c0ca79298827ad05a1,81711,2026-03-26T11:54:06.043066,,failed,,RSRUSDC,1h,9,,0.5576730493175949,54.22527909122037,
1181,20260326_120528_strat_gie_sur_neirousdc_1h_acheter_sur_l,C:\Users\o3-Pro\Documents\backtest_results\_builder_sessions\20260326_120528_strat_gie_sur_neirousdc_1h_acheter_sur_l\session_summary.json,C:\Users\o3-Pro\Documents\backtest_results\_builder_sessions\20260326_120528_strat_gie_sur_neirousdc_1h_acheter_sur_l,74e783d4944d940e3052d1eee0253d9b1370ab291475e78eb775037c8a76fd13,48000,2026-03-26T12:05:28.680950,,failed,,NEIROUSDC,1h,6,,0.0,-26.0,
1182,20260326_121216_strat_gie_de_momentum_sur_sagausdc_15m_i,C:\Users\o3-Pro\Documents\backtest_results\_builder_sessions\20260326_121216_strat_gie_de_momentum_sur_sagausdc_15m_i\session_summary.json,C:\Users\o3-Pro\Documents\backtest_results\_builder_sessions\20260326_121216_strat_gie_de_momentum_sur_sagausdc_15m_i,802f4df72ceef1c6fdc13d8ad0ce51d30a50a9c2639abed7ed9d1e186beb67c9,53753,2026-03-26T12:12:16.196732,,failed,,SAGAUSDC,15m,6,,0.0,-100.0,
1183,20260326_122301_strat_gie_de_multi_factor_sur_enausdc_4h,C:\Users\o3-Pro\Documents\backtest_results\_builder_sessions\20260326_122301_strat_gie_de_multi_factor_sur_enausdc_4h\session_summary.json,C:\Users\o3-Pro\Documents\backtest_results\_builder_sessions\20260326_122301_strat_gie_de_multi_factor_sur_enausdc_4h,7368ba6c280eb9f1b430a4af8cc73f4dd24091f03792e700791d4905b494fee0,23336,2026-03-26T12:23:01.263066,,failed,,ENAUSDC,4h,3,,0.0,-26.0,
1184,20260326_122705_strat_gie_de_breakout_sur_bananas31usdc,C:\Users\o3-Pro\Documents\backtest_results\_builder_sessions\20260326_122705_strat_gie_de_breakout_sur_bananas31usdc\session_summary.json,C:\Users\o3-Pro\Documents\backtest_results\_builder_sessions\20260326_122705_strat_gie_de_breakout_sur_bananas31usdc,69afecb7c0488316812d1f50774d0a560e5898fcfc36fe7a87cb23a32f774a34,9764,2026-03-26T12:27:05.797374,,success,,BANANAS31USDC,1h,1,,2.0646271729177124,100.0,
1185,20260326_122834_strat_gie_sur_bananausdc_15m_acheter_la,C:\Users\o3-Pro\Documents\backtest_results\_builder_sessions\20260326_122834_strat_gie_sur_bananausdc_15m_acheter_la\session_summary.json,C:\Users\o3-Pro\Documents\backtest_results\_builder_sessions\20260326_122834_strat_gie_sur_bananausdc_15m_acheter_la,b87e43b755fbdcce98590fc1f294241516fb081ca254dce946cd573d278f1c7e,49307,2026-03-26T12:28:34.754720,,failed,,BANANAUSDC,15m,6,,0.0,-26.0,
1186,20260326_123528_strat_gie_sur_dogeusdc_1h_entrer_sur_une,C:\Users\o3-Pro\Documents\backtest_results\_builder_sessions\20260326_123528_strat_gie_sur_dogeusdc_1h_entrer_sur_une\session_summary.json,C:\Users\o3-Pro\Documents\backtest_results\_builder_sessions\20260326_123528_strat_gie_sur_dogeusdc_1h_entrer_sur_une,48d8a70a538aab5ef287e565a5dd570bbe7375fd7b6300a70c011909b8c5ddb8,53249,2026-03-26T12:35:28.209123,,failed,,DOGEUSDC,1h,6,,0.1610059250578801,-100.0,
1187,20260326_124318_strat_gie_sur_zkcusdc_15m_acheter_quand,C:\Users\o3-Pro\Documents\backtest_results\_builder_sessions\20260326_124318_strat_gie_sur_zkcusdc_15m_acheter_quand\session_summary.json,C:\Users\o3-Pro\Documents\backtest_results\_builder_sessions\20260326_124318_strat_gie_sur_zkcusdc_15m_acheter_quand,42969a568a0ac74714077fdb82edc374a4668c2f3975635582499c73b5f29b1c,50279,2026-03-26T12:43:18.532041,,failed,,ZKCUSDC,15m,6,,0.5439136079903508,-26.0,
1188,20260326_125037_strat_gie_sur_pendleusdc_1d_acheter_en_r,C:\Users\o3-Pro\Documents\backtest_results\_builder_sessions\20260326_125037_strat_gie_sur_pendleusdc_1d_acheter_en_r\session_summary.json,C:\Users\o3-Pro\Documents\backtest_results\_builder_sessions\20260326_125037_strat_gie_sur_pendleusdc_1d_acheter_en_r,4e440f0fdb8b4a45b868cc1c98588a449240b5fbd41de7a9601b8950d95f79b5,31294,2026-03-26T12:50:37.926223,,failed,,PENDLEUSDC,1d,4,,0.0,-26.0,
1189,20260326_125443_strat_gie_de_mean_reversion_sur_epicusdc,C:\Users\o3-Pro\Documents\backtest_results\_builder_sessions\20260326_125443_strat_gie_de_mean_reversion_sur_epicusdc\session_summary.json,C:\Users\o3-Pro\Documents\backtest_results\_builder_sessions\20260326_125443_strat_gie_de_mean_reversion_sur_epicusdc,773e77b70998692ad58cc2800b203d7a1e5bc41fa2ad2d20e23c37e7d42327dc,87065,2026-03-26T12:54:43.056140,,failed,,EPICUSDC,30m,10,,0.928481723307604,83.99738080369133,
1190,20260326_130815_strat_gie_de_scalping_sur_bananausdc_1d,C:\Users\o3-Pro\Documents\backtest_results\_builder_sessions\20260326_130815_strat_gie_de_scalping_sur_bananausdc_1d\session_summary.json,C:\Users\o3-Pro\Documents\backtest_results\_builder_sessions\20260326_130815_strat_gie_de_scalping_sur_bananausdc_1d,6f10c2e9bfdeb5e08bfedf3ca3972640e815588d12dab87a8b53334856f8d364,32014,2026-03-26T13:08:15.947057,,success,,BANANAUSDC,1d,4,,1.1183985220581207,-26.0,
1191,20260326_131121_strat_gie_sur_hbarusdc_1d_acheter_sur_di,C:\Users\o3-Pro\Documents\backtest_results\_builder_sessions\20260326_131121_strat_gie_sur_hbarusdc_1d_acheter_sur_di\session_summary.json,C:\Users\o3-Pro\Documents\backtest_results\_builder_sessions\20260326_131121_strat_gie_sur_hbarusdc_1d_acheter_sur_di,3f0bca1c59eec3ccff8878de20e986f32129d9b37bc192b8270bced4e4b9184c,83797,2026-03-26T13:11:21.111909,,failed,,HBARUSDC,1d,10,,0.860768174381208,100.0,
1192,20260326_132243_strat_gie_sur_asterusdc_3m_entrer_sur_le,C:\Users\o3-Pro\Documents\backtest_results\_builder_sessions\20260326_132243_strat_gie_sur_asterusdc_3m_entrer_sur_le\session_summary.json,C:\Users\o3-Pro\Documents\backtest_results\_builder_sessions\20260326_132243_strat_gie_sur_asterusdc_3m_entrer_sur_le,ccf2ac9845370118a0f971b0c8e1adf83a6900599536f91e8058cbf547330144,52038,2026-03-26T13:22:43.092981,,failed,,ASTERUSDC,3m,6,,0.0,-26.0,
1193,20260326_132944_strat_gie_sur_btcusdc_1h_acheter_la_cass,C:\Users\o3-Pro\Documents\backtest_results\_builder_sessions\20260326_132944_strat_gie_sur_btcusdc_1h_acheter_la_cass\session_summary.json,C:\Users\o3-Pro\Documents\backtest_results\_builder_sessions\20260326_132944_strat_gie_sur_btcusdc_1h_acheter_la_cass,36f7a1669e6d77aa96a50a0d1666e9213d79a3a0c7e2d1ffab96ba2c0756650b,22987,2026-03-26T13:29:44.542138,,failed,,BTCUSDC,1h,3,,0.0,-26.0,
1194,20260326_133355_strat_gie_sur_formusdc_1d_acheter_sur_ca,C:\Users\o3-Pro\Documents\backtest_results\_builder_sessions\20260326_133355_strat_gie_sur_formusdc_1d_acheter_sur_ca\session_summary.json,C:\Users\o3-Pro\Documents\backtest_results\_builder_sessions\20260326_133355_strat_gie_sur_formusdc_1d_acheter_sur_ca,f2e7ffeb0c864b17be6a000854541f383cdc5f14c706e323e99c53e7b17b5108,79761,2026-03-26T13:33:55.400834,,max_iterations,,FORMUSDC,1d,10,,1.5059656176563152,-26.0,
1195,20260326_134339_strat_gie_sur_strkusdc_1h_acheter_la_rup,C:\Users\o3-Pro\Documents\backtest_results\_builder_sessions\20260326_134339_strat_gie_sur_strkusdc_1h_acheter_la_rup\session_summary.json,C:\Users\o3-Pro\Documents\backtest_results\_builder_sessions\20260326_134339_strat_gie_sur_strkusdc_1h_acheter_la_rup,e830c6329b66573959aa87360c00e3da442976f12a14d66f66970ed9f6d9db46,43766,2026-03-26T13:43:39.939834,,failed,,STRKUSDC,1h,6,,0.0,-26.0,
1196,20260326_134915_strat_gie_sur_atomusdc_4h_acheter_sur_le,C:\Users\o3-Pro\Documents\backtest_results\_builder_sessions\20260326_134915_strat_gie_sur_atomusdc_4h_acheter_sur_le\session_summary.json,C:\Users\o3-Pro\Documents\backtest_results\_builder_sessions\20260326_134915_strat_gie_sur_atomusdc_4h_acheter_sur_le,0336c8e4304dce0b9156555b69868f2ccff6d14ef021ee5cf8d9dfa0588eba26,63295,2026-03-26T13:49:15.324774,,failed,,ATOMUSDC,4h,8,,0.5834674826877145,-26.0,
1197,20260326_135958_strat_gie_sur_ethusdc_1h_acheter_sur_sur,C:\Users\o3-Pro\Documents\backtest_results\_builder_sessions\20260326_135958_strat_gie_sur_ethusdc_1h_acheter_sur_sur\session_summary.json,C:\Users\o3-Pro\Documents\backtest_results\_builder_sessions\20260326_135958_strat_gie_sur_ethusdc_1h_acheter_sur_sur,b0e9df1055276e7b4d837f71a125c32f2a9ca5563d0d38ff8119303b6e003ef2,48789,2026-03-26T13:59:58.201643,,failed,,ETHUSDC,1h,6,,0.0,-26.0,
1198,20260326_140419_strat_gie_sur_enausdc_1h_acheter_lors_de,C:\Users\o3-Pro\Documents\backtest_results\_builder_sessions\20260326_140419_strat_gie_sur_enausdc_1h_acheter_lors_de\session_summary.json,C:\Users\o3-Pro\Documents\backtest_results\_builder_sessions\20260326_140419_strat_gie_sur_enausdc_1h_acheter_lors_de,c7388c2be399f31681765dc07307ede44ac980025af258986ebcd9fe93bbb171,42822,2026-03-26T14:04:19.640157,,failed,,ENAUSDC,1h,6,,0.0,-26.0,
1199,20260326_140954_strat_gie_de_momentum_sur_rsrusdc_15m_in,C:\Users\o3-Pro\Documents\backtest_results\_builder_sessions\20260326_140954_strat_gie_de_momentum_sur_rsrusdc_15m_in\session_summary.json,C:\Users\o3-Pro\Documents\backtest_results\_builder_sessions\20260326_140954_strat_gie_de_momentum_sur_rsrusdc_15m_in,841418442b13e92d4ef433f501fae7b601f214b507e760ee0b06b7359725e5ac,40534,2026-03-26T14:09:54.198203,,failed,,RSRUSDC,15m,6,,0.0,-26.0,
1200,20260326_141338_strat_gie_de_multi_factor_sur_maticusdc,C:\Users\o3-Pro\Documents\backtest_results\_builder_sessions\20260326_141338_strat_gie_de_multi_factor_sur_maticusdc\session_summary.json,C:\Users\o3-Pro\Documents\backtest_results\_builder_sessions\20260326_141338_strat_gie_de_multi_factor_sur_maticusdc,45e4ab62ce4cc5e95a986eeab29cbfd8f1e9f182d82fd06b57192b51b6ac4bfc,84670,2026-03-26T14:13:38.468796,,max_iterations,,MATICUSDC,4h,10,,0.23061992367408402,14.986394830040974,
1201,20260326_142724_strat_gie_sur_neirousdc_1h_acheter_sur_l,C:\Users\o3-Pro\Documents\backtest_results\_builder_sessions\20260326_142724_strat_gie_sur_neirousdc_1h_acheter_sur_l\session_summary.json,C:\Users\o3-Pro\Documents\backtest_results\_builder_sessions\20260326_142724_strat_gie_sur_neirousdc_1h_acheter_sur_l,6521278c7c3ff648f7b5d44314fa83ed910d9bb4569d2f4c596034161cce7d7d,48414,2026-03-26T14:27:24.765892,,failed,,NEIROUSDC,1h,6,,0.0,-26.0,
1202,20260326_143440_strat_gie_sur_bananausdc_30m_acheter_sur,C:\Users\o3-Pro\Documents\backtest_results\_builder_sessions\20260326_143440_strat_gie_sur_bananausdc_30m_acheter_sur\session_summary.json,C:\Users\o3-Pro\Documents\backtest_results\_builder_sessions\20260326_143440_strat_gie_sur_bananausdc_30m_acheter_sur,7004e4480b2625ec96ca540569418e1c14448c04bc2cf99fdd5ba94e868c12bc,50437,2026-03-26T14:34:40.883259,,failed,,BANANAUSDC,30m,6,,0.0,-100.0,
1203,20260326_144129_strat_gie_sur_avaxusdc_1h_acheter_au_des,C:\Users\o3-Pro\Documents\backtest_results\_builder_sessions\20260326_144129_strat_gie_sur_avaxusdc_1h_acheter_au_des\session_summary.json,C:\Users\o3-Pro\Documents\backtest_results\_builder_sessions\20260326_144129_strat_gie_sur_avaxusdc_1h_acheter_au_des,1a792e8947c07cc23dfa0d560f7aa9bb3773805c3d9f2eea3b8e6b8fada2fe45,46680,2026-03-26T14:41:29.862122,,failed,,AVAXUSDC,1h,6,,0.0,-26.0,
1204,20260326_144753_strat_gie_sur_bananas31usdc_3m_acheter_s,C:\Users\o3-Pro\Documents\backtest_results\_builder_sessions\20260326_144753_strat_gie_sur_bananas31usdc_3m_acheter_s\session_summary.json,C:\Users\o3-Pro\Documents\backtest_results\_builder_sessions\20260326_144753_strat_gie_sur_bananas31usdc_3m_acheter_s,4594fe7375f926971b38bc343c30dfd292014bbca29a565d168fcea7fa4852de,48204,2026-03-26T14:47:53.284189,,failed,,BANANAS31USDC,3m,6,,0.0,-26.0,
1205,20260326_145243_strat_gie_de_regime_adaptatif_sur_twtusd,C:\Users\o3-Pro\Documents\backtest_results\_builder_sessions\20260326_145243_strat_gie_de_regime_adaptatif_sur_twtusd\session_summary.json,C:\Users\o3-Pro\Documents\backtest_results\_builder_sessions\20260326_145243_strat_gie_de_regime_adaptatif_sur_twtusd,13039577673b091c474bef6b57c908a51fa4d97b268f85118a3cc38f3e2b7292,66961,2026-03-26T14:52:43.906513,,failed,,TWTUSDC,1d,8,,0.6917251207031335,-26.0,
1206,20260326_150446_strat_gie_de_scalping_sur_treeusdc_5m_in,C:\Users\o3-Pro\Documents\backtest_results\_builder_sessions\20260326_150446_strat_gie_de_scalping_sur_treeusdc_5m_in\session_summary.json,C:\Users\o3-Pro\Documents\backtest_results\_builder_sessions\20260326_150446_strat_gie_de_scalping_sur_treeusdc_5m_in,b03f19bfb9a6ae295dbf81cc6fbcb68e64b6a11afad67608c7de60d93eed9426,45423,2026-03-26T15:04:46.715568,,failed,,TREEUSDC,5m,6,,0.0,-26.0,
1207,20260326_151102_strat_gie_de_breakout_sur_tstusdc_15m_in,C:\Users\o3-Pro\Documents\backtest_results\_builder_sessions\20260326_151102_strat_gie_de_breakout_sur_tstusdc_15m_in\session_summary.json,C:\Users\o3-Pro\Documents\backtest_results\_builder_sessions\20260326_151102_strat_gie_de_breakout_sur_tstusdc_15m_in,db7c5408f573b7348807b905b2f716819d335856a6951bc1f23e1cc567995845,53575,2026-03-26T15:11:02.428830,,failed,,TSTUSDC,15m,6,,0.0,-100.0,
1208,20260326_152058_strat_gie_de_multi_factor_sur_bananas31u,C:\Users\o3-Pro\Documents\backtest_results\_builder_sessions\20260326_152058_strat_gie_de_multi_factor_sur_bananas31u\session_summary.json,C:\Users\o3-Pro\Documents\backtest_results\_builder_sessions\20260326_152058_strat_gie_de_multi_factor_sur_bananas31u,5b56819ee80a5461a3857558145752023f7fb33a46eb8c1b30e616b04a83fc80,35317,2026-03-26T15:20:58.629089,,success,,BANANAS31USDC,4h,4,,1.5221220321816296,80.61273345796086,
1209,20260326_152421_strat_gie_sur_atomusdc_1d_acheter_sur_de,C:\Users\o3-Pro\Documents\backtest_results\_builder_sessions\20260326_152421_strat_gie_sur_atomusdc_1d_acheter_sur_de\session_summary.json,C:\Users\o3-Pro\Documents\backtest_results\_builder_sessions\20260326_152421_strat_gie_sur_atomusdc_1d_acheter_sur_de,1aa3ec908ebd4e5c3a3c2cec87edacb2f5ad68ba2fe13c5859f644c5c00157dc,74035,2026-03-26T15:24:21.124467,,failed,,ATOMUSDC,1d,9,,0.252385379654637,-26.0,
1210,20260326_153310_strat_gie_sur_rareusdc_15m_acheter_sur_c,C:\Users\o3-Pro\Documents\backtest_results\_builder_sessions\20260326_153310_strat_gie_sur_rareusdc_15m_acheter_sur_c\session_summary.json,C:\Users\o3-Pro\Documents\backtest_results\_builder_sessions\20260326_153310_strat_gie_sur_rareusdc_15m_acheter_sur_c,26c4f22821a800cc46383b4d787a929b423f0f06b23cdee2529d570cdb988774,51824,2026-03-26T15:33:10.107011,,failed,,RAREUSDC,15m,6,,0.0,-26.0,
1211,20260326_154039_strat_gie_sur_imxusdc_1h_acheter_sur_sur,C:\Users\o3-Pro\Documents\backtest_results\_builder_sessions\20260326_154039_strat_gie_sur_imxusdc_1h_acheter_sur_sur\session_summary.json,C:\Users\o3-Pro\Documents\backtest_results\_builder_sessions\20260326_154039_strat_gie_sur_imxusdc_1h_acheter_sur_sur,b7391f2f3a0330f9acd5ec325ca24c4454f1b332b1b419f59959e4a0889cf1c8,51179,2026-03-26T15:40:39.386214,,failed,,IMXUSDC,1h,6,,0.0,-19.49139630966404,
1212,20260326_154647_strat_gie_sur_0gusdc_4h_entrer_en_positi,C:\Users\o3-Pro\Documents\backtest_results\_builder_sessions\20260326_154647_strat_gie_sur_0gusdc_4h_entrer_en_positi\session_summary.json,C:\Users\o3-Pro\Documents\backtest_results\_builder_sessions\20260326_154647_strat_gie_sur_0gusdc_4h_entrer_en_positi,e1abe41dd4f3836de6c818777e6d5a68e39fb750b887f60709ec53dcc8256b00,74013,2026-03-26T15:46:47.881037,,failed,,0GUSDC,4h,9,,1.3836655132684594,-26.0,
1213,20260326_155739_strat_gie_de_mean_reversion_sur_bananaus,C:\Users\o3-Pro\Documents\backtest_results\_builder_sessions\20260326_155739_strat_gie_de_mean_reversion_sur_bananaus\session_summary.json,C:\Users\o3-Pro\Documents\backtest_results\_builder_sessions\20260326_155739_strat_gie_de_mean_reversion_sur_bananaus,ec6e192bab5a2906f684abf52726062985e1adbce7e6087bbbb64639b3e234ea,26841,2026-03-26T15:57:39.582133,,success,,BANANAUSDC,1d,3,,1.1183985220581207,-76.29883668232344,
1214,20260326_160019_strat_gie_sur_bchusdc_1h_acheter_la_rupt,C:\Users\o3-Pro\Documents\backtest_results\_builder_sessions\20260326_160019_strat_gie_sur_bchusdc_1h_acheter_la_rupt\session_summary.json,C:\Users\o3-Pro\Documents\backtest_results\_builder_sessions\20260326_160019_strat_gie_sur_bchusdc_1h_acheter_la_rupt,847b0e218566f93707f125a94edc0a49d01e23cc6815eff5967b259c5110155b,36593,2026-03-26T16:00:19.538367,,failed,,BCHUSDC,1h,5,,0.0,-26.0,
1215,20260326_160505_strat_gie_sur_memeusdc_1h_acheter_sur_su,C:\Users\o3-Pro\Documents\backtest_results\_builder_sessions\20260326_160505_strat_gie_sur_memeusdc_1h_acheter_sur_su\session_summary.json,C:\Users\o3-Pro\Documents\backtest_results\_builder_sessions\20260326_160505_strat_gie_sur_memeusdc_1h_acheter_sur_su,5b473fae3efb0a4b38eda3e45c61f661acb73f71e7fdb35267bae9f4086265b8,50229,2026-03-26T16:05:05.805680,,failed,,MEMEUSDC,1h,6,,0.0642161969941694,-26.0,
1216,20260326_161013_strat_gie_sur_asterusdc_15m_acheter_lors,C:\Users\o3-Pro\Documents\backtest_results\_builder_sessions\20260326_161013_strat_gie_sur_asterusdc_15m_acheter_lors\session_summary.json,C:\Users\o3-Pro\Documents\backtest_results\_builder_sessions\20260326_161013_strat_gie_sur_asterusdc_15m_acheter_lors,07e4a3854b218fc08d8eb9d4e5ee9ece01c2583fd9c72b01d74156e04b4bfd9d,49851,2026-03-26T16:10:13.216537,,failed,,ASTERUSDC,15m,6,,0.0,-100.0,
1217,20260326_161712_strat_gie_sur_bankusdc_15m_acheter_la_ca,C:\Users\o3-Pro\Documents\backtest_results\_builder_sessions\20260326_161712_strat_gie_sur_bankusdc_15m_acheter_la_ca\session_summary.json,C:\Users\o3-Pro\Documents\backtest_results\_builder_sessions\20260326_161712_strat_gie_sur_bankusdc_15m_acheter_la_ca,1a024357abacffbaf70221be7ef37bed0986844c21209c6fb13b3ca9d7c935b3,9293,2026-03-26T16:17:12.237211,,success,,BANKUSDC,15m,1,,1.557972494223039,81.88292885677546,
1218,20260326_161817_strat_gie_sur_avaxusdc_1h_acheter_lors_d,C:\Users\o3-Pro\Documents\backtest_results\_builder_sessions\20260326_161817_strat_gie_sur_avaxusdc_1h_acheter_lors_d\session_summary.json,C:\Users\o3-Pro\Documents\backtest_results\_builder_sessions\20260326_161817_strat_gie_sur_avaxusdc_1h_acheter_lors_d,0c9742d585618c3fa755fd7930774e65bc4bfc2b56c0d57ecc8a014ef605162b,80686,2026-03-26T16:18:17.624918,,failed,,AVAXUSDC,1h,9,,0.4352694701293741,-100.0,
1219,20260326_162804_strat_gie_sur_atomusdc_1h_acheter_sur_su,C:\Users\o3-Pro\Documents\backtest_results\_builder_sessions\20260326_162804_strat_gie_sur_atomusdc_1h_acheter_sur_su\session_summary.json,C:\Users\o3-Pro\Documents\backtest_results\_builder_sessions\20260326_162804_strat_gie_sur_atomusdc_1h_acheter_sur_su,01e610e4a4cbf25cb5fbe3268a7db16554c42ece4c5cef34c9c6b521ee112e75,30247,2026-03-26T16:28:04.076715,,running,,ATOMUSDC,1h,4,,0.0,-26.0,
1220,20260326_163304_strat_gie_sur_arbusdc_4h_rechercher_une,C:\Users\o3-Pro\Documents\backtest_results\_builder_sessions\20260326_163304_strat_gie_sur_arbusdc_4h_rechercher_une\session_summary.json,C:\Users\o3-Pro\Documents\backtest_results\_builder_sessions\20260326_163304_strat_gie_sur_arbusdc_4h_rechercher_une,31fe9f371c0cc1cd92bc9b957996f3ef69e85e728569dfd03a3a44f837197e09,34376,2026-03-26T16:33:04.521139,,running,,ARBUSDC,4h,4,,0.4515677552998488,18.48498882130893,
1221,20260326_164003_strat_gie_sur_syrupusdc_1h_acheter_lors,C:\Users\o3-Pro\Documents\backtest_results\_builder_sessions\20260326_164003_strat_gie_sur_syrupusdc_1h_acheter_lors\session_summary.json,C:\Users\o3-Pro\Documents\backtest_results\_builder_sessions\20260326_164003_strat_gie_sur_syrupusdc_1h_acheter_lors,6ff47a38db2cde2c2a88b1bf742d622e440931e29bbd42a54b397c23249f9bcb,23514,2026-03-26T16:40:03.523640,,failed,,SYRUPUSDC,1h,3,,0.0,-26.0,
1222,20260326_164004_strat_gie_sur_shibusdc_1h_acheter_au_cro,C:\Users\o3-Pro\Documents\backtest_results\_builder_sessions\20260326_164004_strat_gie_sur_shibusdc_1h_acheter_au_cro\session_summary.json,C:\Users\o3-Pro\Documents\backtest_results\_builder_sessions\20260326_164004_strat_gie_sur_shibusdc_1h_acheter_au_cro,169a394c847aaa1a25b1fb1d13176bd43c40841c53a19f8fb07baf1105de5304,46907,2026-03-26T16:40:04.578917,,failed,,SHIBUSDC,1h,6,,0.0,-26.0,
1223,20260326_164907_strat_gie_sur_crvusdc_4h_acheter_lors_d,C:\Users\o3-Pro\Documents\backtest_results\_builder_sessions\20260326_164907_strat_gie_sur_crvusdc_4h_acheter_lors_d\session_summary.json,C:\Users\o3-Pro\Documents\backtest_results\_builder_sessions\20260326_164907_strat_gie_sur_crvusdc_4h_acheter_lors_d,aa733c54c41613441936f74b57d1a23d0007f35376d277f0be84b9b792494907,44899,2026-03-26T16:49:07.736696,,failed,,CRVUSDC,4h,6,,0.4625128527689384,-26.0,
1224,20260326_165303_strat_gie_sur_morphousdc_1d_acheter_lors,C:\Users\o3-Pro\Documents\backtest_results\_builder_sessions\20260326_165303_strat_gie_sur_morphousdc_1d_acheter_lors\session_summary.json,C:\Users\o3-Pro\Documents\backtest_results\_builder_sessions\20260326_165303_strat_gie_sur_morphousdc_1d_acheter_lors,3fb2c03f506996571e4b64a7d1cb4399592fe74a13ec05a111150613a2041ba4,80065,2026-03-26T16:53:03.849468,,failed,,MORPHOUSDC,1d,10,,0.6984806795662725,-26.0,
1225,20260326_170138_strat_gie_sur_trumpusdc_1h_acheter_sur_d,C:\Users\o3-Pro\Documents\backtest_results\_builder_sessions\20260326_170138_strat_gie_sur_trumpusdc_1h_acheter_sur_d\session_summary.json,C:\Users\o3-Pro\Documents\backtest_results\_builder_sessions\20260326_170138_strat_gie_sur_trumpusdc_1h_acheter_sur_d,c913c662a7af82d718a48f2b70420489af29eba535b082ba21faf4dd5ec78a99,29647,2026-03-26T17:01:38.901605,,success,,TRUMPUSDC,1h,4,,1.0896546096537054,-26.0,
1226,20260326_171223_strat_gie_sur_xvgusdc_30m_acheter_sur_de,C:\Users\o3-Pro\Documents\backtest_results\_builder_sessions\20260326_171223_strat_gie_sur_xvgusdc_30m_acheter_sur_de\session_summary.json,C:\Users\o3-Pro\Documents\backtest_results\_builder_sessions\20260326_171223_strat_gie_sur_xvgusdc_30m_acheter_sur_de,8443415051f0adfaf72cd4f2954c693172a37d714e89119ad7d47c456c3c6e08,9490,2026-03-26T17:12:23.358110,,success,,XVGUSDC,30m,1,,1.948911574143722,100.0,
1227,20260326_171413_strat_gie_sur_plumeusdc_1h_acheter_sur_s,C:\Users\o3-Pro\Documents\backtest_results\_builder_sessions\20260326_171413_strat_gie_sur_plumeusdc_1h_acheter_sur_s\session_summary.json,C:\Users\o3-Pro\Documents\backtest_results\_builder_sessions\20260326_171413_strat_gie_sur_plumeusdc_1h_acheter_sur_s,a5c48cefa4c31716a638f7c76a764388431510a78af75bfe8db539891990ddc2,46234,2026-03-26T17:14:13.005242,,failed,,PLUMEUSDC,1h,6,,0.3480705310919124,-26.0,
1228,20260326_171619_strat_gie_sur_trumpusdc_1d_acheter_la_ru,C:\Users\o3-Pro\Documents\backtest_results\_builder_sessions\20260326_171619_strat_gie_sur_trumpusdc_1d_acheter_la_ru\session_summary.json,C:\Users\o3-Pro\Documents\backtest_results\_builder_sessions\20260326_171619_strat_gie_sur_trumpusdc_1d_acheter_la_ru,c4a93c4e2f465fe02379eb9457dfd9a6bc2be6b7d428807d93aeda952295ac45,48033,2026-03-26T17:16:19.007156,,failed,,TRUMPUSDC,1d,6,,0.0,-50.0,
1229,20260326_172453_strat_gie_sur_biousdc_30m_acheter_sur_ru,C:\Users\o3-Pro\Documents\backtest_results\_builder_sessions\20260326_172453_strat_gie_sur_biousdc_30m_acheter_sur_ru\session_summary.json,C:\Users\o3-Pro\Documents\backtest_results\_builder_sessions\20260326_172453_strat_gie_sur_biousdc_30m_acheter_sur_ru,fd6731291bd36bc60bb463e0feba50a4eec2f68620d51579d7310119346c9004,51066,2026-03-26T17:24:53.160410,,failed,,BIOUSDC,30m,6,,0.5826982985244734,-26.0,
1230,20260326_173141_strat_gie_de_trend_following_sur_memeusd,C:\Users\o3-Pro\Documents\backtest_results\_builder_sessions\20260326_173141_strat_gie_de_trend_following_sur_memeusd\session_summary.json,C:\Users\o3-Pro\Documents\backtest_results\_builder_sessions\20260326_173141_strat_gie_de_trend_following_sur_memeusd,e5e7d9cd00e4efddbc331c68140f929051e7becf118214ab093604288e491e64,43325,2026-03-26T17:31:41.448253,,failed,,MEMEUSDC,5m,6,,0.0,-26.0,
1231,20260326_174444_strat_gie_sur_tutusdc_1h_acheter_sur_div,C:\Users\o3-Pro\Documents\backtest_results\_builder_sessions\20260326_174444_strat_gie_sur_tutusdc_1h_acheter_sur_div\session_summary.json,C:\Users\o3-Pro\Documents\backtest_results\_builder_sessions\20260326_174444_strat_gie_sur_tutusdc_1h_acheter_sur_div,046ca763493b7133da3e9d6df3e0669888a3bf147132ad1461d18544e79d9656,82363,2026-03-26T17:44:44.708865,,max_iterations,,TUTUSDC,1h,10,,0.3761073175117142,-26.0,
1232,20260326_174445_strat_gie_de_mean_reversion_sur_mantausd,C:\Users\o3-Pro\Documents\backtest_results\_builder_sessions\20260326_174445_strat_gie_de_mean_reversion_sur_mantausd\session_summary.json,C:\Users\o3-Pro\Documents\backtest_results\_builder_sessions\20260326_174445_strat_gie_de_mean_reversion_sur_mantausd,7ca091a0061dabe2f5fc05cefa460481e01a488dc604b29c0e0b04dd4c47a8a0,54358,2026-03-26T17:44:45.613189,,failed,,MANTAUSDC,1h,7,,0.7958424923934669,58.44420147308634,
1233,20260326_180330_strat_gie_de_breakout_sur_nomusdc_15m_in,C:\Users\o3-Pro\Documents\backtest_results\_builder_sessions\20260326_180330_strat_gie_de_breakout_sur_nomusdc_15m_in\session_summary.json,C:\Users\o3-Pro\Documents\backtest_results\_builder_sessions\20260326_180330_strat_gie_de_breakout_sur_nomusdc_15m_in,db44494c76a939ac9b4ecfd593283346c11d6d26bf7b7658eccab17785ac6d11,41045,2026-03-26T18:03:30.833437,,failed,,NOMUSDC,15m,6,,0.0,-26.0,
1234,20260326_180738_strat_gie_sur_memeusdc_4h_identifier_les,C:\Users\o3-Pro\Documents\backtest_results\_builder_sessions\20260326_180738_strat_gie_sur_memeusdc_4h_identifier_les\session_summary.json,C:\Users\o3-Pro\Documents\backtest_results\_builder_sessions\20260326_180738_strat_gie_sur_memeusdc_4h_identifier_les,e3e993eaab53cfe3e891100184f060af4ba6468fb6c718d9c65e26eba0f3f5df,81017,2026-03-26T18:07:38.305381,,failed,,MEMEUSDC,4h,10,,0.6374758923769042,72.54922955765507,
1235,20260326_181548_strat_gie_de_regime_adaptatif_sur_bankus,C:\Users\o3-Pro\Documents\backtest_results\_builder_sessions\20260326_181548_strat_gie_de_regime_adaptatif_sur_bankus\session_summary.json,C:\Users\o3-Pro\Documents\backtest_results\_builder_sessions\20260326_181548_strat_gie_de_regime_adaptatif_sur_bankus,2645f638285a20585cfe1a2113088129c24ef503406db4f49518149e2d683e23,9112,2026-03-26T18:15:48.068404,,success,,BANKUSDC,30m,1,,1.240672182129373,77.26180610710469,
1236,20260326_181753_strat_gie_sur_zamausdc_1h_acheter_la_rup,C:\Users\o3-Pro\Documents\backtest_results\_builder_sessions\20260326_181753_strat_gie_sur_zamausdc_1h_acheter_la_rup\session_summary.json,C:\Users\o3-Pro\Documents\backtest_results\_builder_sessions\20260326_181753_strat_gie_sur_zamausdc_1h_acheter_la_rup,c6514653221b5802b3816835671ed6b7eda30b7653371a0f8865951cbea27dcf,44904,2026-03-26T18:17:53.180964,,failed,,ZAMAUSDC,1h,6,,0.0,-26.0,
1237,20260326_182714_strat_gie_sur_dotusdc_1d_acheter_sur_div,C:\Users\o3-Pro\Documents\backtest_results\_builder_sessions\20260326_182714_strat_gie_sur_dotusdc_1d_acheter_sur_div\session_summary.json,C:\Users\o3-Pro\Documents\backtest_results\_builder_sessions\20260326_182714_strat_gie_sur_dotusdc_1d_acheter_sur_div,89193dd4f039f9cd108c29b2766bb42db4f44720628636bc330862360e236026,49788,2026-03-26T18:27:14.776889,,failed,,DOTUSDC,1d,6,,0.0,-100.0,
1238,20260326_182757_strat_gie_sur_cowusdc_1h_acheter_en_rupt,C:\Users\o3-Pro\Documents\backtest_results\_builder_sessions\20260326_182757_strat_gie_sur_cowusdc_1h_acheter_en_rupt\session_summary.json,C:\Users\o3-Pro\Documents\backtest_results\_builder_sessions\20260326_182757_strat_gie_sur_cowusdc_1h_acheter_en_rupt,596d729b8d37e1a3a08f687b53eb1c8f7c0e85f1dc8b9da18f4d36337772efe8,45719,2026-03-26T18:27:57.262054,,failed,,COWUSDC,1h,6,,0.22438587372052723,-26.0,
1239,20260326_183859_strat_gie_sur_memeusdc_1h_acheter_en_rup,C:\Users\o3-Pro\Documents\backtest_results\_builder_sessions\20260326_183859_strat_gie_sur_memeusdc_1h_acheter_en_rup\session_summary.json,C:\Users\o3-Pro\Documents\backtest_results\_builder_sessions\20260326_183859_strat_gie_sur_memeusdc_1h_acheter_en_rup,2b6f3fdeef34b1832d6807ded62beb3fde0ef970f65236ff69fc41ba72c25216,49402,2026-03-26T18:38:59.706750,,failed,,MEMEUSDC,1h,6,,0.44363677731175893,-26.0,
1240,20260326_183911_strat_gie_sur_rsrusdc_4h_acheter_lors_de,C:\Users\o3-Pro\Documents\backtest_results\_builder_sessions\20260326_183911_strat_gie_sur_rsrusdc_4h_acheter_lors_de\session_summary.json,C:\Users\o3-Pro\Documents\backtest_results\_builder_sessions\20260326_183911_strat_gie_sur_rsrusdc_4h_acheter_lors_de,344b38d6a48bd0ee5fe1cf51d91bbc53ad75d225d8d2f5f6b4e6c4da0b19c835,22637,2026-03-26T18:39:11.820099,,failed,,RSRUSDC,4h,3,,0.0,-26.0,
1241,20260326_185050_strat_gie_sur_strkusdc_1h_acheter_sur_ru,C:\Users\o3-Pro\Documents\backtest_results\_builder_sessions\20260326_185050_strat_gie_sur_strkusdc_1h_acheter_sur_ru\session_summary.json,C:\Users\o3-Pro\Documents\backtest_results\_builder_sessions\20260326_185050_strat_gie_sur_strkusdc_1h_acheter_sur_ru,408f4e19eb60cf7b5855de43848c1fbc6033d76904c5e61e9a8b772678910e4c,47685,2026-03-26T18:50:50.320512,,failed,,STRKUSDC,1h,6,,0.0,-26.0,
1242,20260326_185134_strat_gie_sur_mubarakusdc_4h_acheter_sur,C:\Users\o3-Pro\Documents\backtest_results\_builder_sessions\20260326_185134_strat_gie_sur_mubarakusdc_4h_acheter_sur\session_summary.json,C:\Users\o3-Pro\Documents\backtest_results\_builder_sessions\20260326_185134_strat_gie_sur_mubarakusdc_4h_acheter_sur,35c6fc66fbaf9a391e6bd88906c35ac38a2c78a39073a3a537a5a5ef02661428,16070,2026-03-26T18:51:34.891942,,success,,MUBARAKUSDC,4h,2,,1.1129087158409319,-50.0,
1243,20260326_185536_strat_gie_sur_maticusdc_4h_acheter_la_so,C:\Users\o3-Pro\Documents\backtest_results\_builder_sessions\20260326_185536_strat_gie_sur_maticusdc_4h_acheter_la_so\session_summary.json,C:\Users\o3-Pro\Documents\backtest_results\_builder_sessions\20260326_185536_strat_gie_sur_maticusdc_4h_acheter_la_so,44e6cece1d8e1646b2131344321bd6619ced6a758ce6aaa3acb28bf912511197,82933,2026-03-26T18:55:36.349891,,max_iterations,,MATICUSDC,4h,10,,0.23061992367408402,14.986394830040974,
1244,20260326_185915_strat_gie_de_scalping_sur_rayusdc_3m_ind,C:\Users\o3-Pro\Documents\backtest_results\_builder_sessions\20260326_185915_strat_gie_de_scalping_sur_rayusdc_3m_ind\session_summary.json,C:\Users\o3-Pro\Documents\backtest_results\_builder_sessions\20260326_185915_strat_gie_de_scalping_sur_rayusdc_3m_ind,273e3deaad1eb9dfcfeb9f536ebfd4bd5f7540c470263c88904e444556c30e89,47585,2026-03-26T18:59:15.876037,,failed,,RAYUSDC,3m,6,,0.0,-50.0,
1245,20260326_191349_strat_gie_de_mean_reversion_sur_mantausd,C:\Users\o3-Pro\Documents\backtest_results\_builder_sessions\20260326_191349_strat_gie_de_mean_reversion_sur_mantausd\session_summary.json,C:\Users\o3-Pro\Documents\backtest_results\_builder_sessions\20260326_191349_strat_gie_de_mean_reversion_sur_mantausd,2594e487a1e0de0247c184defee1d226c3e85215376e37d78471dc8254e307ed,79161,2026-03-26T19:13:49.783676,,failed,,MANTAUSDC,1d,9,,0.9232586371071448,-100.0,
1246,20260326_192304_strat_gie_sur_ausdc_4h_acheter_en_ruptur,C:\Users\o3-Pro\Documents\backtest_results\_builder_sessions\20260326_192304_strat_gie_sur_ausdc_4h_acheter_en_ruptur\session_summary.json,C:\Users\o3-Pro\Documents\backtest_results\_builder_sessions\20260326_192304_strat_gie_sur_ausdc_4h_acheter_en_ruptur,3dc0036bf3e5a2f0f8df3b46618c1cdc0103b7badddf1f1a86ce8ac33bf2ed0e,41960,2026-03-26T19:23:04.027099,,failed,,AUSDC,4h,6,,0.33063569716310093,-26.0,
1247,20260326_193153_entrer_sur_icpusdc_1d_avec_un_croisement,C:\Users\o3-Pro\Documents\backtest_results\_builder_sessions\20260326_193153_entrer_sur_icpusdc_1d_avec_un_croisement\session_summary.json,C:\Users\o3-Pro\Documents\backtest_results\_builder_sessions\20260326_193153_entrer_sur_icpusdc_1d_avec_un_croisement,b24b539f43d5a658998931e615225ae4bcf41a55449e716028cbd273c8139df5,66753,2026-03-26T19:31:53.926772,,failed,,ICPUSDC,1d,8,,0.2753746320791745,-26.0,
1248,20260326_193223_strat_gie_de_multi_factor_sur_crvusdc_15,C:\Users\o3-Pro\Documents\backtest_results\_builder_sessions\20260326_193223_strat_gie_de_multi_factor_sur_crvusdc_15\session_summary.json,C:\Users\o3-Pro\Documents\backtest_results\_builder_sessions\20260326_193223_strat_gie_de_multi_factor_sur_crvusdc_15,fb815055befafc10770a1eb5b639bfdf332f0ae02d91f788105d8ba656e97296,50203,2026-03-26T19:32:23.915182,,failed,,CRVUSDC,15m,6,,0.0,-100.0,
1249,20260326_194340_strat_gie_de_momentum_sur_eosusdc_1h_ind,C:\Users\o3-Pro\Documents\backtest_results\_builder_sessions\20260326_194340_strat_gie_de_momentum_sur_eosusdc_1h_ind\session_summary.json,C:\Users\o3-Pro\Documents\backtest_results\_builder_sessions\20260326_194340_strat_gie_de_momentum_sur_eosusdc_1h_ind,e3f8d134be0eb06727aeb1f671776851b811882b4863f99aaf9f7ca4e7e2c759,45693,2026-03-26T19:43:40.818758,,failed,,EOSUSDC,1h,6,,0.0,-26.0,
1250,20260326_194803_strat_gie_sur_saharausdc_1h_acheter_en_b,C:\Users\o3-Pro\Documents\backtest_results\_builder_sessions\20260326_194803_strat_gie_sur_saharausdc_1h_acheter_en_b\session_summary.json,C:\Users\o3-Pro\Documents\backtest_results\_builder_sessions\20260326_194803_strat_gie_sur_saharausdc_1h_acheter_en_b,5149da33f869b9edfb90202f43c0389b4048699c6774044421b8ccb4cf8bc6a3,44111,2026-03-26T19:48:03.543381,,failed,,SAHARAUSDC,1h,6,,0.0,-26.0,
1251,20260326_195158_strat_gie_sur_nearusdc_1d_entrer_long_su,C:\Users\o3-Pro\Documents\backtest_results\_builder_sessions\20260326_195158_strat_gie_sur_nearusdc_1d_entrer_long_su\session_summary.json,C:\Users\o3-Pro\Documents\backtest_results\_builder_sessions\20260326_195158_strat_gie_sur_nearusdc_1d_entrer_long_su,d59453539d7299870dfed5e219253785dcb32335aa85637ffdd0ec72fcf59d70,85402,2026-03-26T19:51:58.668591,,max_iterations,,NEARUSDC,1d,10,,0.7002391289686027,83.14909924489925,
1252,20260326_195553_strat_gie_sur_trbusdc_1d_entrer_sur_les,C:\Users\o3-Pro\Documents\backtest_results\_builder_sessions\20260326_195553_strat_gie_sur_trbusdc_1d_entrer_sur_les\session_summary.json,C:\Users\o3-Pro\Documents\backtest_results\_builder_sessions\20260326_195553_strat_gie_sur_trbusdc_1d_entrer_sur_les,6b5d6563ea18c23c233e0f106ba94bcdc3ecb396953e6131ce76269acb7e9c2d,80859,2026-03-26T19:55:53.015259,,failed,,TRBUSDC,1d,9,,0.7834074451381454,93.19974875792025,
1253,20260326_201802_strat_gie_sur_arkmusdc_30m_acheter_en_ca,C:\Users\o3-Pro\Documents\backtest_results\_builder_sessions\20260326_201802_strat_gie_sur_arkmusdc_30m_acheter_en_ca\session_summary.json,C:\Users\o3-Pro\Documents\backtest_results\_builder_sessions\20260326_201802_strat_gie_sur_arkmusdc_30m_acheter_en_ca,82321b524345d34ef2b29b255f8fccc687a6e1735f3393d17136e792e8d1626a,48348,2026-03-26T20:18:02.405058,,failed,,ARKMUSDC,30m,6,,0.0,-26.0,
1254,20260326_201955_strat_gie_de_regime_adaptatif_sur_steemu,C:\Users\o3-Pro\Documents\backtest_results\_builder_sessions\20260326_201955_strat_gie_de_regime_adaptatif_sur_steemu\session_summary.json,C:\Users\o3-Pro\Documents\backtest_results\_builder_sessions\20260326_201955_strat_gie_de_regime_adaptatif_sur_steemu,ab73190f66fad25cf2fc48bebe2fd72d73378d112c209c4f717767ab9a810cbe,48316,2026-03-26T20:19:55.643961,,failed,,STEEMUSDC,30m,6,,0.0,-100.0,
1255,20260326_202949_strat_gie_de_scalping_sur_dolousdc_15m_i,C:\Users\o3-Pro\Documents\backtest_results\_builder_sessions\20260326_202949_strat_gie_de_scalping_sur_dolousdc_15m_i\session_summary.json,C:\Users\o3-Pro\Documents\backtest_results\_builder_sessions\20260326_202949_strat_gie_de_scalping_sur_dolousdc_15m_i,bb284914ca70e19c2de594b1dd01088c46cb16474b26a19c8e9a5de849e1991c,43402,2026-03-26T20:29:49.487964,,failed,,DOLOUSDC,15m,6,,0.0,-26.0,
1256,20260326_203105_strat_gie_sur_avntusdc_4h_identifier_les,C:\Users\o3-Pro\Documents\backtest_results\_builder_sessions\20260326_203105_strat_gie_sur_avntusdc_4h_identifier_les\session_summary.json,C:\Users\o3-Pro\Documents\backtest_results\_builder_sessions\20260326_203105_strat_gie_sur_avntusdc_4h_identifier_les,a2ee61be85158f5fd18e01cfdb5b1ad86f0358b2828d638cfbf0c13458d6dc4b,33717,2026-03-26T20:31:05.440161,,success,,AVNTUSDC,4h,4,,1.6133700185441124,-0.8002384708171508,
1257,20260326_203922_strat_gie_de_breakout_sur_linkusdc_1w_in,C:\Users\o3-Pro\Documents\backtest_results\_builder_sessions\20260326_203922_strat_gie_de_breakout_sur_linkusdc_1w_in\session_summary.json,C:\Users\o3-Pro\Documents\backtest_results\_builder_sessions\20260326_203922_strat_gie_de_breakout_sur_linkusdc_1w_in,e5efab20e3a505e1568a921117d951df82d986e7d20e1025e3325b238aa99c61,43037,2026-03-26T20:39:22.761593,,failed,,LINKUSDC,1w,6,,0.0,-26.0,
1258,20260326_203937_strat_gie_sur_ltcusdc_1h_acheter_lors_d,C:\Users\o3-Pro\Documents\backtest_results\_builder_sessions\20260326_203937_strat_gie_sur_ltcusdc_1h_acheter_lors_d\session_summary.json,C:\Users\o3-Pro\Documents\backtest_results\_builder_sessions\20260326_203937_strat_gie_sur_ltcusdc_1h_acheter_lors_d,6be04e65b4181440dce6a271d6b70d433b0f16977856e56ca2a02998458674ec,48979,2026-03-26T20:39:37.421595,,failed,,LTCUSDC,1h,6,,0.0,-100.0,
1259,20260326_205134_strat_gie_de_momentum_sur_dogsusdc_30m_i,C:\Users\o3-Pro\Documents\backtest_results\_builder_sessions\20260326_205134_strat_gie_de_momentum_sur_dogsusdc_30m_i\session_summary.json,C:\Users\o3-Pro\Documents\backtest_results\_builder_sessions\20260326_205134_strat_gie_de_momentum_sur_dogsusdc_30m_i,c5fdd70cbdfbea99c4a993f687c8d9e95353d5d462525c87a0806e4722af97dc,50829,2026-03-26T20:51:34.941646,,failed,,DOGSUSDC,30m,6,,0.0,-50.0,
1260,20260326_205327_strat_gie_sur_idexusdc_1h_acheter_sur_su,C:\Users\o3-Pro\Documents\backtest_results\_builder_sessions\20260326_205327_strat_gie_sur_idexusdc_1h_acheter_sur_su\session_summary.json,C:\Users\o3-Pro\Documents\backtest_results\_builder_sessions\20260326_205327_strat_gie_sur_idexusdc_1h_acheter_sur_su,9da0413c80050851bb00575706763bd93b9d01ffa9f79d517e0ee920f70e72aa,51067,2026-03-26T20:53:27.408576,,failed,,IDEXUSDC,1h,6,,-20.0,-100.0,
1261,20260326_210938_strat_gie_sur_biousdc_1h_acheter_si_arou,C:\Users\o3-Pro\Documents\backtest_results\_builder_sessions\20260326_210938_strat_gie_sur_biousdc_1h_acheter_si_arou\session_summary.json,C:\Users\o3-Pro\Documents\backtest_results\_builder_sessions\20260326_210938_strat_gie_sur_biousdc_1h_acheter_si_arou,7a280c883b99725915e18f01f726f44f40c6f195b97450e41ffa47fa5784b320,44287,2026-03-26T21:09:38.960687,,failed,,BIOUSDC,1h,6,,0.0,-26.0,
1262,20260326_211333_strat_gie_sur_memeusdc_1h_acheter_sur_di,C:\Users\o3-Pro\Documents\backtest_results\_builder_sessions\20260326_211333_strat_gie_sur_memeusdc_1h_acheter_sur_di\session_summary.json,C:\Users\o3-Pro\Documents\backtest_results\_builder_sessions\20260326_211333_strat_gie_sur_memeusdc_1h_acheter_sur_di,55d5ab7e67d901316c183e273cb3ff669c3880baf934eb7a4d86464eead73cf1,42991,2026-03-26T21:13:33.557807,,failed,,MEMEUSDC,1h,6,,0.0,-26.0,
1263,20260326_212424_strat_gie_sur_ilvusdc_4h_acheter_sur_des,C:\Users\o3-Pro\Documents\backtest_results\_builder_sessions\20260326_212424_strat_gie_sur_ilvusdc_4h_acheter_sur_des\session_summary.json,C:\Users\o3-Pro\Documents\backtest_results\_builder_sessions\20260326_212424_strat_gie_sur_ilvusdc_4h_acheter_sur_des,8ad41baae0975bdb374ee1b3e60442b1f3077e3f7b6aaad6049b67fe9cab37b6,56334,2026-03-26T21:24:24.251278,,success,,ILVUSDC,4h,7,,1.0389384766782759,-26.0,
1264,20260326_212708_strat_gie_sur_egldusdc_1h_acheter_sur_di,C:\Users\o3-Pro\Documents\backtest_results\_builder_sessions\20260326_212708_strat_gie_sur_egldusdc_1h_acheter_sur_di\session_summary.json,C:\Users\o3-Pro\Documents\backtest_results\_builder_sessions\20260326_212708_strat_gie_sur_egldusdc_1h_acheter_sur_di,beacf04671242ed68222d222e57d72b71f06952b80accbcdf411ec08ef6cdff3,46117,2026-03-26T21:27:08.763280,,failed,,EGLDUSDC,1h,6,,0.0,-100.0,
1265,20260326_213852_strat_gie_de_mean_reversion_sur_crvusdc,C:\Users\o3-Pro\Documents\backtest_results\_builder_sessions\20260326_213852_strat_gie_de_mean_reversion_sur_crvusdc\session_summary.json,C:\Users\o3-Pro\Documents\backtest_results\_builder_sessions\20260326_213852_strat_gie_de_mean_reversion_sur_crvusdc,bce124a9ceea2fe453edc959fd724fed41df97233e324b62f25f5daa0a6f0edf,40223,2026-03-26T21:38:52.881220,,failed,,CRVUSDC,5m,6,,0.0,-26.0,
1266,20260326_213935_strat_gie_sur_bankusdc_4h_acheter_au_cro,C:\Users\o3-Pro\Documents\backtest_results\_builder_sessions\20260326_213935_strat_gie_sur_bankusdc_4h_acheter_au_cro\session_summary.json,C:\Users\o3-Pro\Documents\backtest_results\_builder_sessions\20260326_213935_strat_gie_sur_bankusdc_4h_acheter_au_cro,8d90ca6bfb1379d6ddcbccaff09f03221639d8ce531862c9731ba74818393431,50170,2026-03-26T21:39:35.644994,,failed,,BANKUSDC,4h,6,,0.1063816979123345,-26.0,
1267,20260326_215042_strat_gie_de_regime_adaptatif_sur_a2zusd,C:\Users\o3-Pro\Documents\backtest_results\_builder_sessions\20260326_215042_strat_gie_de_regime_adaptatif_sur_a2zusd\session_summary.json,C:\Users\o3-Pro\Documents\backtest_results\_builder_sessions\20260326_215042_strat_gie_de_regime_adaptatif_sur_a2zusd,e4afc12cfdb5c9f3201bb12f53c0ed28394f699d04d9d7eac8e4ed430e01247e,44924,2026-03-26T21:50:42.710741,,failed,,A2ZUSDC,1h,6,,0.0,-26.0,
1268,20260326_215237_strat_gie_sur_maskusdc_1h_acheter_la_rup,C:\Users\o3-Pro\Documents\backtest_results\_builder_sessions\20260326_215237_strat_gie_sur_maskusdc_1h_acheter_la_rup\session_summary.json,C:\Users\o3-Pro\Documents\backtest_results\_builder_sessions\20260326_215237_strat_gie_sur_maskusdc_1h_acheter_la_rup,15ae0cedba75847f57aada9acf73fad3b2967cb023a1263800f2beaf4d0cdc8b,46098,2026-03-26T21:52:37.791056,,failed,,MASKUSDC,1h,6,,0.0031021104726739134,-26.0,
1269,20260326_220007_strat_gie_de_breakout_sur_seiusdc_30m_in,C:\Users\o3-Pro\Documents\backtest_results\_builder_sessions\20260326_220007_strat_gie_de_breakout_sur_seiusdc_30m_in\session_summary.json,C:\Users\o3-Pro\Documents\backtest_results\_builder_sessions\20260326_220007_strat_gie_de_breakout_sur_seiusdc_30m_in,2ca1ed58c383323112fb12b99e308abad8bab9577fb9e54686a605de47960f0c,46074,2026-03-26T22:00:07.501330,,failed,,SEIUSDC,30m,6,,0.0,-100.0,
1270,20260326_220331_strat_gie_sur_fluxusdc_4h_identifier_des,C:\Users\o3-Pro\Documents\backtest_results\_builder_sessions\20260326_220331_strat_gie_sur_fluxusdc_4h_identifier_des\session_summary.json,C:\Users\o3-Pro\Documents\backtest_results\_builder_sessions\20260326_220331_strat_gie_sur_fluxusdc_4h_identifier_des,572d6c2eefcd9ebe44d1de4e6554438a6b5e4a642d2fe247adffbc7ae58600b2,50273,2026-03-26T22:03:31.114594,,failed,,FLUXUSDC,4h,6,,0.0,-26.0,
1271,20260326_221843_strat_gie_de_multi_factor_sur_neirousdc,C:\Users\o3-Pro\Documents\backtest_results\_builder_sessions\20260326_221843_strat_gie_de_multi_factor_sur_neirousdc\session_summary.json,C:\Users\o3-Pro\Documents\backtest_results\_builder_sessions\20260326_221843_strat_gie_de_multi_factor_sur_neirousdc,6c1a9a39ea5d01bd98b98bf055399267cbb2258294b66978072b69411f87b123,47706,2026-03-26T22:18:43.426676,,failed,,NEIROUSDC,1h,6,,0.6379373401176703,-26.0,
1272,20260326_223117_strat_gie_sur_mantausdc_4h_entrer_sur_le,C:\Users\o3-Pro\Documents\backtest_results\_builder_sessions\20260326_223117_strat_gie_sur_mantausdc_4h_entrer_sur_le\session_summary.json,C:\Users\o3-Pro\Documents\backtest_results\_builder_sessions\20260326_223117_strat_gie_sur_mantausdc_4h_entrer_sur_le,14077443b4db49a1d9a6d7acef1a1c744de40f3a5cd97cd455dffdd208c6bf04,67912,2026-03-26T22:31:17.625778,,failed,,MANTAUSDC,4h,9,,0.3758004651911767,-26.0,
1273,20260326_223335_strat_gie_sur_fluxusdc_15m_acheter_sur_c,C:\Users\o3-Pro\Documents\backtest_results\_builder_sessions\20260326_223335_strat_gie_sur_fluxusdc_15m_acheter_sur_c\session_summary.json,C:\Users\o3-Pro\Documents\backtest_results\_builder_sessions\20260326_223335_strat_gie_sur_fluxusdc_15m_acheter_sur_c,ef5211b212ce0235c0165b7d980686dfb47ec0b5d87c8f952ca5211462c289be,45128,2026-03-26T22:33:35.856423,,failed,,FLUXUSDC,15m,6,,0.0,-26.0,
1274,20260326_224641_strat_gie_de_scalping_sur_fdusdusdc_1h_i,C:\Users\o3-Pro\Documents\backtest_results\_builder_sessions\20260326_224641_strat_gie_de_scalping_sur_fdusdusdc_1h_i\session_summary.json,C:\Users\o3-Pro\Documents\backtest_results\_builder_sessions\20260326_224641_strat_gie_de_scalping_sur_fdusdusdc_1h_i,8314073cfcfecb65bee8f4e68f9eb170106c5c3ba3e07d561449105bd1a68ed7,49884,2026-03-26T22:46:41.422016,,failed,,FDUSDUSDC,1h,6,,0.0,-26.0,
1275,20260326_225107_strat_gie_sur_filusdc_1h_acheter_au_nive,C:\Users\o3-Pro\Documents\backtest_results\_builder_sessions\20260326_225107_strat_gie_sur_filusdc_1h_acheter_au_nive\session_summary.json,C:\Users\o3-Pro\Documents\backtest_results\_builder_sessions\20260326_225107_strat_gie_sur_filusdc_1h_acheter_au_nive,9bb7f86446d1a4e1887e1b504da876fdb8e9fb0ee98ace1eb2ddd48f885f983a,70183,2026-03-26T22:51:07.211686,,failed,,FILUSDC,1h,9,,0.37606955588260127,-26.0,
1276,20260326_225859_strat_gie_de_regime_adaptatif_sur_opusdc,C:\Users\o3-Pro\Documents\backtest_results\_builder_sessions\20260326_225859_strat_gie_de_regime_adaptatif_sur_opusdc\session_summary.json,C:\Users\o3-Pro\Documents\backtest_results\_builder_sessions\20260326_225859_strat_gie_de_regime_adaptatif_sur_opusdc,eff9b2ff959962005aa6c7769c7c7bf9b9a047779a6a26f66333fd142cb3fafb,47908,2026-03-26T22:58:59.568573,,failed,,OPUSDC,3m,6,,0.0,-50.0,
1277,20260326_231527_strat_gie_sur_broccoli714usdc_1h_acheter,C:\Users\o3-Pro\Documents\backtest_results\_builder_sessions\20260326_231527_strat_gie_sur_broccoli714usdc_1h_acheter\session_summary.json,C:\Users\o3-Pro\Documents\backtest_results\_builder_sessions\20260326_231527_strat_gie_sur_broccoli714usdc_1h_acheter,31bd750ebb792b234e1b90559c7d8bd7bd06cadfa77847e9e44bf7b06daad70f,43357,2026-03-26T23:15:27.535856,,failed,,BROCCOLI714USDC,1h,6,,0.27147124407862594,-26.0,
1278,20260326_231556_strat_gie_de_mean_reversion_sur_neirousd,C:\Users\o3-Pro\Documents\backtest_results\_builder_sessions\20260326_231556_strat_gie_de_mean_reversion_sur_neirousd\session_summary.json,C:\Users\o3-Pro\Documents\backtest_results\_builder_sessions\20260326_231556_strat_gie_de_mean_reversion_sur_neirousd,4e6dacb14d67de72fd31376ef2026785a85cc77fd0d1046cc7cb286e6edecc9b,44361,2026-03-26T23:15:56.311904,,failed,,NEIROUSDC,1h,6,,0.6379373401176703,-26.0,
1279,20260326_232727_strat_gie_sur_bchusdc_1h_entrer_sur_sura,C:\Users\o3-Pro\Documents\backtest_results\_builder_sessions\20260326_232727_strat_gie_sur_bchusdc_1h_entrer_sur_sura\session_summary.json,C:\Users\o3-Pro\Documents\backtest_results\_builder_sessions\20260326_232727_strat_gie_sur_bchusdc_1h_entrer_sur_sura,1b909fc72bd2fb30474f1b9aec6a92dd2fcecc53eebed3969b17b10c8fd9f941,46165,2026-03-26T23:27:27.689601,,failed,,BCHUSDC,1h,6,,0.0,-26.0,
1280,20260326_232757_strat_gie_de_breakout_sur_mantausdc_30m,C:\Users\o3-Pro\Documents\backtest_results\_builder_sessions\20260326_232757_strat_gie_de_breakout_sur_mantausdc_30m\session_summary.json,C:\Users\o3-Pro\Documents\backtest_results\_builder_sessions\20260326_232757_strat_gie_de_breakout_sur_mantausdc_30m,7342b29b54b5eabc7f724ec80fd75ee251987b9c4f7c5ef9f55df0647dbb0e05,37198,2026-03-26T23:27:57.464820,,failed,,MANTAUSDC,30m,5,,0.0,-26.0,
1281,20260326_234007_strat_gie_de_multi_factor_sur_ssvusdc_30,C:\Users\o3-Pro\Documents\backtest_results\_builder_sessions\20260326_234007_strat_gie_de_multi_factor_sur_ssvusdc_30\session_summary.json,C:\Users\o3-Pro\Documents\backtest_results\_builder_sessions\20260326_234007_strat_gie_de_multi_factor_sur_ssvusdc_30,d9ea5adb94b0ab1c23513b70a39cb4b46944e36a6b2dbc88edf0eac7aaaea631,46782,2026-03-26T23:40:07.773927,,failed,,SSVUSDC,30m,6,,0.33336208200038486,-26.0,
1282,20260326_234056_strat_gie_sur_metusdc_1h_entrer_sur_brea,C:\Users\o3-Pro\Documents\backtest_results\_builder_sessions\20260326_234056_strat_gie_sur_metusdc_1h_entrer_sur_brea\session_summary.json,C:\Users\o3-Pro\Documents\backtest_results\_builder_sessions\20260326_234056_strat_gie_sur_metusdc_1h_entrer_sur_brea,8514433cfcca6d6744644cf788dbcaa1de912c0293201ddd8f159633c5cea5c9,27715,2026-03-26T23:40:56.723455,,failed,,METUSDC,1h,3,,-0.5326012665113214,-43.111895394222365,
1283,20260326_235118_strat_gie_de_trend_following_sur_xvgusdc,C:\Users\o3-Pro\Documents\backtest_results\_builder_sessions\20260326_235118_strat_gie_de_trend_following_sur_xvgusdc\session_summary.json,C:\Users\o3-Pro\Documents\backtest_results\_builder_sessions\20260326_235118_strat_gie_de_trend_following_sur_xvgusdc,6e5083a28b1ed22e36367254a5b6625b35c66dd2a0165f3b96ff31fe2615ca55,45346,2026-03-26T23:51:18.171906,,failed,,XVGUSDC,4h,6,,0.0,-26.0,
1284,20260326_235140_strat_gie_sur_uniusdc_1h_acheter_sur_sur,C:\Users\o3-Pro\Documents\backtest_results\_builder_sessions\20260326_235140_strat_gie_sur_uniusdc_1h_acheter_sur_sur\session_summary.json,C:\Users\o3-Pro\Documents\backtest_results\_builder_sessions\20260326_235140_strat_gie_sur_uniusdc_1h_acheter_sur_sur,13166b4da457a004ebea30d13923f07a6b9e497ccd96540f2783f7ff5057009f,47250,2026-03-26T23:51:40.853169,,failed,,UNIUSDC,1h,6,,0.0,-26.0,
1285,20260327_000647_strat_gie_de_mean_reversion_sur_xvgusdc,C:\Users\o3-Pro\Documents\backtest_results\_builder_sessions\20260327_000647_strat_gie_de_mean_reversion_sur_xvgusdc\session_summary.json,C:\Users\o3-Pro\Documents\backtest_results\_builder_sessions\20260327_000647_strat_gie_de_mean_reversion_sur_xvgusdc,0f3f7a6a4e4db7678f4441d6dfae5f990c59fb2893c91c1b2499934cbf49f7bb,8938,2026-03-27T00:06:47.240147,,success,,XVGUSDC,1h,1,,2.154170880306076,100.0,
1286,20260327_000706_strat_gie_sur_solusdc_1d_acheter_sur_div,C:\Users\o3-Pro\Documents\backtest_results\_builder_sessions\20260327_000706_strat_gie_sur_solusdc_1d_acheter_sur_div\session_summary.json,C:\Users\o3-Pro\Documents\backtest_results\_builder_sessions\20260327_000706_strat_gie_sur_solusdc_1d_acheter_sur_div,699847ff03dcacf37b6afca6cdcd3ef3aad08df3a469df29b7e5f38cd4cc30eb,73363,2026-03-27T00:07:06.109468,,failed,,SOLUSDC,1d,9,,0.5688831388381028,-26.0,
1287,20260327_000953_strat_gie_sur_nearusdc_3m_recherche_de_r,C:\Users\o3-Pro\Documents\backtest_results\_builder_sessions\20260327_000953_strat_gie_sur_nearusdc_3m_recherche_de_r\session_summary.json,C:\Users\o3-Pro\Documents\backtest_results\_builder_sessions\20260327_000953_strat_gie_sur_nearusdc_3m_recherche_de_r,328b66ed568ee9909d17bfa6e89a71be40f0b78edd6e31eeb76c05b25cddbcd5,47944,2026-03-27T00:09:53.312866,,failed,,NEARUSDC,3m,6,,0.0,-26.0,
1288,20260327_002821_strat_gie_sur_openusdc_1h_acheter_lors_d,C:\Users\o3-Pro\Documents\backtest_results\_builder_sessions\20260327_002821_strat_gie_sur_openusdc_1h_acheter_lors_d\session_summary.json,C:\Users\o3-Pro\Documents\backtest_results\_builder_sessions\20260327_002821_strat_gie_sur_openusdc_1h_acheter_lors_d,d66b3193b60bfab4852ae0a06786923aaff9b8d88f420f168962f8eace9ed896,45811,2026-03-27T00:28:21.166628,,failed,,OPENUSDC,1h,6,,0.3539078019565181,-26.0,
1289,20260327_003723_strat_gie_sur_tiausdc_4h_entrer_long_qua,C:\Users\o3-Pro\Documents\backtest_results\_builder_sessions\20260327_003723_strat_gie_sur_tiausdc_4h_entrer_long_qua\session_summary.json,C:\Users\o3-Pro\Documents\backtest_results\_builder_sessions\20260327_003723_strat_gie_sur_tiausdc_4h_entrer_long_qua,62894e1f4f89a0d216ef707a4455ce25033e260b5d747fa6106949f720d91462,60293,2026-03-27T00:37:23.556609,,failed,,TIAUSDC,4h,9,,0.4527564861718858,-26.0,
1290,20260327_004228_strat_gie_sur_asterusdc_4h_acheter_sur_d,C:\Users\o3-Pro\Documents\backtest_results\_builder_sessions\20260327_004228_strat_gie_sur_asterusdc_4h_acheter_sur_d\session_summary.json,C:\Users\o3-Pro\Documents\backtest_results\_builder_sessions\20260327_004228_strat_gie_sur_asterusdc_4h_acheter_sur_d,9a43627f94f68b69208b2dcc70b54efa79a9b002649e1d0e2a2ce9c4fb32be0d,81168,2026-03-27T00:42:28.150932,,failed,,ASTERUSDC,4h,10,,0.7592948512172694,-50.0,
1291,20260327_005929_strat_gie_de_momentum_sur_aaveusdc_4h_in,C:\Users\o3-Pro\Documents\backtest_results\_builder_sessions\20260327_005929_strat_gie_de_momentum_sur_aaveusdc_4h_in\session_summary.json,C:\Users\o3-Pro\Documents\backtest_results\_builder_sessions\20260327_005929_strat_gie_de_momentum_sur_aaveusdc_4h_in,6cc388c8a8b2ddafff88cf223095d428c4cb0efcc65658b4e5c2a8c688a2d325,68852,2026-03-27T00:59:29.587569,,failed,,AAVEUSDC,4h,9,,0.41447385104915213,-26.0,
1292,20260327_011900_strat_gie_sur_walusdc_1d_acheter_walusdc,C:\Users\o3-Pro\Documents\backtest_results\_builder_sessions\20260327_011900_strat_gie_sur_walusdc_1d_acheter_walusdc\session_summary.json,C:\Users\o3-Pro\Documents\backtest_results\_builder_sessions\20260327_011900_strat_gie_sur_walusdc_1d_acheter_walusdc,5a882b953148ffb2fd6aab649ae910f1a6fee58e9a0a73384f4795a2114b0611,59466,2026-03-27T01:19:00.782319,,failed,,WALUSDC,1d,8,,1.3108417916320632,100.0,
1293,20260327_012710_strat_gie_de_scalping_sur_morphousdc_1d,C:\Users\o3-Pro\Documents\backtest_results\_builder_sessions\20260327_012710_strat_gie_de_scalping_sur_morphousdc_1d\session_summary.json,C:\Users\o3-Pro\Documents\backtest_results\_builder_sessions\20260327_012710_strat_gie_de_scalping_sur_morphousdc_1d,9a796c4efc81e7f3c54c0a139685d351cf303d15aa78d460a199691ff6ee2aa9,68115,2026-03-27T01:27:10.635481,,failed,,MORPHOUSDC,1d,9,,0.6984806795662725,41.996538398381524,
1294,20260327_014107_strat_gie_de_multi_factor_sur_ffusdc_30m,C:\Users\o3-Pro\Documents\backtest_results\_builder_sessions\20260327_014107_strat_gie_de_multi_factor_sur_ffusdc_30m\session_summary.json,C:\Users\o3-Pro\Documents\backtest_results\_builder_sessions\20260327_014107_strat_gie_de_multi_factor_sur_ffusdc_30m,688aa49b92d2596aa4100d35fb25277dafca813e5f907d8fbb2e5bbf552c43af,41899,2026-03-27T01:41:07.304581,,failed,,FFUSDC,30m,6,,0.24957654307352883,-96.13629717466456,
1295,20260327_015717_strat_gie_de_trend_following_sur_memeusd,C:\Users\o3-Pro\Documents\backtest_results\_builder_sessions\20260327_015717_strat_gie_de_trend_following_sur_memeusd\session_summary.json,C:\Users\o3-Pro\Documents\backtest_results\_builder_sessions\20260327_015717_strat_gie_de_trend_following_sur_memeusd,a622897840c3cf16998c316afab4aeb0200bb83617c17cf4ccda04049f7ba2fe,46086,2026-03-27T01:57:17.478289,,failed,,MEMEUSDC,5m,6,,0.0,-100.0,
1296,20260327_020051_strat_gie_de_breakout_sur_cvxusdc_4h_ind,C:\Users\o3-Pro\Documents\backtest_results\_builder_sessions\20260327_020051_strat_gie_de_breakout_sur_cvxusdc_4h_ind\session_summary.json,C:\Users\o3-Pro\Documents\backtest_results\_builder_sessions\20260327_020051_strat_gie_de_breakout_sur_cvxusdc_4h_ind,86c79159de14749990002ce8f6dd5922191f9188afb12d6b1549b55f6e8fb0ba,51798,2026-03-27T02:00:51.928331,,failed,,CVXUSDC,4h,6,,0.12170974073605151,-100.0,
1297,20260327_020956_strat_gie_de_mean_reversion_sur_morphous,C:\Users\o3-Pro\Documents\backtest_results\_builder_sessions\20260327_020956_strat_gie_de_mean_reversion_sur_morphous\session_summary.json,C:\Users\o3-Pro\Documents\backtest_results\_builder_sessions\20260327_020956_strat_gie_de_mean_reversion_sur_morphous,b676e0b9bac0035b25ca6564b38d374ecba8d90eeb97d700a1a01c44f2123bb6,36722,2026-03-27T02:09:56.161944,,failed,,MORPHOUSDC,15m,5,,0.0,-26.0,
1298,20260327_021906_strat_gie_de_multi_factor_sur_tutusdc_15,C:\Users\o3-Pro\Documents\backtest_results\_builder_sessions\20260327_021906_strat_gie_de_multi_factor_sur_tutusdc_15\session_summary.json,C:\Users\o3-Pro\Documents\backtest_results\_builder_sessions\20260327_021906_strat_gie_de_multi_factor_sur_tutusdc_15,06758ff2328c439a936596fa64421155ab72a01947a6267976762664a08d2ccc,31058,2026-03-27T02:19:06.540877,,running,,TUTUSDC,15m,4,,0.0,-100.0,
1299,20260327_022502_strat_gie_sur_ondousdc_30m_acheter_sur_p,C:\Users\o3-Pro\Documents\backtest_results\_builder_sessions\20260327_022502_strat_gie_sur_ondousdc_30m_acheter_sur_p\session_summary.json,C:\Users\o3-Pro\Documents\backtest_results\_builder_sessions\20260327_022502_strat_gie_sur_ondousdc_30m_acheter_sur_p,4637058668b7fcef7d30f8fada109c9e5d77774bcbc6095bb91827b438a83562,7907,2026-03-27T02:25:02.495133,,running,,ONDOUSDC,30m,1,,0.0,-26.0,
1300,20260327_093139_objective_exploiter_l_asym_trie_entre_l,C:\Users\o3-Pro\Documents\backtest_results\_builder_sessions\20260327_093139_objective_exploiter_l_asym_trie_entre_l\session_summary.json,C:\Users\o3-Pro\Documents\backtest_results\_builder_sessions\20260327_093139_objective_exploiter_l_asym_trie_entre_l,faea76e37a3e05fdf6cced6776c2ee043f5ba91a1a8b3f401b334be6ab1e0ae5,45919,2026-03-27T09:31:39.401754,,failed,,INITUSDC,3m,6,,0.0,-26.0,
1301,20260327_094534_strat_gie_sur_initusdc_3m_exploiter_une,C:\Users\o3-Pro\Documents\backtest_results\_builder_sessions\20260327_094534_strat_gie_sur_initusdc_3m_exploiter_une\session_summary.json,C:\Users\o3-Pro\Documents\backtest_results\_builder_sessions\20260327_094534_strat_gie_sur_initusdc_3m_exploiter_une,ceca6b8b610b1cff32712306920776561f297bafd4121cabd048762b5e8588b6,53011,2026-03-27T09:45:34.791129,,failed,,INITUSDC,3m,6,,0.0,-100.0,
1302,20260327_095630_objective_exploiter_les_divergences_ent,C:\Users\o3-Pro\Documents\backtest_results\_builder_sessions\20260327_095630_objective_exploiter_les_divergences_ent\session_summary.json,C:\Users\o3-Pro\Documents\backtest_results\_builder_sessions\20260327_095630_objective_exploiter_les_divergences_ent,c662a6612c6e94c414e37d9cb0dcb197bc8719a22a9b048a322b450f95ff8171,45016,2026-03-27T09:56:30.017022,,failed,,INITUSDC,3m,6,,0.0,-26.0,
1303,20260327_101002_exploiter_l_asym_trie_entre_les_r_gimes,C:\Users\o3-Pro\Documents\backtest_results\_builder_sessions\20260327_101002_exploiter_l_asym_trie_entre_les_r_gimes\session_summary.json,C:\Users\o3-Pro\Documents\backtest_results\_builder_sessions\20260327_101002_exploiter_l_asym_trie_entre_les_r_gimes,a8ed8e8897ce4a7bec57051d80c64395217c05afa3b989dfdd4817ec67b5ae70,44388,2026-03-27T10:10:02.481573,,failed,,INITUSDC,3m,6,,0.0,-26.0,
1304,20260327_101921_strat_gie_de_scalping_sur_initusdc_3m_in,C:\Users\o3-Pro\Documents\backtest_results\_builder_sessions\20260327_101921_strat_gie_de_scalping_sur_initusdc_3m_in\session_summary.json,C:\Users\o3-Pro\Documents\backtest_results\_builder_sessions\20260327_101921_strat_gie_de_scalping_sur_initusdc_3m_in,e4105d6fdeb8826d77aa07af8e6105b7eba79d0e2a37731bde1fe6b282d2ed84,44546,2026-03-27T10:19:21.074192,,failed,,INITUSDC,3m,6,,0.0,-50.0,
1305,20260327_102957_strat_gie_de_mean_reversion_sur_initusdc,C:\Users\o3-Pro\Documents\backtest_results\_builder_sessions\20260327_102957_strat_gie_de_mean_reversion_sur_initusdc\session_summary.json,C:\Users\o3-Pro\Documents\backtest_results\_builder_sessions\20260327_102957_strat_gie_de_mean_reversion_sur_initusdc,13b68b2ddf925e69b95efe4e48e58eb3aa5616191fcb551cce0509cdb5473297,46990,2026-03-27T10:29:57.045535,,failed,,INITUSDC,3m,6,,0.0,-50.0,
1306,20260327_104045_strat_gie_de_momentum_sur_initusdc_3m_in,C:\Users\o3-Pro\Documents\backtest_results\_builder_sessions\20260327_104045_strat_gie_de_momentum_sur_initusdc_3m_in\session_summary.json,C:\Users\o3-Pro\Documents\backtest_results\_builder_sessions\20260327_104045_strat_gie_de_momentum_sur_initusdc_3m_in,5f6cbb6aee50bf5cd1c801a8adbffe365aace12f6238b23bfec694804bbd9cc8,27340,2026-03-27T10:40:45.606573,,failed,,INITUSDC,3m,3,,0.0,-50.0,
1307,20260327_104942_strat_gie_de_multi_factor_sur_initusdc_3,C:\Users\o3-Pro\Documents\backtest_results\_builder_sessions\20260327_104942_strat_gie_de_multi_factor_sur_initusdc_3\session_summary.json,C:\Users\o3-Pro\Documents\backtest_results\_builder_sessions\20260327_104942_strat_gie_de_multi_factor_sur_initusdc_3,752ff04b645b868e15bf31d5973297a4c0b4dfa4cc629ea1ed4694f2c4e70037,34228,2026-03-27T10:49:42.258012,,failed,,INITUSDC,3m,4,,0.0,-50.0,
1308,20260327_105853_strat_gie_sur_avaxusdc_3m_exploiter_les,C:\Users\o3-Pro\Documents\backtest_results\_builder_sessions\20260327_105853_strat_gie_sur_avaxusdc_3m_exploiter_les\session_summary.json,C:\Users\o3-Pro\Documents\backtest_results\_builder_sessions\20260327_105853_strat_gie_sur_avaxusdc_3m_exploiter_les,c040663b91095e58a3ae7befd25c01f615adf53f2fd6901bee748ec9832cfdda,46203,2026-03-27T10:58:53.736550,,failed,,AVAXUSDC,3m,6,,0.0,-50.0,
1309,20260327_111029_strat_gie_sur_crvusdc_3m_exploiter_les_d,C:\Users\o3-Pro\Documents\backtest_results\_builder_sessions\20260327_111029_strat_gie_sur_crvusdc_3m_exploiter_les_d\session_summary.json,C:\Users\o3-Pro\Documents\backtest_results\_builder_sessions\20260327_111029_strat_gie_sur_crvusdc_3m_exploiter_les_d,9b3a146101164eae2b38f46de7ebc2ecbd76aaf29a6c233b328c70251061c78e,41965,2026-03-27T11:10:29.918000,,failed,,CRVUSDC,3m,6,,-5.408415575354086,-100.0,
1310,20260327_111921_objective_exploiter_la_divergence_entre,C:\Users\o3-Pro\Documents\backtest_results\_builder_sessions\20260327_111921_objective_exploiter_la_divergence_entre\session_summary.json,C:\Users\o3-Pro\Documents\backtest_results\_builder_sessions\20260327_111921_objective_exploiter_la_divergence_entre,e378879bb6e7f31975a22cdb37edcacf950c74e326b1544928259bbbe4c32f8f,47902,2026-03-27T11:19:21.449461,,failed,,INITUSDC,3m,6,,0.0,-50.0,
1311,20260327_113210_exploiter_les_divergences_entre_la_volat,C:\Users\o3-Pro\Documents\backtest_results\_builder_sessions\20260327_113210_exploiter_les_divergences_entre_la_volat\session_summary.json,C:\Users\o3-Pro\Documents\backtest_results\_builder_sessions\20260327_113210_exploiter_les_divergences_entre_la_volat,2e7e4c6e97011d549ff0516827109deae4a6d68725138b9b34afb7f5a0b3e4d5,41573,2026-03-27T11:32:10.962944,,failed,,SHIBUSDC,3m,6,,0.0,-26.0,
1312,20260327_114629_strat_gie_de_regime_adaptatif_sur_initus,C:\Users\o3-Pro\Documents\backtest_results\_builder_sessions\20260327_114629_strat_gie_de_regime_adaptatif_sur_initus\session_summary.json,C:\Users\o3-Pro\Documents\backtest_results\_builder_sessions\20260327_114629_strat_gie_de_regime_adaptatif_sur_initus,b42bcf313b7c2ab5375799c63cb9da61e24b523faab194ba3570049d2096ace8,44614,2026-03-27T11:46:29.549044,,failed,,INITUSDC,3m,6,,0.0,-26.0,
1313,20260327_120439_strat_gie_de_scalping_sur_initusdc_3m_in,C:\Users\o3-Pro\Documents\backtest_results\_builder_sessions\20260327_120439_strat_gie_de_scalping_sur_initusdc_3m_in\session_summary.json,C:\Users\o3-Pro\Documents\backtest_results\_builder_sessions\20260327_120439_strat_gie_de_scalping_sur_initusdc_3m_in,f539f0c7778a29b1caebd000c89006ce163fc30aca3d45e1922ce41bc633ea28,34365,2026-03-27T12:04:39.213332,,failed,,INITUSDC,3m,6,,0.0,-100.0,
1314,20260327_121626_strat_gie_de_trend_following_sur_initusd,C:\Users\o3-Pro\Documents\backtest_results\_builder_sessions\20260327_121626_strat_gie_de_trend_following_sur_initusd\session_summary.json,C:\Users\o3-Pro\Documents\backtest_results\_builder_sessions\20260327_121626_strat_gie_de_trend_following_sur_initusd,d324a8403d0b4960c3490e0ecca6aea2b5890ffb624eadb157e00f4b4dabc660,38429,2026-03-27T12:16:26.382593,,failed,,INITUSDC,3m,6,,0.0,-26.0,
1315,20260327_123225_strat_gie_de_mean_reversion_sur_initusdc,C:\Users\o3-Pro\Documents\backtest_results\_builder_sessions\20260327_123225_strat_gie_de_mean_reversion_sur_initusdc\session_summary.json,C:\Users\o3-Pro\Documents\backtest_results\_builder_sessions\20260327_123225_strat_gie_de_mean_reversion_sur_initusdc,836b1a3b2336d6da925c04e9bffe4369ed8fc8872c077423fad24428b787f644,43888,2026-03-27T12:32:25.650218,,failed,,INITUSDC,3m,6,,0.0,-50.0,
1316,20260327_124923_exploiter_les_divergences_entre_l_aroon,C:\Users\o3-Pro\Documents\backtest_results\_builder_sessions\20260327_124923_exploiter_les_divergences_entre_l_aroon\session_summary.json,C:\Users\o3-Pro\Documents\backtest_results\_builder_sessions\20260327_124923_exploiter_les_divergences_entre_l_aroon,817ecc74cc09fb292d1d29dd30f8bee29547bbf8dad9192e6cd35269c64f8e9c,31386,2026-03-27T12:49:23.317479,,running,,PYTHUSDC,3m,4,,0.0,-100.0,
1317,20260327_164821_strat_gie_sur_tstusdc_15m_capture_the_ea,C:\Users\o3-Pro\Documents\backtest_results\_builder_sessions\20260327_164821_strat_gie_sur_tstusdc_15m_capture_the_ea\session_summary.json,C:\Users\o3-Pro\Documents\backtest_results\_builder_sessions\20260327_164821_strat_gie_sur_tstusdc_15m_capture_the_ea,8823cbf1685fcae2010b917f15fcc4a7e2a3d363d4fcca730aab9c01cdd0638f,9741,2026-03-27T16:48:21.253907,,running,,TSTUSDC,15m,1,,-0.05419744442919309,-75.04755318215592,
1318,20260328_173247_strat_gie_sur_ftmusdc_4h_identifier_les,C:\Users\o3-Pro\Documents\backtest_results\_builder_sessions\20260328_173247_strat_gie_sur_ftmusdc_4h_identifier_les\session_summary.json,C:\Users\o3-Pro\Documents\backtest_results\_builder_sessions\20260328_173247_strat_gie_sur_ftmusdc_4h_identifier_les,bec0f1a7c028784245e134b6bd2df5bb1422532393502869a010dd3a535d6c61,59172,2026-03-28T17:32:47.429174,,success,,FTMUSDC,4h,6,,1.641611349956126,100.0,
1319,20260328_174009_objective_cette_strat_gie_vise_identifi,C:\Users\o3-Pro\Documents\backtest_results\_builder_sessions\20260328_174009_objective_cette_strat_gie_vise_identifi\session_summary.json,C:\Users\o3-Pro\Documents\backtest_results\_builder_sessions\20260328_174009_objective_cette_strat_gie_vise_identifi,0cceeec5b7c504c1be3c5ed201025af0d17e89495c1c0eba1944d33d915186d7,36666,2026-03-28T17:40:09.835865,,failed,,APTUSDC,4h,4,,0.0,-26.0,
1320,20260328_174505_objective_cette_strat_gie_vise_identifi,C:\Users\o3-Pro\Documents\backtest_results\_builder_sessions\20260328_174505_objective_cette_strat_gie_vise_identifi\session_summary.json,C:\Users\o3-Pro\Documents\backtest_results\_builder_sessions\20260328_174505_objective_cette_strat_gie_vise_identifi,178644eb935919e5e8356cb0be20bebbdb27b6b426146eb1b75a12d15ed3e5cb,31241,2026-03-28T17:45:05.800126,,failed,,DOGEUSDC,1h,3,,0.0,-50.0,
1321,20260328_174945_strat_gie_de_trading_bas_e_sur_la_combin,C:\Users\o3-Pro\Documents\backtest_results\_builder_sessions\20260328_174945_strat_gie_de_trading_bas_e_sur_la_combin\session_summary.json,C:\Users\o3-Pro\Documents\backtest_results\_builder_sessions\20260328_174945_strat_gie_de_trading_bas_e_sur_la_combin,4fee6b0406c4b8159ef132300a94c4206f2cfb40128929fead7fb493b649cb89,14819,2026-03-28T17:49:45.774516,,running,,TAOUSDC,15m,6,,-inf,-inf,
1322,20260328_175508_strat_gie_de_trading_bas_e_sur_l_interse,C:\Users\o3-Pro\Documents\backtest_results\_builder_sessions\20260328_175508_strat_gie_de_trading_bas_e_sur_l_interse\session_summary.json,C:\Users\o3-Pro\Documents\backtest_results\_builder_sessions\20260328_175508_strat_gie_de_trading_bas_e_sur_l_interse,6e9e5ece15ce73794844727aa5dcf049e33d636eded94684e9ebd206204a96cd,18742,2026-03-28T17:55:08.533919,,running,,DOTUSDC,4h,2,,0.5025332601970174,78.60972115435592,
1323,20260328_185015_objective_cette_strat_gie_vise_capturer,C:\Users\o3-Pro\Documents\backtest_results\_builder_sessions\20260328_185015_objective_cette_strat_gie_vise_capturer\session_summary.json,C:\Users\o3-Pro\Documents\backtest_results\_builder_sessions\20260328_185015_objective_cette_strat_gie_vise_capturer,746c37fedc28edaa0208fc9707b8ce7a22acf45558167d63895f20b37e6373c4,63219,2026-03-28T18:50:15.087619,,failed,,MATICUSDC,15m,6,,0.1226184216648534,-30.453626575002723,
1324,20260328_185833_objective_une_strat_gie_bas_e_sur_l_int,C:\Users\o3-Pro\Documents\backtest_results\_builder_sessions\20260328_185833_objective_une_strat_gie_bas_e_sur_l_int\session_summary.json,C:\Users\o3-Pro\Documents\backtest_results\_builder_sessions\20260328_185833_objective_une_strat_gie_bas_e_sur_l_int,3a835292f1d9931ea6fa5ff6c02f6c5297cedc520f87e4ca31151977f1caa7a5,27395,2026-03-28T18:58:33.425507,,failed,,AVAXUSDC,15m,3,,0.0,-26.0,
1325,20260328_190228_strat_gie_de_multi_factor_sur_renderusdc,C:\Users\o3-Pro\Documents\backtest_results\_builder_sessions\20260328_190228_strat_gie_de_multi_factor_sur_renderusdc\session_summary.json,C:\Users\o3-Pro\Documents\backtest_results\_builder_sessions\20260328_190228_strat_gie_de_multi_factor_sur_renderusdc,78c90328d768b3095d62c700118a4ee23f1c05ed8a33293820149b0f6249c661,50728,2026-03-28T19:02:28.679320,,failed,,RENDERUSDC,15m,6,,0.0,-50.0,
1326,20260328_190659_strat_gie_de_regime_adaptatif_sur_bchusd,C:\Users\o3-Pro\Documents\backtest_results\_builder_sessions\20260328_190659_strat_gie_de_regime_adaptatif_sur_bchusd\session_summary.json,C:\Users\o3-Pro\Documents\backtest_results\_builder_sessions\20260328_190659_strat_gie_de_regime_adaptatif_sur_bchusd,64d6da501dd5b8631f64085698a8193998cef52595d988b6ea37bc40693b9944,35543,2026-03-28T19:06:59.735162,,running,,BCHUSDC,1d,4,,0.31173769479274077,70.32689816781351,
1327,20260328_203754_strat_gie_de_regime_adaptatif_sur_eurusd,C:\Users\o3-Pro\Documents\backtest_results\_builder_sessions\20260328_203754_strat_gie_de_regime_adaptatif_sur_eurusd\session_summary.json,C:\Users\o3-Pro\Documents\backtest_results\_builder_sessions\20260328_203754_strat_gie_de_regime_adaptatif_sur_eurusd,00a07445c4a6e3bcd792bf78a2626479db27ddf84402de171dc8bbbbc7314da5,30584,2026-03-28T20:37:54.163529,,running,,EURUSDC,1d,4,,-0.6317554096669771,-65.0026472265327,
1328,20260328_211951_strat_gie_de_mean_reversion_sur_gmxusdc,C:\Users\o3-Pro\Documents\backtest_results\_builder_sessions\20260328_211951_strat_gie_de_mean_reversion_sur_gmxusdc\session_summary.json,C:\Users\o3-Pro\Documents\backtest_results\_builder_sessions\20260328_211951_strat_gie_de_mean_reversion_sur_gmxusdc,eb84a8510ddf362630643a1017149c325d7e35fd3b0946ae8e2dbe31ef383e34,9306,2026-03-28T21:19:51.452457,,running,,GMXUSDC,30m,1,,-0.25149915297296394,-35.44775016796525,
1329,20260328_212115_strat_gie_de_regime_adaptatif_sur_atusdc,C:\Users\o3-Pro\Documents\backtest_results\_builder_sessions\20260328_212115_strat_gie_de_regime_adaptatif_sur_atusdc\session_summary.json,C:\Users\o3-Pro\Documents\backtest_results\_builder_sessions\20260328_212115_strat_gie_de_regime_adaptatif_sur_atusdc,64eb0fc80b8f808b3d2a170d922e2d365422e348ac5a1e9e3d844a9d18fbba22,12049,2026-03-28T21:21:15.802916,,running,,ATUSDC,30m,1,,0.01184766392950769,-52.09184588710896,
1330,20260328_212341_strat_gie_de_multi_factor_sur_acxusdc_1h,C:\Users\o3-Pro\Documents\backtest_results\_builder_sessions\20260328_212341_strat_gie_de_multi_factor_sur_acxusdc_1h\session_summary.json,C:\Users\o3-Pro\Documents\backtest_results\_builder_sessions\20260328_212341_strat_gie_de_multi_factor_sur_acxusdc_1h,68904dc1fc5b7400715b3f3ae00c446864cfe7ebbb605ea3a3805156c8bd2f38,8849,2026-03-28T21:23:41.843507,,running,,ACXUSDC,1h,1,,-20.0,-100.0,
1331,20260328_212450_strat_gie_de_breakout_sur_hyperusdc_4h_i,C:\Users\o3-Pro\Documents\backtest_results\_builder_sessions\20260328_212450_strat_gie_de_breakout_sur_hyperusdc_4h_i\session_summary.json,C:\Users\o3-Pro\Documents\backtest_results\_builder_sessions\20260328_212450_strat_gie_de_breakout_sur_hyperusdc_4h_i,b827e2b62af81742f34cc6793fe0dcfddf68f0d62d7f0f6a402d640726135f2c,8346,2026-03-28T21:24:50.764101,,running,,HYPERUSDC,4h,1,,0.0,-50.0,
1332,20260328_212601_strat_gie_de_regime_adaptatif_sur_dashus,C:\Users\o3-Pro\Documents\backtest_results\_builder_sessions\20260328_212601_strat_gie_de_regime_adaptatif_sur_dashus\session_summary.json,C:\Users\o3-Pro\Documents\backtest_results\_builder_sessions\20260328_212601_strat_gie_de_regime_adaptatif_sur_dashus,c8a4812e775ce891015edd23b34d89f9230da21e3b7a77976dcd87c58e0b44a4,9609,2026-03-28T21:26:01.868308,,running,,DASHUSDC,1h,1,,0.6477023112864014,-11.916191576365698,
1333,20260328_212706_strat_gie_de_mean_reversion_sur_dotusdc,C:\Users\o3-Pro\Documents\backtest_results\_builder_sessions\20260328_212706_strat_gie_de_mean_reversion_sur_dotusdc\session_summary.json,C:\Users\o3-Pro\Documents\backtest_results\_builder_sessions\20260328_212706_strat_gie_de_mean_reversion_sur_dotusdc,6b316d2b34217f36691a9d61f3e39c2482adf81a61520122bc2fb9ea2ef7b479,9036,2026-03-28T21:27:06.895780,,running,,DOTUSDC,1h,1,,-20.0,-100.0,
1334,20260328_212809_strat_gie_de_multi_factor_sur_signusdc_1,C:\Users\o3-Pro\Documents\backtest_results\_builder_sessions\20260328_212809_strat_gie_de_multi_factor_sur_signusdc_1\session_summary.json,C:\Users\o3-Pro\Documents\backtest_results\_builder_sessions\20260328_212809_strat_gie_de_multi_factor_sur_signusdc_1,ceb23b4b820e44adc7d7210c2c207084d3afd2c868b97640007ebffc991f7135,8646,2026-03-28T21:28:09.211191,,running,,SIGNUSDC,1h,1,,-20.0,-100.0,
1335,20260328_212915_strat_gie_de_breakout_sur_proveusdc_5m_i,C:\Users\o3-Pro\Documents\backtest_results\_builder_sessions\20260328_212915_strat_gie_de_breakout_sur_proveusdc_5m_i\session_summary.json,C:\Users\o3-Pro\Documents\backtest_results\_builder_sessions\20260328_212915_strat_gie_de_breakout_sur_proveusdc_5m_i,4310def111c3a1ae5414fc49aaf1da69f2587b913ae30b4056a245c4ab9adb82,11444,2026-03-28T21:29:15.374476,,running,,PROVEUSDC,5m,1,,-20.0,-100.0,
1336,20260328_213024_strat_gie_de_scalping_sur_shellusdc_1d_i,C:\Users\o3-Pro\Documents\backtest_results\_builder_sessions\20260328_213024_strat_gie_de_scalping_sur_shellusdc_1d_i\session_summary.json,C:\Users\o3-Pro\Documents\backtest_results\_builder_sessions\20260328_213024_strat_gie_de_scalping_sur_shellusdc_1d_i,5be8c055d2aa58bd16a0ead3c2191876f488411dbe91cf6e444fb99bf36041d2,8878,2026-03-28T21:30:24.689643,,running,,SHELLUSDC,1d,1,,1.000905502917132,67.96631321185977,
1337,20260328_221532_long_dogeusdc_on_1h_using_ema_50_crossin,C:\Users\o3-Pro\Documents\backtest_results\_builder_sessions\20260328_221532_long_dogeusdc_on_1h_using_ema_50_crossin\session_summary.json,C:\Users\o3-Pro\Documents\backtest_results\_builder_sessions\20260328_221532_long_dogeusdc_on_1h_using_ema_50_crossin,95e8fb807087bbc29e4ce5e4cfe759ccb27cfbe59a7edad3aee372ac42ce4145,43348,2026-03-28T22:15:32.943520,,running,,SHIBUSDC,1h,5,,0.5155644444890495,-26.0,
1338,20260328_222633_strat_gie_de_trend_following_sur_turbous,C:\Users\o3-Pro\Documents\backtest_results\_builder_sessions\20260328_222633_strat_gie_de_trend_following_sur_turbous\session_summary.json,C:\Users\o3-Pro\Documents\backtest_results\_builder_sessions\20260328_222633_strat_gie_de_trend_following_sur_turbous,b2e11556e5453e54413d8f3cae25fd9041057b45f8dbcb17e40f16eb0288c862,69705,2026-03-28T22:26:33.425659,,failed,,TURBOUSDC,1d,6,,0.0,-26.0,
1339,20260328_223057_strat_gie_de_regime_adaptatif_sur_treeus,C:\Users\o3-Pro\Documents\backtest_results\_builder_sessions\20260328_223057_strat_gie_de_regime_adaptatif_sur_treeus\session_summary.json,C:\Users\o3-Pro\Documents\backtest_results\_builder_sessions\20260328_223057_strat_gie_de_regime_adaptatif_sur_treeus,f83441250a946d913b28750d1f2a8aaab3974477213304e0f86bf6abc0ef0aa9,75828,2026-03-28T22:30:57.406786,,failed,,TREEUSDC,30m,6,,0.0,-26.0,
1340,20260328_223704_strat_gie_de_breakout_sur_xtzusdc_1h_ind,C:\Users\o3-Pro\Documents\backtest_results\_builder_sessions\20260328_223704_strat_gie_de_breakout_sur_xtzusdc_1h_ind\session_summary.json,C:\Users\o3-Pro\Documents\backtest_results\_builder_sessions\20260328_223704_strat_gie_de_breakout_sur_xtzusdc_1h_ind,f671316c47067948e88e36fd3135494d9e917a5ac75d7b584f2a4fd540ad43cc,105075,2026-03-28T22:37:04.861212,,max_iterations,,XTZUSDC,1h,10,,0.9577530369221394,100.0,
1341,20260328_224307_strat_gie_de_scalping_sur_zecusdc_1d_ind,C:\Users\o3-Pro\Documents\backtest_results\_builder_sessions\20260328_224307_strat_gie_de_scalping_sur_zecusdc_1d_ind\session_summary.json,C:\Users\o3-Pro\Documents\backtest_results\_builder_sessions\20260328_224307_strat_gie_de_scalping_sur_zecusdc_1d_ind,71933c7eaaec7436b039ead88dbd4b34b073ce4b30c7a23adb9cb6a0141b23d3,66981,2026-03-28T22:43:07.631309,,success,,ZECUSDC,1d,4,,1.2459827777947816,100.0,
1342,20260328_224535_strat_gie_de_momentum_sur_api3usdc_15m_i,C:\Users\o3-Pro\Documents\backtest_results\_builder_sessions\20260328_224535_strat_gie_de_momentum_sur_api3usdc_15m_i\session_summary.json,C:\Users\o3-Pro\Documents\backtest_results\_builder_sessions\20260328_224535_strat_gie_de_momentum_sur_api3usdc_15m_i,c65cca4b9128974fc2d936b2c20209054680fcb2f380c049f2cc4dec18a9611c,18876,2026-03-28T22:45:35.133018,,running,,API3USDC,15m,2,,-20.0,-100.0,
1343,20260328_225347_momentum_strategy_on_btcusdc_15m_go_long,C:\Users\o3-Pro\Documents\backtest_results\_builder_sessions\20260328_225347_momentum_strategy_on_btcusdc_15m_go_long\session_summary.json,C:\Users\o3-Pro\Documents\backtest_results\_builder_sessions\20260328_225347_momentum_strategy_on_btcusdc_15m_go_long,9d0768a1b5f8a95510eb0b3b76c984e048a52f13c45b91af148cab05920c6565,114699,2026-03-28T22:53:47.300921,,failed,,BEAMXUSDC,5m,6,,0.0,-50.0,
1344,20260328_230219_breakout_strategy_on_ethusdc_1h_enter_lo,C:\Users\o3-Pro\Documents\backtest_results\_builder_sessions\20260328_230219_breakout_strategy_on_ethusdc_1h_enter_lo\session_summary.json,C:\Users\o3-Pro\Documents\backtest_results\_builder_sessions\20260328_230219_breakout_strategy_on_ethusdc_1h_enter_lo,6f2a7d1657e1068b757ecf1f8bc9cc6578febf2bbca4303728c717d8288a0d08,107399,2026-03-28T23:02:19.217575,,success,,ENAUSDC,30m,4,,1.2571785172864323,100.0,
1345,20260331_055603_strat_gie_de_mean_reversion_sur_dolousdc,C:\Users\o3-Pro\Documents\backtest_results\_builder_sessions\20260331_055603_strat_gie_de_mean_reversion_sur_dolousdc\session_summary.json,C:\Users\o3-Pro\Documents\backtest_results\_builder_sessions\20260331_055603_strat_gie_de_mean_reversion_sur_dolousdc,aa8b12867cb3252640f1984886b5ea0095804d77981b5839a60b217eef635595,52857,2026-03-31T05:56:03.316848,,failed,,DOLOUSDC,30m,6,,0.0,-26.0,
1346,20260331_055927_strat_gie_sur_sapienusdc_5m_generate_a_t,C:\Users\o3-Pro\Documents\backtest_results\_builder_sessions\20260331_055927_strat_gie_sur_sapienusdc_5m_generate_a_t\session_summary.json,C:\Users\o3-Pro\Documents\backtest_results\_builder_sessions\20260331_055927_strat_gie_sur_sapienusdc_5m_generate_a_t,0fd4df247e92b0d8384004c230a16159383c219ee6d68e91943cb3c688c5bf31,52307,2026-03-31T05:59:27.209915,,failed,,SAPIENUSDC,5m,6,,0.0,-50.0,
1347,20260331_060220_strat_gie_sur_berausdc_5m_atteindre_un_r,C:\Users\o3-Pro\Documents\backtest_results\_builder_sessions\20260331_060220_strat_gie_sur_berausdc_5m_atteindre_un_r\session_summary.json,C:\Users\o3-Pro\Documents\backtest_results\_builder_sessions\20260331_060220_strat_gie_sur_berausdc_5m_atteindre_un_r,05496626a9d6d246a7d6c93b39aaacd3d7dc66c5f6dd7722e5670b3522cb7298,48820,2026-03-31T06:02:20.466145,,failed,,BERAUSDC,5m,6,,0.0,-26.0,
1348,20260331_060519_strat_gie_sur_ethusdc_1h_identify_trend,C:\Users\o3-Pro\Documents\backtest_results\_builder_sessions\20260331_060519_strat_gie_sur_ethusdc_1h_identify_trend\session_summary.json,C:\Users\o3-Pro\Documents\backtest_results\_builder_sessions\20260331_060519_strat_gie_sur_ethusdc_1h_identify_trend,66f00ed4dfe0c5dbdabacdeb8dd516103eb4a5bac79546e7b229ab721ab17a43,39708,2026-03-31T06:05:19.642390,,failed,,ETHUSDC,1h,4,,0.0,-50.0,
1349,20260331_060812_strat_gie_sur_ensusdc_1h_to_achieve_a_da,C:\Users\o3-Pro\Documents\backtest_results\_builder_sessions\20260331_060812_strat_gie_sur_ensusdc_1h_to_achieve_a_da\session_summary.json,C:\Users\o3-Pro\Documents\backtest_results\_builder_sessions\20260331_060812_strat_gie_sur_ensusdc_1h_to_achieve_a_da,c41fe9e7efabd348e13357a27721be9d49b98224438e934dbee8686de4411e40,47557,2026-03-31T06:08:12.888167,,failed,,ENSUSDC,1h,6,,0.0,-26.0,
1350,20260331_061026_strat_gie_de_momentum_sur_wldusdc_4h_ind,C:\Users\o3-Pro\Documents\backtest_results\_builder_sessions\20260331_061026_strat_gie_de_momentum_sur_wldusdc_4h_ind\session_summary.json,C:\Users\o3-Pro\Documents\backtest_results\_builder_sessions\20260331_061026_strat_gie_de_momentum_sur_wldusdc_4h_ind,249cc8c9ad0c67dab76ca175a89acfe8728a8d6219b640e3f42054ebf3cd513f,29689,2026-03-31T06:10:26.864084,,failed,,WLDUSDC,4h,3,,0.0,-50.0,
1351,20260331_061226_strat_gie_de_regime_adaptatif_sur_kmnous,C:\Users\o3-Pro\Documents\backtest_results\_builder_sessions\20260331_061226_strat_gie_de_regime_adaptatif_sur_kmnous\session_summary.json,C:\Users\o3-Pro\Documents\backtest_results\_builder_sessions\20260331_061226_strat_gie_de_regime_adaptatif_sur_kmnous,cce6bb33f1fbb4e7cd4e2b18778d01b98abd1b9bc1204dbc5360164ef81afbf9,54914,2026-03-31T06:12:26.669790,,failed,,KMNOUSDC,1h,6,,0.20165718565679608,-50.0,
1352,20260331_061626_strat_gie_de_scalping_sur_formusdc_15m_i,C:\Users\o3-Pro\Documents\backtest_results\_builder_sessions\20260331_061626_strat_gie_de_scalping_sur_formusdc_15m_i\session_summary.json,C:\Users\o3-Pro\Documents\backtest_results\_builder_sessions\20260331_061626_strat_gie_de_scalping_sur_formusdc_15m_i,b853d930dbe358a54ab1c83f8f36272bb2f1c456719f14cab68eed0d58a596c5,39149,2026-03-31T06:16:26.571528,,failed,,FORMUSDC,15m,5,,0.0,-26.0,
1353,20260331_061903_strat_gie_de_multi_factor_sur_ldousdc_1h,C:\Users\o3-Pro\Documents\backtest_results\_builder_sessions\20260331_061903_strat_gie_de_multi_factor_sur_ldousdc_1h\session_summary.json,C:\Users\o3-Pro\Documents\backtest_results\_builder_sessions\20260331_061903_strat_gie_de_multi_factor_sur_ldousdc_1h,b273e05b8fb9ae71e06f636f5377857f6cc15c84dd816fb41e07bdba48f63b57,29471,2026-03-31T06:19:03.346058,,failed,,LDOUSDC,1h,4,,0.0,-50.0,
1354,20260331_062115_maximiser_les_profits_en_utilisant_une_c,C:\Users\o3-Pro\Documents\backtest_results\_builder_sessions\20260331_062115_maximiser_les_profits_en_utilisant_une_c\session_summary.json,C:\Users\o3-Pro\Documents\backtest_results\_builder_sessions\20260331_062115_maximiser_les_profits_en_utilisant_une_c,dcc582c320675e40d991125783dd85bcf9f25d8ce1ac02be8d7c37d9f2b42e6f,50041,2026-03-31T06:21:15.610046,,failed,,TNSRUSDC,30m,6,,0.0,-26.0,
1355,20260331_062434_strat_gie_sur_sophusdc_1h_generate_a_tra,C:\Users\o3-Pro\Documents\backtest_results\_builder_sessions\20260331_062434_strat_gie_sur_sophusdc_1h_generate_a_tra\session_summary.json,C:\Users\o3-Pro\Documents\backtest_results\_builder_sessions\20260331_062434_strat_gie_sur_sophusdc_1h_generate_a_tra,acc081366bb9a432002ffceb27f1f71dca9c20cdf5de02ed10e17c509adf2129,31091,2026-03-31T06:24:34.499186,,failed,,SOPHUSDC,1h,3,,0.0,-50.0,
1356,20260331_062632_strat_gie_sur_jupusdc_4h_generate_a_trad,C:\Users\o3-Pro\Documents\backtest_results\_builder_sessions\20260331_062632_strat_gie_sur_jupusdc_4h_generate_a_trad\session_summary.json,C:\Users\o3-Pro\Documents\backtest_results\_builder_sessions\20260331_062632_strat_gie_sur_jupusdc_4h_generate_a_trad,0447e107607ea4466f0e84c36c8fc56e58802fb1c03994c778ee91697e1a33e0,77797,2026-03-31T06:26:32.359581,,failed,,JUPUSDC,4h,9,,0.7646418577395638,-26.0,
1357,20260331_063029_strat_gie_sur_dolousdc_1h_objective_maxi,C:\Users\o3-Pro\Documents\backtest_results\_builder_sessions\20260331_063029_strat_gie_sur_dolousdc_1h_objective_maxi\session_summary.json,C:\Users\o3-Pro\Documents\backtest_results\_builder_sessions\20260331_063029_strat_gie_sur_dolousdc_1h_objective_maxi,428524851651ed62716b7570b2f1b0f8e8563844b9eed115a406c4cbb172ac26,50391,2026-03-31T06:30:29.370255,,failed,,DOLOUSDC,1h,6,,0.0,-26.0,
1358,20260331_063240_strat_gie_de_breakout_sur_bananas31usdc,C:\Users\o3-Pro\Documents\backtest_results\_builder_sessions\20260331_063240_strat_gie_de_breakout_sur_bananas31usdc\session_summary.json,C:\Users\o3-Pro\Documents\backtest_results\_builder_sessions\20260331_063240_strat_gie_de_breakout_sur_bananas31usdc,a1fe1979695d455b53db7df9cfff6c53f0a51dd00348786b96a9bf2d1e33c789,28237,2026-03-31T06:32:40.777545,,failed,,BIOUSDC,1h,3,,0.0,-50.0,
1359,20260331_063448_strat_gie_de_trend_following_sur_hbarusd,C:\Users\o3-Pro\Documents\backtest_results\_builder_sessions\20260331_063448_strat_gie_de_trend_following_sur_hbarusd\session_summary.json,C:\Users\o3-Pro\Documents\backtest_results\_builder_sessions\20260331_063448_strat_gie_de_trend_following_sur_hbarusd,ef4a4764355b796787845bc7002dc945fda6beeaa2d9d4ae6fabf6d09fe02cfb,50631,2026-03-31T06:34:48.769086,,failed,,HBARUSDC,30m,6,,0.0,-50.0,
1360,20260331_063716_strat_gie_de_momentum_sur_eigenusdc_15m,C:\Users\o3-Pro\Documents\backtest_results\_builder_sessions\20260331_063716_strat_gie_de_momentum_sur_eigenusdc_15m\session_summary.json,C:\Users\o3-Pro\Documents\backtest_results\_builder_sessions\20260331_063716_strat_gie_de_momentum_sur_eigenusdc_15m,addd5f26c377a0027bb0aea407c89826ed28bd6f23420923738ae994367fd42b,58905,2026-03-31T06:37:16.972542,,failed,,EIGENUSDC,15m,6,,0.0,-50.0,
1361,20260331_064300_strat_gie_de_regime_adaptatif_sur_aixbtu,C:\Users\o3-Pro\Documents\backtest_results\_builder_sessions\20260331_064300_strat_gie_de_regime_adaptatif_sur_aixbtu\session_summary.json,C:\Users\o3-Pro\Documents\backtest_results\_builder_sessions\20260331_064300_strat_gie_de_regime_adaptatif_sur_aixbtu,2b48ab3c0807fdac5bbde22d45c4bdaa4c7b104870a32c57afe4b2cc01f1c5c3,51617,2026-03-31T06:43:00.117944,,failed,,AIXBTUSDC,5m,6,,0.0,-26.0,
1362,20260331_064704_strat_gie_de_multi_factor_sur_rareusdc_1,C:\Users\o3-Pro\Documents\backtest_results\_builder_sessions\20260331_064704_strat_gie_de_multi_factor_sur_rareusdc_1\session_summary.json,C:\Users\o3-Pro\Documents\backtest_results\_builder_sessions\20260331_064704_strat_gie_de_multi_factor_sur_rareusdc_1,c6b07215c3bcd0db40ce2666c55f47be3b736070db6dc7324ffd6e4265a81f23,30753,2026-03-31T06:47:04.160650,,failed,,BIOUSDC,1h,3,,0.0,-50.0,
1363,20260331_064853_strat_gie_de_scalping_sur_ldousdc_30m_in,C:\Users\o3-Pro\Documents\backtest_results\_builder_sessions\20260331_064853_strat_gie_de_scalping_sur_ldousdc_30m_in\session_summary.json,C:\Users\o3-Pro\Documents\backtest_results\_builder_sessions\20260331_064853_strat_gie_de_scalping_sur_ldousdc_30m_in,6d45e6891b08f1e550aa891568d7e3b8cea222ad722bd42be87f41f3245fc7ef,50091,2026-03-31T06:48:53.813450,,failed,,LDOUSDC,30m,6,,0.0,-26.0,
1364,20260331_065206_strat_gie_de_mean_reversion_sur_orcausdc,C:\Users\o3-Pro\Documents\backtest_results\_builder_sessions\20260331_065206_strat_gie_de_mean_reversion_sur_orcausdc\session_summary.json,C:\Users\o3-Pro\Documents\backtest_results\_builder_sessions\20260331_065206_strat_gie_de_mean_reversion_sur_orcausdc,8ba59377932b00aa28def5d1f0bd44fa86301233c6d50bfb86361f0e9c4924ed,28353,2026-03-31T06:52:06.580717,,failed,,ORCAUSDC,4h,3,,0.0,-50.0,
1365,20260331_065355_strat_gie_de_breakout_sur_hbarusdc_15m_i,C:\Users\o3-Pro\Documents\backtest_results\_builder_sessions\20260331_065355_strat_gie_de_breakout_sur_hbarusdc_15m_i\session_summary.json,C:\Users\o3-Pro\Documents\backtest_results\_builder_sessions\20260331_065355_strat_gie_de_breakout_sur_hbarusdc_15m_i,7c6cd5686fa913cd14ec8a9701a30a3cd9ba4ea0700c80a6c24e5cf76aad2911,54329,2026-03-31T06:53:55.266703,,failed,,HBARUSDC,15m,6,,0.0,-26.0,
1366,20260331_065736_strat_gie_de_multi_factor_sur_somiusdc_5,C:\Users\o3-Pro\Documents\backtest_results\_builder_sessions\20260331_065736_strat_gie_de_multi_factor_sur_somiusdc_5\session_summary.json,C:\Users\o3-Pro\Documents\backtest_results\_builder_sessions\20260331_065736_strat_gie_de_multi_factor_sur_somiusdc_5,eba6573e6d203ae2b5c8378d0ede721e724baffec65a418e8e60cffca082d4b3,43048,2026-03-31T06:57:36.918759,,failed,,BIOUSDC,1h,6,,0.0,-50.0,
1367,20260331_070050_strat_gie_de_scalping_sur_humausdc_1h_in,C:\Users\o3-Pro\Documents\backtest_results\_builder_sessions\20260331_070050_strat_gie_de_scalping_sur_humausdc_1h_in\session_summary.json,C:\Users\o3-Pro\Documents\backtest_results\_builder_sessions\20260331_070050_strat_gie_de_scalping_sur_humausdc_1h_in,cc57d39bd4543e129dbb58a9ac14f27ee710a703f9aca07c7e396093ee68e178,30391,2026-03-31T07:00:50.761179,,failed,,HUMAUSDC,1h,3,,0.0,-50.0,
1368,20260331_070250_strat_gie_de_trend_following_sur_wldusdc,C:\Users\o3-Pro\Documents\backtest_results\_builder_sessions\20260331_070250_strat_gie_de_trend_following_sur_wldusdc\session_summary.json,C:\Users\o3-Pro\Documents\backtest_results\_builder_sessions\20260331_070250_strat_gie_de_trend_following_sur_wldusdc,d0024b8ee5a107c2c1fed735277212cd563c7008678ad49a0f5556d27d210090,43094,2026-03-31T07:02:50.810571,,failed,,WLDUSDC,1h,6,,0.0,-26.0,
1369,20260331_070602_strat_gie_de_breakout_sur_spkusdc_15m_in,C:\Users\o3-Pro\Documents\backtest_results\_builder_sessions\20260331_070602_strat_gie_de_breakout_sur_spkusdc_15m_in\session_summary.json,C:\Users\o3-Pro\Documents\backtest_results\_builder_sessions\20260331_070602_strat_gie_de_breakout_sur_spkusdc_15m_in,0ce2d9b6947b65394a0f93f99f9cb0a40fc4c503b6c5ac466c16029d4a113d34,28656,2026-03-31T07:06:02.890057,,failed,,SPKUSDC,15m,3,,0.0,-50.0,
1370,20260331_070803_strat_gie_de_momentum_sur_hbarusdc_1h_in,C:\Users\o3-Pro\Documents\backtest_results\_builder_sessions\20260331_070803_strat_gie_de_momentum_sur_hbarusdc_1h_in\session_summary.json,C:\Users\o3-Pro\Documents\backtest_results\_builder_sessions\20260331_070803_strat_gie_de_momentum_sur_hbarusdc_1h_in,0df1dc4de67b2c696712b9d9c64304b8555c290ad461d8737592829245be6784,46095,2026-03-31T07:08:03.815258,,failed,,BIOUSDC,1h,5,,0.0,-50.0,
1371,20260331_071044_strat_gie_de_mean_reversion_sur_enausdc,C:\Users\o3-Pro\Documents\backtest_results\_builder_sessions\20260331_071044_strat_gie_de_mean_reversion_sur_enausdc\session_summary.json,C:\Users\o3-Pro\Documents\backtest_results\_builder_sessions\20260331_071044_strat_gie_de_mean_reversion_sur_enausdc,143d52ae6ee3ad11ce9eefb5514f60f4a4777ce6707483bb7a7e2f6ef056853c,30646,2026-03-31T07:10:44.045988,,failed,,ENAUSDC,1d,3,,0.0,-50.0,
1372,20260331_071256_strat_gie_de_scalping_sur_somiusdc_4h_in,C:\Users\o3-Pro\Documents\backtest_results\_builder_sessions\20260331_071256_strat_gie_de_scalping_sur_somiusdc_4h_in\session_summary.json,C:\Users\o3-Pro\Documents\backtest_results\_builder_sessions\20260331_071256_strat_gie_de_scalping_sur_somiusdc_4h_in,a72318098e5a1da500cbc3f934d64c4628585dad5327d3547cc1eb5b39e54465,49319,2026-03-31T07:12:56.502038,,failed,,SOMIUSDC,4h,6,,0.0,-26.0,
1373,20260331_071607_strat_gie_de_multi_factor_sur_bbusdc_15m,C:\Users\o3-Pro\Documents\backtest_results\_builder_sessions\20260331_071607_strat_gie_de_multi_factor_sur_bbusdc_15m\session_summary.json,C:\Users\o3-Pro\Documents\backtest_results\_builder_sessions\20260331_071607_strat_gie_de_multi_factor_sur_bbusdc_15m,992fcc2c91adf241214ddf06c312f602f93a794e6953c5ceaf1dde999f35b9b0,44405,2026-03-31T07:16:07.743755,,failed,,BBUSDC,15m,5,,0.0,-26.0,
1374,20260331_071858_strat_gie_de_breakout_sur_wldusdc_30m_in,C:\Users\o3-Pro\Documents\backtest_results\_builder_sessions\20260331_071858_strat_gie_de_breakout_sur_wldusdc_30m_in\session_summary.json,C:\Users\o3-Pro\Documents\backtest_results\_builder_sessions\20260331_071858_strat_gie_de_breakout_sur_wldusdc_30m_in,316f3dc2461ca272216c406b904c37d87aeb2607e08f70137fd9495d96e18e2a,50521,2026-03-31T07:18:58.824071,,failed,,BIOUSDC,1h,6,,0.766110341666254,-100.0,
1375,20260331_072136_strat_gie_de_mean_reversion_sur_ldousdc,C:\Users\o3-Pro\Documents\backtest_results\_builder_sessions\20260331_072136_strat_gie_de_mean_reversion_sur_ldousdc\session_summary.json,C:\Users\o3-Pro\Documents\backtest_results\_builder_sessions\20260331_072136_strat_gie_de_mean_reversion_sur_ldousdc,d2510da0fc41457e3d78655373a9ba973d62ea41bf1243eb4c90ac9e92d00a9a,32978,2026-03-31T07:21:36.592603,,failed,,LDOUSDC,30m,4,,0.0,-50.0,
1376,20260331_072439_strat_gie_de_scalping_sur_wldusdc_3m_ind,C:\Users\o3-Pro\Documents\backtest_results\_builder_sessions\20260331_072439_strat_gie_de_scalping_sur_wldusdc_3m_ind\session_summary.json,C:\Users\o3-Pro\Documents\backtest_results\_builder_sessions\20260331_072439_strat_gie_de_scalping_sur_wldusdc_3m_ind,dd7282489adde43d95408e7d49677410a0c2cc044fa857f376d3c599870460f8,49745,2026-03-31T07:24:39.909323,,failed,,WLDUSDC,3m,6,,0.0,-26.0,
1377,20260331_072704_strat_gie_de_regime_adaptatif_sur_jupusd,C:\Users\o3-Pro\Documents\backtest_results\_builder_sessions\20260331_072704_strat_gie_de_regime_adaptatif_sur_jupusd\session_summary.json,C:\Users\o3-Pro\Documents\backtest_results\_builder_sessions\20260331_072704_strat_gie_de_regime_adaptatif_sur_jupusd,d65758603a08bb0dd3048ce072e88338bf88924664026b7fd4c56ce48b3404e7,66275,2026-03-31T07:27:04.253967,,failed,,JUPUSDC,4h,9,,0.3257850049496163,-26.0,
1378,20260331_073115_strat_gie_de_momentum_sur_ldousdc_30m_in,C:\Users\o3-Pro\Documents\backtest_results\_builder_sessions\20260331_073115_strat_gie_de_momentum_sur_ldousdc_30m_in\session_summary.json,C:\Users\o3-Pro\Documents\backtest_results\_builder_sessions\20260331_073115_strat_gie_de_momentum_sur_ldousdc_30m_in,934fc39ef6cb785ed10d072ef854bb9c7d4064ce1b3970cceea5cc6ab818ff93,46946,2026-03-31T07:31:15.420887,,failed,,BIOUSDC,1h,5,,0.0,-50.0,
1379,20260331_073414_strat_gie_de_breakout_sur_bananas31usdc,C:\Users\o3-Pro\Documents\backtest_results\_builder_sessions\20260331_073414_strat_gie_de_breakout_sur_bananas31usdc\session_summary.json,C:\Users\o3-Pro\Documents\backtest_results\_builder_sessions\20260331_073414_strat_gie_de_breakout_sur_bananas31usdc,8fd1af1c90bde2d8dfaccd2d063a57311e4be61a948e8b0186c3eab0603c04e2,44913,2026-03-31T07:34:14.687462,,failed,,BANANAS31USDC,15m,6,,0.0,-26.0,
1380,20260331_073638_strat_gie_de_multi_factor_sur_ldousdc_5m,C:\Users\o3-Pro\Documents\backtest_results\_builder_sessions\20260331_073638_strat_gie_de_multi_factor_sur_ldousdc_5m\session_summary.json,C:\Users\o3-Pro\Documents\backtest_results\_builder_sessions\20260331_073638_strat_gie_de_multi_factor_sur_ldousdc_5m,e12fe2220e7c54d8f9d3afbcdf8addedb968635f8f157176a451048b6cdca7de,46106,2026-03-31T07:36:38.838583,,failed,,LDOUSDC,5m,6,,0.0,-26.0,
1381,20260331_073912_strat_gie_de_trend_following_sur_bfusdus,C:\Users\o3-Pro\Documents\backtest_results\_builder_sessions\20260331_073912_strat_gie_de_trend_following_sur_bfusdus\session_summary.json,C:\Users\o3-Pro\Documents\backtest_results\_builder_sessions\20260331_073912_strat_gie_de_trend_following_sur_bfusdus,df0f8af6164c427fa7d23ea71545572750983ac56bf81f2a93090e26cd5706a1,49854,2026-03-31T07:39:12.227827,,failed,,BFUSDUSDC,1h,6,,0.0,-26.0,
1382,20260331_074124_strat_gie_de_mean_reversion_sur_jupusdc,C:\Users\o3-Pro\Documents\backtest_results\_builder_sessions\20260331_074124_strat_gie_de_mean_reversion_sur_jupusdc\session_summary.json,C:\Users\o3-Pro\Documents\backtest_results\_builder_sessions\20260331_074124_strat_gie_de_mean_reversion_sur_jupusdc,761ea95d92a3cf444177794031f905d75d8c937740ed8ad0e27a08627a5c6e19,51378,2026-03-31T07:41:24.720743,,failed,,BIOUSDC,1h,6,,0.0,-26.0,
1383,20260331_074420_strat_gie_de_regime_adaptatif_sur_wlfius,C:\Users\o3-Pro\Documents\backtest_results\_builder_sessions\20260331_074420_strat_gie_de_regime_adaptatif_sur_wlfius\session_summary.json,C:\Users\o3-Pro\Documents\backtest_results\_builder_sessions\20260331_074420_strat_gie_de_regime_adaptatif_sur_wlfius,f3c9d9a7e6712ac6f6a5d48d659cfed540ca71d2225377980ed8264654e60865,50482,2026-03-31T07:44:20.736864,,failed,,WLFIUSDC,15m,6,,0.0,-26.0,
1384,20260331_074727_strat_gie_de_multi_factor_sur_hbarusdc_1,C:\Users\o3-Pro\Documents\backtest_results\_builder_sessions\20260331_074727_strat_gie_de_multi_factor_sur_hbarusdc_1\session_summary.json,C:\Users\o3-Pro\Documents\backtest_results\_builder_sessions\20260331_074727_strat_gie_de_multi_factor_sur_hbarusdc_1,b7f0a704e47daf887b6df08e94db3101fd49a2f69d4eba83730c7c5094df20c1,48274,2026-03-31T07:47:27.781230,,failed,,HBARUSDC,15m,6,,0.0,-26.0,
1385,20260331_075001_strat_gie_de_momentum_sur_sapienusdc_3m,C:\Users\o3-Pro\Documents\backtest_results\_builder_sessions\20260331_075001_strat_gie_de_momentum_sur_sapienusdc_3m\session_summary.json,C:\Users\o3-Pro\Documents\backtest_results\_builder_sessions\20260331_075001_strat_gie_de_momentum_sur_sapienusdc_3m,6b773c52c125b9242e916be655dcad356a8779c0c3758784c11d2b43389ef307,51468,2026-03-31T07:50:01.697890,,failed,,SAPIENUSDC,3m,6,,0.0,-26.0,
1386,20260331_075340_strat_gie_de_mean_reversion_sur_openusdc,C:\Users\o3-Pro\Documents\backtest_results\_builder_sessions\20260331_075340_strat_gie_de_mean_reversion_sur_openusdc\session_summary.json,C:\Users\o3-Pro\Documents\backtest_results\_builder_sessions\20260331_075340_strat_gie_de_mean_reversion_sur_openusdc,0d2c8603c9ad55b96dccf5f47fc9c5bede70b5fabb21606e39bbcd95dc197cb5,40160,2026-03-31T07:53:40.171732,,failed,,BIOUSDC,1h,4,,0.0,-50.0,
1387,20260331_075619_strat_gie_de_breakout_sur_ftmusdc_4h_ind,C:\Users\o3-Pro\Documents\backtest_results\_builder_sessions\20260331_075619_strat_gie_de_breakout_sur_ftmusdc_4h_ind\session_summary.json,C:\Users\o3-Pro\Documents\backtest_results\_builder_sessions\20260331_075619_strat_gie_de_breakout_sur_ftmusdc_4h_ind,4ff2ac9e6eca35469757665bea51529e9a12eacc5a00b95d533c7ba951cb973d,52971,2026-03-31T07:56:19.172576,,failed,,FTMUSDC,4h,6,,0.0,-26.0,
1388,20260331_075841_strat_gie_de_regime_adaptatif_sur_zrousd,C:\Users\o3-Pro\Documents\backtest_results\_builder_sessions\20260331_075841_strat_gie_de_regime_adaptatif_sur_zrousd\session_summary.json,C:\Users\o3-Pro\Documents\backtest_results\_builder_sessions\20260331_075841_strat_gie_de_regime_adaptatif_sur_zrousd,5b3ecf45286b31ad48bfe43f3cd02d87d3f46371780465e248f72fbf3332051e,78781,2026-03-31T07:58:41.510188,,failed,,ZROUSDC,1h,9,,0.41569938598342515,-26.0,
1389,20260331_080401_strat_gie_de_trend_following_sur_aixbtus,C:\Users\o3-Pro\Documents\backtest_results\_builder_sessions\20260331_080401_strat_gie_de_trend_following_sur_aixbtus\session_summary.json,C:\Users\o3-Pro\Documents\backtest_results\_builder_sessions\20260331_080401_strat_gie_de_trend_following_sur_aixbtus,f778c2c36a057e629119d266cbed6bb12c87e4f55009e93a4bc90f45681f9634,38373,2026-03-31T08:04:01.298115,,failed,,AIXBTUSDC,30m,4,,0.020202585277311183,-50.0,
1390,20260331_080634_strat_gie_de_multi_factor_sur_sapienusdc,C:\Users\o3-Pro\Documents\backtest_results\_builder_sessions\20260331_080634_strat_gie_de_multi_factor_sur_sapienusdc\session_summary.json,C:\Users\o3-Pro\Documents\backtest_results\_builder_sessions\20260331_080634_strat_gie_de_multi_factor_sur_sapienusdc,92bcb3d411dd5b1a3ec7f69a01f66b8e69ea5bebb675655c1848609e57d09264,54367,2026-03-31T08:06:34.094033,,failed,,BIOUSDC,1h,6,,0.0,-26.0,
1391,20260331_080931_strat_gie_de_momentum_sur_hbarusdc_1d_in,C:\Users\o3-Pro\Documents\backtest_results\_builder_sessions\20260331_080931_strat_gie_de_momentum_sur_hbarusdc_1d_in\session_summary.json,C:\Users\o3-Pro\Documents\backtest_results\_builder_sessions\20260331_080931_strat_gie_de_momentum_sur_hbarusdc_1d_in,6c805e5e03ffa0ef5e58ac6b2bd0543c7af6a59a51390798f6f23288a35a940e,25899,2026-03-31T08:09:31.290798,,failed,,HBARUSDC,1d,3,,0.0,-50.0,
1392,20260331_081109_strat_gie_de_mean_reversion_sur_openusdc,C:\Users\o3-Pro\Documents\backtest_results\_builder_sessions\20260331_081109_strat_gie_de_mean_reversion_sur_openusdc\session_summary.json,C:\Users\o3-Pro\Documents\backtest_results\_builder_sessions\20260331_081109_strat_gie_de_mean_reversion_sur_openusdc,ab06b1c986d727c0edf23f673b138284330caf991f282283aaca225570384f2e,38447,2026-03-31T08:11:09.506923,,failed,,OPENUSDC,5m,4,,0.0,-50.0,
1393,20260331_081405_strat_gie_de_scalping_sur_holousdc_1h_in,C:\Users\o3-Pro\Documents\backtest_results\_builder_sessions\20260331_081405_strat_gie_de_scalping_sur_holousdc_1h_in\session_summary.json,C:\Users\o3-Pro\Documents\backtest_results\_builder_sessions\20260331_081405_strat_gie_de_scalping_sur_holousdc_1h_in,20a87f86f4b0de271ea5a3e40a98bc860b755cdfb694a942e1ae5a350af7e985,47083,2026-03-31T08:14:05.744763,,failed,,HOLOUSDC,1h,6,,0.0,-26.0,
1394,20260331_081703_strat_gie_de_trend_following_sur_1000sat,C:\Users\o3-Pro\Documents\backtest_results\_builder_sessions\20260331_081703_strat_gie_de_trend_following_sur_1000sat\session_summary.json,C:\Users\o3-Pro\Documents\backtest_results\_builder_sessions\20260331_081703_strat_gie_de_trend_following_sur_1000sat,42a8bf05c04935e132ae5dcff9f57c21316026aec0e7e81e459e3b32656168f4,51564,2026-03-31T08:17:03.290997,,failed,,BIOUSDC,1h,6,,0.0,-26.0,
1395,20260331_082009_strat_gie_de_breakout_sur_ltcusdc_15m_in,C:\Users\o3-Pro\Documents\backtest_results\_builder_sessions\20260331_082009_strat_gie_de_breakout_sur_ltcusdc_15m_in\session_summary.json,C:\Users\o3-Pro\Documents\backtest_results\_builder_sessions\20260331_082009_strat_gie_de_breakout_sur_ltcusdc_15m_in,29edeb95595b3300131aa633e0fc1a37f06bc670832e9c135a99b67a4681e3fd,50598,2026-03-31T08:20:09.683837,,failed,,LTCUSDC,15m,6,,0.0,-26.0,
1396,20260331_082243_strat_gie_de_regime_adaptatif_sur_linkus,C:\Users\o3-Pro\Documents\backtest_results\_builder_sessions\20260331_082243_strat_gie_de_regime_adaptatif_sur_linkus\session_summary.json,C:\Users\o3-Pro\Documents\backtest_results\_builder_sessions\20260331_082243_strat_gie_de_regime_adaptatif_sur_linkus,519f6a4fac6cefafd01eefe0b804fda4c4774c1d256c90c83705423d0990dc20,45999,2026-03-31T08:22:43.077627,,failed,,LINKUSDC,4h,6,,0.0,-26.0,
1397,20260331_082531_strat_gie_de_momentum_sur_openusdc_1h_in,C:\Users\o3-Pro\Documents\backtest_results\_builder_sessions\20260331_082531_strat_gie_de_momentum_sur_openusdc_1h_in\session_summary.json,C:\Users\o3-Pro\Documents\backtest_results\_builder_sessions\20260331_082531_strat_gie_de_momentum_sur_openusdc_1h_in,a14cd527e62b14ffc57d270fb61330b235e5b0a77111506fc9b7642f6307822c,53448,2026-03-31T08:25:31.689532,,failed,,OPENUSDC,1h,6,,0.0,-26.0,
1398,20260331_082915_strat_gie_de_multi_factor_sur_layerusdc,C:\Users\o3-Pro\Documents\backtest_results\_builder_sessions\20260331_082915_strat_gie_de_multi_factor_sur_layerusdc\session_summary.json,C:\Users\o3-Pro\Documents\backtest_results\_builder_sessions\20260331_082915_strat_gie_de_multi_factor_sur_layerusdc,4ff1d2bd5b429750fe6dd2c98f77bff69a06b8d29a134e8fab09724d3809a586,28171,2026-03-31T08:29:15.082159,,failed,,BIOUSDC,1h,3,,0.0,-50.0,
1399,20260331_083121_strat_gie_de_trend_following_sur_formusd,C:\Users\o3-Pro\Documents\backtest_results\_builder_sessions\20260331_083121_strat_gie_de_trend_following_sur_formusd\session_summary.json,C:\Users\o3-Pro\Documents\backtest_results\_builder_sessions\20260331_083121_strat_gie_de_trend_following_sur_formusd,a69ef9cba9b02cb6926a294f213ba46ebed194964859708fcc4bc296d1f763ed,70716,2026-03-31T08:31:21.525470,,failed,,FORMUSDC,4h,9,,0.6783938429534544,-26.0,
1400,20260331_083424_strat_gie_de_regime_adaptatif_sur_bbusdc,C:\Users\o3-Pro\Documents\backtest_results\_builder_sessions\20260331_083424_strat_gie_de_regime_adaptatif_sur_bbusdc\session_summary.json,C:\Users\o3-Pro\Documents\backtest_results\_builder_sessions\20260331_083424_strat_gie_de_regime_adaptatif_sur_bbusdc,2f1f122cd55b7c4910fc2f5ef9d8145319bc9d679c8b4d767c369def42594b71,28485,2026-03-31T08:34:24.393108,,failed,,BBUSDC,1h,3,,0.0,-50.0,
1401,20260331_083621_strat_gie_de_mean_reversion_sur_bananas3,C:\Users\o3-Pro\Documents\backtest_results\_builder_sessions\20260331_083621_strat_gie_de_mean_reversion_sur_bananas3\session_summary.json,C:\Users\o3-Pro\Documents\backtest_results\_builder_sessions\20260331_083621_strat_gie_de_mean_reversion_sur_bananas3,19573dd9dfa915ac3479e7013811cda5ca66d116c0bcdb0462e5490a2e7143ba,45116,2026-03-31T08:36:21.515869,,failed,,BANANAS31USDC,5m,6,,0.0,-26.0,
1402,20260331_083828_strat_gie_de_scalping_sur_formusdc_1w_in,C:\Users\o3-Pro\Documents\backtest_results\_builder_sessions\20260331_083828_strat_gie_de_scalping_sur_formusdc_1w_in\session_summary.json,C:\Users\o3-Pro\Documents\backtest_results\_builder_sessions\20260331_083828_strat_gie_de_scalping_sur_formusdc_1w_in,53930cc03555a001de88499f72a0a623d6a65795a27c2c690955b136ee748841,50932,2026-03-31T08:38:28.715827,,failed,,BIOUSDC,1h,6,,0.0,-26.0,
1403,20260331_084101_strat_gie_de_momentum_sur_ethusdc_30m_in,C:\Users\o3-Pro\Documents\backtest_results\_builder_sessions\20260331_084101_strat_gie_de_momentum_sur_ethusdc_30m_in\session_summary.json,C:\Users\o3-Pro\Documents\backtest_results\_builder_sessions\20260331_084101_strat_gie_de_momentum_sur_ethusdc_30m_in,2dd9f722d20400ed7c6920c74e5e19aca61f5a2498b57913b73a7418509b3031,43085,2026-03-31T08:41:01.920020,,failed,,ETHUSDC,30m,5,,0.0,-26.0,
1404,20260331_084420_strat_gie_de_trend_following_sur_iotausd,C:\Users\o3-Pro\Documents\backtest_results\_builder_sessions\20260331_084420_strat_gie_de_trend_following_sur_iotausd\session_summary.json,C:\Users\o3-Pro\Documents\backtest_results\_builder_sessions\20260331_084420_strat_gie_de_trend_following_sur_iotausd,1c55e657a77533541dd6ce171d05bf8116e87c1799583e804468afaa9d5adc47,38678,2026-03-31T08:44:20.899702,,failed,,IOTAUSDC,4h,4,,0.0,-50.0,
1405,20260331_084647_strat_gie_de_regime_adaptatif_sur_actusd,C:\Users\o3-Pro\Documents\backtest_results\_builder_sessions\20260331_084647_strat_gie_de_regime_adaptatif_sur_actusd\session_summary.json,C:\Users\o3-Pro\Documents\backtest_results\_builder_sessions\20260331_084647_strat_gie_de_regime_adaptatif_sur_actusd,e2c14b98ba18f639fbc9a723e1f32a3311f8a7f7ba386ddcb1b8d7a51ac25aed,47778,2026-03-31T08:46:47.974410,,failed,,ACTUSDC,4h,6,,0.0,-26.0,
1406,20260331_084916_strat_gie_de_scalping_sur_formusdc_4h_in,C:\Users\o3-Pro\Documents\backtest_results\_builder_sessions\20260331_084916_strat_gie_de_scalping_sur_formusdc_4h_in\session_summary.json,C:\Users\o3-Pro\Documents\backtest_results\_builder_sessions\20260331_084916_strat_gie_de_scalping_sur_formusdc_4h_in,7a04918c0ba51d3fa5eea1e0a4e76a677be696d7a4ca700ed6f1c19f94d71ab6,24539,2026-03-31T08:49:16.624734,,failed,,BIOUSDC,1h,3,,0.0,-26.0,
1407,20260331_085109_strat_gie_de_momentum_sur_wldusdc_1h_ind,C:\Users\o3-Pro\Documents\backtest_results\_builder_sessions\20260331_085109_strat_gie_de_momentum_sur_wldusdc_1h_ind\session_summary.json,C:\Users\o3-Pro\Documents\backtest_results\_builder_sessions\20260331_085109_strat_gie_de_momentum_sur_wldusdc_1h_ind,0ad8506e7487cbd17796f93168b5121b5758ed705259b18e507a76d01f0e9ce6,30432,2026-03-31T08:51:09.930919,,failed,,WLDUSDC,1h,3,,0.0,-50.0,
1408,20260331_085308_strat_gie_de_multi_factor_sur_formusdc_1,C:\Users\o3-Pro\Documents\backtest_results\_builder_sessions\20260331_085308_strat_gie_de_multi_factor_sur_formusdc_1\session_summary.json,C:\Users\o3-Pro\Documents\backtest_results\_builder_sessions\20260331_085308_strat_gie_de_multi_factor_sur_formusdc_1,1cfa39e655d9e12449cdb926864e0b005b97a553f1e2dc40ea8bfb2e9d1eaf60,50881,2026-03-31T08:53:08.934008,,failed,,FORMUSDC,15m,6,,0.0,-26.0,
1409,20260331_085534_strat_gie_de_regime_adaptatif_sur_turbou,C:\Users\o3-Pro\Documents\backtest_results\_builder_sessions\20260331_085534_strat_gie_de_regime_adaptatif_sur_turbou\session_summary.json,C:\Users\o3-Pro\Documents\backtest_results\_builder_sessions\20260331_085534_strat_gie_de_regime_adaptatif_sur_turbou,067183c68eec74a5ad23f02c2d1b5bf7bcac04bf1d6b418352d57f073d9baa20,50702,2026-03-31T08:55:34.196070,,failed,,TURBOUSDC,1h,6,,0.37218476915173276,-26.0,
1410,20260331_085853_strat_gie_de_trend_following_sur_ethusdc,C:\Users\o3-Pro\Documents\backtest_results\_builder_sessions\20260331_085853_strat_gie_de_trend_following_sur_ethusdc\session_summary.json,C:\Users\o3-Pro\Documents\backtest_results\_builder_sessions\20260331_085853_strat_gie_de_trend_following_sur_ethusdc,5c24769b8d0a22947cdbf32ee4ae2cc3d2051a97b815218248758c017870213c,51198,2026-03-31T08:58:53.874058,,failed,,BIOUSDC,1h,6,,0.0,-50.0,
1411,20260331_090148_strat_gie_de_scalping_sur_eigenusdc_3m_i,C:\Users\o3-Pro\Documents\backtest_results\_builder_sessions\20260331_090148_strat_gie_de_scalping_sur_eigenusdc_3m_i\session_summary.json,C:\Users\o3-Pro\Documents\backtest_results\_builder_sessions\20260331_090148_strat_gie_de_scalping_sur_eigenusdc_3m_i,2aebd83a33cd7b1a27e18f97552fd7f09fb27c83d01ae47629d19938a7f273f7,52965,2026-03-31T09:01:48.747885,,failed,,EIGENUSDC,3m,6,,0.0,-26.0,
1412,20260331_090502_strat_gie_de_mean_reversion_sur_jupusdc,C:\Users\o3-Pro\Documents\backtest_results\_builder_sessions\20260331_090502_strat_gie_de_mean_reversion_sur_jupusdc\session_summary.json,C:\Users\o3-Pro\Documents\backtest_results\_builder_sessions\20260331_090502_strat_gie_de_mean_reversion_sur_jupusdc,03afc75adc2b868351e71b1c794874a1c80369eff03982d069ee14a941ed719f,47025,2026-03-31T09:05:02.354004,,failed,,JUPUSDC,30m,5,,0.0,-50.0,
1413,20260331_090806_strat_gie_de_regime_adaptatif_sur_ldousd,C:\Users\o3-Pro\Documents\backtest_results\_builder_sessions\20260331_090806_strat_gie_de_regime_adaptatif_sur_ldousd\session_summary.json,C:\Users\o3-Pro\Documents\backtest_results\_builder_sessions\20260331_090806_strat_gie_de_regime_adaptatif_sur_ldousd,99784f98ec0bd6dec9157b10367a0bf682f2e611796fd0ce3958c183b152ef8d,66424,2026-03-31T09:08:06.966504,,failed,,LDOUSDC,1d,9,,0.0,-50.0,
1414,20260331_091219_strat_gie_de_trend_following_sur_1000sat,C:\Users\o3-Pro\Documents\backtest_results\_builder_sessions\20260331_091219_strat_gie_de_trend_following_sur_1000sat\session_summary.json,C:\Users\o3-Pro\Documents\backtest_results\_builder_sessions\20260331_091219_strat_gie_de_trend_following_sur_1000sat,0eff4e9def22c17dc8c3b947563e1e9aec8e0c47b5add2e88101a75f7e6e7c41,41290,2026-03-31T09:12:19.576048,,failed,,BIOUSDC,1h,6,,0.0,-26.0,
1415,20260331_091428_strat_gie_de_multi_factor_sur_openusdc_3,C:\Users\o3-Pro\Documents\backtest_results\_builder_sessions\20260331_091428_strat_gie_de_multi_factor_sur_openusdc_3\session_summary.json,C:\Users\o3-Pro\Documents\backtest_results\_builder_sessions\20260331_091428_strat_gie_de_multi_factor_sur_openusdc_3,2b838f8fc148cc60e9b31daa41b0a7aff99123971fb170f8707620104620f110,30137,2026-03-31T09:14:28.307662,,failed,,OPENUSDC,3m,3,,0.0,-50.0,
1416,20260331_091622_strat_gie_de_mean_reversion_sur_openusdc,C:\Users\o3-Pro\Documents\backtest_results\_builder_sessions\20260331_091622_strat_gie_de_mean_reversion_sur_openusdc\session_summary.json,C:\Users\o3-Pro\Documents\backtest_results\_builder_sessions\20260331_091622_strat_gie_de_mean_reversion_sur_openusdc,e6f59e9e889dd5f6d2178dfc44fe297873b09345541848887375debccd88590f,49866,2026-03-31T09:16:22.186885,,failed,,OPENUSDC,30m,6,,0.0,-26.0,
1417,20260331_091921_strat_gie_de_momentum_sur_holousdc_1h_in,C:\Users\o3-Pro\Documents\backtest_results\_builder_sessions\20260331_091921_strat_gie_de_momentum_sur_holousdc_1h_in\session_summary.json,C:\Users\o3-Pro\Documents\backtest_results\_builder_sessions\20260331_091921_strat_gie_de_momentum_sur_holousdc_1h_in,1265edd51f781a39fa0e69f9d951f77f1e650dd1a88094bb381a15b45d539e62,51409,2026-03-31T09:19:21.778156,,failed,,HOLOUSDC,1h,6,,0.0,-26.0,
1418,20260331_092210_strat_gie_de_breakout_sur_dolousdc_1h_in,C:\Users\o3-Pro\Documents\backtest_results\_builder_sessions\20260331_092210_strat_gie_de_breakout_sur_dolousdc_1h_in\session_summary.json,C:\Users\o3-Pro\Documents\backtest_results\_builder_sessions\20260331_092210_strat_gie_de_breakout_sur_dolousdc_1h_in,9db639a470c19865ea274dd39db6bd1602fc7181a9f8efb88301e5e4b23fa3ef,38464,2026-03-31T09:22:10.341502,,failed,,BIOUSDC,1h,4,,0.0,-50.0,
1419,20260331_092439_strat_gie_de_scalping_sur_pumpusdc_4h_in,C:\Users\o3-Pro\Documents\backtest_results\_builder_sessions\20260331_092439_strat_gie_de_scalping_sur_pumpusdc_4h_in\session_summary.json,C:\Users\o3-Pro\Documents\backtest_results\_builder_sessions\20260331_092439_strat_gie_de_scalping_sur_pumpusdc_4h_in,a191e204b1ca92ef76405093db2cc4dbc495ae54c152103c84ac7212ca12c546,27591,2026-03-31T09:24:39.453962,,failed,,PUMPUSDC,4h,3,,0.0,-50.0,
1420,20260331_092630_strat_gie_de_mean_reversion_sur_ethusdc,C:\Users\o3-Pro\Documents\backtest_results\_builder_sessions\20260331_092630_strat_gie_de_mean_reversion_sur_ethusdc\session_summary.json,C:\Users\o3-Pro\Documents\backtest_results\_builder_sessions\20260331_092630_strat_gie_de_mean_reversion_sur_ethusdc,e5516a54dc54da911b350a41c74b75796cfbe9b87288176587c0668d5a4794e1,50461,2026-03-31T09:26:30.930384,,failed,,ETHUSDC,4h,6,,0.0,-26.0,
1421,20260331_092939_strat_gie_de_trend_following_sur_mavusdc,C:\Users\o3-Pro\Documents\backtest_results\_builder_sessions\20260331_092939_strat_gie_de_trend_following_sur_mavusdc\session_summary.json,C:\Users\o3-Pro\Documents\backtest_results\_builder_sessions\20260331_092939_strat_gie_de_trend_following_sur_mavusdc,0e69e145dbee2a10b99224d768eab149f53fd23bac98ba30184d7f573aea81e2,52728,2026-03-31T09:29:39.735112,,failed,,MAVUSDC,1h,6,,0.0,-26.0,
1422,20260331_093218_strat_gie_de_momentum_sur_holousdc_15m_i,C:\Users\o3-Pro\Documents\backtest_results\_builder_sessions\20260331_093218_strat_gie_de_momentum_sur_holousdc_15m_i\session_summary.json,C:\Users\o3-Pro\Documents\backtest_results\_builder_sessions\20260331_093218_strat_gie_de_momentum_sur_holousdc_15m_i,ae93efc863c302d340cde70f3549f24b97e8f7d606d323a56de89dc9c7a94e7e,51165,2026-03-31T09:32:18.857057,,failed,,BIOUSDC,1h,6,,0.0,-26.0,
1423,20260331_093527_strat_gie_de_regime_adaptatif_sur_banana,C:\Users\o3-Pro\Documents\backtest_results\_builder_sessions\20260331_093527_strat_gie_de_regime_adaptatif_sur_banana\session_summary.json,C:\Users\o3-Pro\Documents\backtest_results\_builder_sessions\20260331_093527_strat_gie_de_regime_adaptatif_sur_banana,0a783a3f2e16bc9d65946cc5c67831c4c89e486533ab1e9c7f1b24cf11195f49,54542,2026-03-31T09:35:27.940400,,failed,,BANANAS31USDC,15m,6,,0.0,-50.0,
1424,20260331_093929_strat_gie_de_breakout_sur_api3usdc_1h_in,C:\Users\o3-Pro\Documents\backtest_results\_builder_sessions\20260331_093929_strat_gie_de_breakout_sur_api3usdc_1h_in\session_summary.json,C:\Users\o3-Pro\Documents\backtest_results\_builder_sessions\20260331_093929_strat_gie_de_breakout_sur_api3usdc_1h_in,bfed5dbff9da1092816010bb096a3068e7b4055b09e4c1f7b2ad003933837da7,52166,2026-03-31T09:39:29.963641,,failed,,API3USDC,1h,6,,0.6802825191731867,-26.0,
1425,20260331_094152_strat_gie_de_multi_factor_sur_somiusdc_3,C:\Users\o3-Pro\Documents\backtest_results\_builder_sessions\20260331_094152_strat_gie_de_multi_factor_sur_somiusdc_3\session_summary.json,C:\Users\o3-Pro\Documents\backtest_results\_builder_sessions\20260331_094152_strat_gie_de_multi_factor_sur_somiusdc_3,06d64b904ee6bb61fd2542ac3fde3b48cbd878bec8d0080391d55721b64276c5,46748,2026-03-31T09:41:52.087426,,failed,,SOMIUSDC,3m,6,,0.0,-26.0,
1426,20260331_094413_strat_gie_de_momentum_sur_rareusdc_1h_in,C:\Users\o3-Pro\Documents\backtest_results\_builder_sessions\20260331_094413_strat_gie_de_momentum_sur_rareusdc_1h_in\session_summary.json,C:\Users\o3-Pro\Documents\backtest_results\_builder_sessions\20260331_094413_strat_gie_de_momentum_sur_rareusdc_1h_in,320355a07b6707a8b04fc10c06641495f88544dbf80197c7e8c4426ecb83a2f8,43133,2026-03-31T09:44:13.865594,,failed,,BIOUSDC,1h,6,,0.0,-50.0,
1427,20260331_094642_strat_gie_de_mean_reversion_sur_rareusdc,C:\Users\o3-Pro\Documents\backtest_results\_builder_sessions\20260331_094642_strat_gie_de_mean_reversion_sur_rareusdc\session_summary.json,C:\Users\o3-Pro\Documents\backtest_results\_builder_sessions\20260331_094642_strat_gie_de_mean_reversion_sur_rareusdc,d812cf8dc9bd6214f48c8ea78e46d292dbea28a1fd2917f9f0eafde13dfb21e1,47431,2026-03-31T09:46:42.024804,,failed,,RAREUSDC,15m,6,,0.0,-26.0,
1428,20260331_094854_strat_gie_de_regime_adaptatif_sur_audusd,C:\Users\o3-Pro\Documents\backtest_results\_builder_sessions\20260331_094854_strat_gie_de_regime_adaptatif_sur_audusd\session_summary.json,C:\Users\o3-Pro\Documents\backtest_results\_builder_sessions\20260331_094854_strat_gie_de_regime_adaptatif_sur_audusd,4fc64545b523275e38638c145d5f9901b93d38798d0d003e5a9c0ba94673e7ae,41656,2026-03-31T09:48:54.944828,,failed,,AUDUSDC,4h,6,,0.0,-26.0,
1429,20260331_095134_strat_gie_de_trend_following_sur_wldusdc,C:\Users\o3-Pro\Documents\backtest_results\_builder_sessions\20260331_095134_strat_gie_de_trend_following_sur_wldusdc\session_summary.json,C:\Users\o3-Pro\Documents\backtest_results\_builder_sessions\20260331_095134_strat_gie_de_trend_following_sur_wldusdc,3a17775829850e176da10da9e400224f5e6fb3b0757855f2f259e798b97145a3,29738,2026-03-31T09:51:34.899271,,failed,,WLDUSDC,1d,3,,0.0,-50.0,
1430,20260331_095344_strat_gie_de_momentum_sur_ethusdc_1h_ind,C:\Users\o3-Pro\Documents\backtest_results\_builder_sessions\20260331_095344_strat_gie_de_momentum_sur_ethusdc_1h_ind\session_summary.json,C:\Users\o3-Pro\Documents\backtest_results\_builder_sessions\20260331_095344_strat_gie_de_momentum_sur_ethusdc_1h_ind,cf3ffeb43aae10c1376db971ac9d9fb0da72656da801e2b7fe3c95c2a199ea29,54232,2026-03-31T09:53:44.950031,,failed,,BIOUSDC,1h,6,,0.766110341666254,-26.0,
1431,20260331_095645_strat_gie_de_multi_factor_sur_audusdc_30,C:\Users\o3-Pro\Documents\backtest_results\_builder_sessions\20260331_095645_strat_gie_de_multi_factor_sur_audusdc_30\session_summary.json,C:\Users\o3-Pro\Documents\backtest_results\_builder_sessions\20260331_095645_strat_gie_de_multi_factor_sur_audusdc_30,a192c483d7e5cfa2f528c96e028b0071d4a0e86e34c5df8101422506d1461669,50902,2026-03-31T09:56:45.561002,,failed,,AUDUSDC,30m,6,,0.0,-26.0,
1432,20260331_100008_strat_gie_de_regime_adaptatif_sur_ethusd,C:\Users\o3-Pro\Documents\backtest_results\_builder_sessions\20260331_100008_strat_gie_de_regime_adaptatif_sur_ethusd\session_summary.json,C:\Users\o3-Pro\Documents\backtest_results\_builder_sessions\20260331_100008_strat_gie_de_regime_adaptatif_sur_ethusd,5c833c698005701f2414c6bac64e87fd0fd1b069bad80e7d0b952ba4c60f649c,50295,2026-03-31T10:00:08.273686,,failed,,ETHUSDC,1w,6,,0.0,-26.0,
1433,20260331_100238_strat_gie_de_trend_following_sur_formusd,C:\Users\o3-Pro\Documents\backtest_results\_builder_sessions\20260331_100238_strat_gie_de_trend_following_sur_formusd\session_summary.json,C:\Users\o3-Pro\Documents\backtest_results\_builder_sessions\20260331_100238_strat_gie_de_trend_following_sur_formusd,6569965fd4b72b1322143efd400ae41d26c003b476f9c64a574f6c036f945cf4,30100,2026-03-31T10:02:38.948964,,failed,,FORMUSDC,1h,3,,0.0,-50.0,
1434,20260331_100417_strat_gie_de_scalping_sur_layerusdc_1h_i,C:\Users\o3-Pro\Documents\backtest_results\_builder_sessions\20260331_100417_strat_gie_de_scalping_sur_layerusdc_1h_i\session_summary.json,C:\Users\o3-Pro\Documents\backtest_results\_builder_sessions\20260331_100417_strat_gie_de_scalping_sur_layerusdc_1h_i,7b5dfafa5cdaf9b8703a5e75d60f7f517b3d5d2bf648cbf9ad3cc2b1631fd65a,45589,2026-03-31T10:04:17.210210,,failed,,BIOUSDC,1h,5,,0.0,-50.0,
1435,20260331_100647_strat_gie_de_mean_reversion_sur_allousdc,C:\Users\o3-Pro\Documents\backtest_results\_builder_sessions\20260331_100647_strat_gie_de_mean_reversion_sur_allousdc\session_summary.json,C:\Users\o3-Pro\Documents\backtest_results\_builder_sessions\20260331_100647_strat_gie_de_mean_reversion_sur_allousdc,a3fa6c15007512000e853d325341bdce641a9248ae1ab85129b1fd57c85a1c65,34986,2026-03-31T10:06:47.516593,,success,,ALLOUSDC,1h,4,,1.2475400863130681,-26.0,
1436,20260331_100828_strat_gie_sur_avntusdc_4h_generate_a_tra,C:\Users\o3-Pro\Documents\backtest_results\_builder_sessions\20260331_100828_strat_gie_sur_avntusdc_4h_generate_a_tra\session_summary.json,C:\Users\o3-Pro\Documents\backtest_results\_builder_sessions\20260331_100828_strat_gie_sur_avntusdc_4h_generate_a_tra,f86f812e457aca3ca51f13158be0f51965a96e2a7a576c170362aa1a200b8d78,44187,2026-03-31T10:08:28.236577,,success,,AVNTUSDC,4h,5,,2.5252662284888334,-26.0,
1437,20260331_101101_strat_gie_sur_allousdc_30m_generate_a_tr,C:\Users\o3-Pro\Documents\backtest_results\_builder_sessions\20260331_101101_strat_gie_sur_allousdc_30m_generate_a_tr\session_summary.json,C:\Users\o3-Pro\Documents\backtest_results\_builder_sessions\20260331_101101_strat_gie_sur_allousdc_30m_generate_a_tr,81684c024697a8fb2fdf3fe8bddf2e39ef1dddfa902884ec2a533e69ded4956c,53678,2026-03-31T10:11:01.833770,,failed,,ALLOUSDC,30m,6,,0.0,-26.0,
1438,20260331_101446_strat_gie_sur_actusdc_15m_le_but_est_d_o,C:\Users\o3-Pro\Documents\backtest_results\_builder_sessions\20260331_101446_strat_gie_sur_actusdc_15m_le_but_est_d_o\session_summary.json,C:\Users\o3-Pro\Documents\backtest_results\_builder_sessions\20260331_101446_strat_gie_sur_actusdc_15m_le_but_est_d_o,faa033e88074f0354221a40c9ce3ee21d09033c982e0504317614f2d62048beb,56762,2026-03-31T10:14:46.272784,,failed,,ACTUSDC,15m,6,,0.0,-50.0,
1439,20260331_101811_generar_una_estrategia_de_trading_crypto,C:\Users\o3-Pro\Documents\backtest_results\_builder_sessions\20260331_101811_generar_una_estrategia_de_trading_crypto\session_summary.json,C:\Users\o3-Pro\Documents\backtest_results\_builder_sessions\20260331_101811_generar_una_estrategia_de_trading_crypto,46a2f4cbc2779750189c9b8d11334fc4a6fc631ae2b9a04f01f4d1905b972138,82645,2026-03-31T10:18:11.382714,,failed,,LINEAUSDC,4h,9,,1.0816557889046923,-26.0,
1440,20260331_102240_strat_gie_sur_mmtusdc_4h_maximiser_les_g,C:\Users\o3-Pro\Documents\backtest_results\_builder_sessions\20260331_102240_strat_gie_sur_mmtusdc_4h_maximiser_les_g\session_summary.json,C:\Users\o3-Pro\Documents\backtest_results\_builder_sessions\20260331_102240_strat_gie_sur_mmtusdc_4h_maximiser_les_g,7ea2f4ce3fc071c3620bbab2a8cd0f9939e0418137cd6dfe4f0638a35e33483e,59588,2026-03-31T10:22:40.508022,,failed,,MMTUSDC,4h,7,,1.4009112376040866,-26.0,
1441,20260331_102553_strat_gie_de_breakout_sur_ldousdc_30m_in,C:\Users\o3-Pro\Documents\backtest_results\_builder_sessions\20260331_102553_strat_gie_de_breakout_sur_ldousdc_30m_in\session_summary.json,C:\Users\o3-Pro\Documents\backtest_results\_builder_sessions\20260331_102553_strat_gie_de_breakout_sur_ldousdc_30m_in,754a94043a8a091270d7e273edee0f5aa101bfd987ab9c31e79dc068772ebae7,40561,2026-03-31T10:25:53.146518,,failed,,BIOUSDC,1h,4,,0.0,-50.0,
1442,20260331_102843_strat_gie_de_regime_adaptatif_sur_zkusdc,C:\Users\o3-Pro\Documents\backtest_results\_builder_sessions\20260331_102843_strat_gie_de_regime_adaptatif_sur_zkusdc\session_summary.json,C:\Users\o3-Pro\Documents\backtest_results\_builder_sessions\20260331_102843_strat_gie_de_regime_adaptatif_sur_zkusdc,01526ad4339a27a02aca9e0e0f85f0961e1761f620d08c3f1576aab6ca97148d,26273,2026-03-31T10:28:43.535184,,success,,ZKUSDC,4h,4,,1.2090775257364246,-26.0,
1443,20260331_103017_strat_gie_sur_pendleusdc_5m_obtenir_des,C:\Users\o3-Pro\Documents\backtest_results\_builder_sessions\20260331_103017_strat_gie_sur_pendleusdc_5m_obtenir_des\session_summary.json,C:\Users\o3-Pro\Documents\backtest_results\_builder_sessions\20260331_103017_strat_gie_sur_pendleusdc_5m_obtenir_des,ac2c872967cc274c6140fa0c868b8cc8142aa0c413c1ed6bf6814d4ab86126a8,52092,2026-03-31T10:30:17.017038,,failed,,PENDLEUSDC,5m,6,,0.0,-26.0,
1444,20260331_103427_strat_gie_sur_rareusdc_30m_maximiser_les,C:\Users\o3-Pro\Documents\backtest_results\_builder_sessions\20260331_103427_strat_gie_sur_rareusdc_30m_maximiser_les\session_summary.json,C:\Users\o3-Pro\Documents\backtest_results\_builder_sessions\20260331_103427_strat_gie_sur_rareusdc_30m_maximiser_les,84e2a71e3340a91e834be3c3e378f1ef03f19ad47a4137ff0e3998e351cd387d,38626,2026-03-31T10:34:27.442903,,failed,,RAREUSDC,30m,6,,0.0,-26.0,
1445,20260331_103819_strat_gie_sur_algousdc_1d_generate_a_tra,C:\Users\o3-Pro\Documents\backtest_results\_builder_sessions\20260331_103819_strat_gie_sur_algousdc_1d_generate_a_tra\session_summary.json,C:\Users\o3-Pro\Documents\backtest_results\_builder_sessions\20260331_103819_strat_gie_sur_algousdc_1d_generate_a_tra,cdc080c1e9e49e609e2036e95da36b60bb5a82eaf16d821da92b0512ec025c4c,52730,2026-03-31T10:38:19.754816,,failed,,ALGOUSDC,1d,6,,0.0,-26.0,
1446,20260331_104122_strat_gie_sur_mirausdc_1h_to_achieve_a_3,C:\Users\o3-Pro\Documents\backtest_results\_builder_sessions\20260331_104122_strat_gie_sur_mirausdc_1h_to_achieve_a_3\session_summary.json,C:\Users\o3-Pro\Documents\backtest_results\_builder_sessions\20260331_104122_strat_gie_sur_mirausdc_1h_to_achieve_a_3,bd032c2820cedf97afab9cc70f6067e52a2a66f08a40bca0f22f92b4b5105449,53399,2026-03-31T10:41:22.815486,,failed,,MIRAUSDC,1h,6,,0.0,-26.0,
1447,20260331_104427_strat_gie_de_multi_factor_sur_dolousdc_5,C:\Users\o3-Pro\Documents\backtest_results\_builder_sessions\20260331_104427_strat_gie_de_multi_factor_sur_dolousdc_5\session_summary.json,C:\Users\o3-Pro\Documents\backtest_results\_builder_sessions\20260331_104427_strat_gie_de_multi_factor_sur_dolousdc_5,54e13527d49d32b1c75babadf324bad7788cee40b04ab43d54dfc251c3a025d3,38908,2026-03-31T10:44:27.182959,,failed,,BIOUSDC,1h,4,,0.0,-50.0,
1448,20260331_104714_strat_gie_de_mean_reversion_sur_wldusdc,C:\Users\o3-Pro\Documents\backtest_results\_builder_sessions\20260331_104714_strat_gie_de_mean_reversion_sur_wldusdc\session_summary.json,C:\Users\o3-Pro\Documents\backtest_results\_builder_sessions\20260331_104714_strat_gie_de_mean_reversion_sur_wldusdc,ebcd729732b9c3996510170751f1c6b3acd20a6dc964e71c7719bdd6f0d67f76,52305,2026-03-31T10:47:14.534575,,failed,,WLDUSDC,1h,6,,0.0,-26.0,
1449,20260331_105012_strat_gie_de_trend_following_sur_vetusdc,C:\Users\o3-Pro\Documents\backtest_results\_builder_sessions\20260331_105012_strat_gie_de_trend_following_sur_vetusdc\session_summary.json,C:\Users\o3-Pro\Documents\backtest_results\_builder_sessions\20260331_105012_strat_gie_de_trend_following_sur_vetusdc,4a09a8992bba97cf676341401766966770e1032bed39786997e675fbddf76748,71554,2026-03-31T10:50:12.725649,,failed,,VETUSDC,15m,8,,0.8732527189175645,-26.0,
1450,20260331_105432_strat_gie_de_regime_adaptatif_sur_ordius,C:\Users\o3-Pro\Documents\backtest_results\_builder_sessions\20260331_105432_strat_gie_de_regime_adaptatif_sur_ordius\session_summary.json,C:\Users\o3-Pro\Documents\backtest_results\_builder_sessions\20260331_105432_strat_gie_de_regime_adaptatif_sur_ordius,e1cefa5c0524a953f6a25e1f113dfd704f7e55b9a592f077758855009c99ec1c,41911,2026-03-31T10:54:32.132237,,failed,,ORDIUSDC,1d,5,,0.33466738570796345,-50.0,
1451,20260331_105722_strat_gie_de_multi_factor_sur_ftmusdc_4h,C:\Users\o3-Pro\Documents\backtest_results\_builder_sessions\20260331_105722_strat_gie_de_multi_factor_sur_ftmusdc_4h\session_summary.json,C:\Users\o3-Pro\Documents\backtest_results\_builder_sessions\20260331_105722_strat_gie_de_multi_factor_sur_ftmusdc_4h,fd572d538255aba30a8c9094896f1a1a96db4a06aecffe60e15a0eaadc93be60,50538,2026-03-31T10:57:22.355504,,failed,,BIOUSDC,1h,6,,0.766110341666254,-26.0,
1452,20260331_110024_strat_gie_de_breakout_sur_lineausdc_5m_i,C:\Users\o3-Pro\Documents\backtest_results\_builder_sessions\20260331_110024_strat_gie_de_breakout_sur_lineausdc_5m_i\session_summary.json,C:\Users\o3-Pro\Documents\backtest_results\_builder_sessions\20260331_110024_strat_gie_de_breakout_sur_lineausdc_5m_i,9ec30367a01a93c4004e39984fb32b08c70147fb6258732170693c2c271f6a56,50376,2026-03-31T11:00:24.053136,,failed,,LINEAUSDC,5m,6,,0.0,-26.0,
1453,20260331_110308_strat_gie_de_trend_following_sur_asterus,C:\Users\o3-Pro\Documents\backtest_results\_builder_sessions\20260331_110308_strat_gie_de_trend_following_sur_asterus\session_summary.json,C:\Users\o3-Pro\Documents\backtest_results\_builder_sessions\20260331_110308_strat_gie_de_trend_following_sur_asterus,1611c4d5ad1160b00e680cf619c5899c47f8c4f202e9ec2325d4abfc89959c8d,43695,2026-03-31T11:03:08.535437,,failed,,ASTERUSDC,15m,5,,0.0,-50.0,
1454,20260331_110550_strat_gie_de_scalping_sur_ethusdc_4h_ind,C:\Users\o3-Pro\Documents\backtest_results\_builder_sessions\20260331_110550_strat_gie_de_scalping_sur_ethusdc_4h_ind\session_summary.json,C:\Users\o3-Pro\Documents\backtest_results\_builder_sessions\20260331_110550_strat_gie_de_scalping_sur_ethusdc_4h_ind,d359ba906bf11bbbc4f7fda319eb2155d1ca62c41fa0745b5634b340c23ba0f5,52500,2026-03-31T11:05:50.585698,,failed,,ETHUSDC,4h,6,,0.0,-26.0,
1455,20260331_110909_strat_gie_de_multi_factor_sur_ltcusdc_1d,C:\Users\o3-Pro\Documents\backtest_results\_builder_sessions\20260331_110909_strat_gie_de_multi_factor_sur_ltcusdc_1d\session_summary.json,C:\Users\o3-Pro\Documents\backtest_results\_builder_sessions\20260331_110909_strat_gie_de_multi_factor_sur_ltcusdc_1d,ea19843456174de6d9c3f08ca4923cb61e7d8a17e819debdcf8e1d65926c486b,27045,2026-03-31T11:09:09.266291,,failed,,BIOUSDC,1h,3,,0.0,-50.0,
1456,20260331_111117_strat_gie_de_mean_reversion_sur_formusdc,C:\Users\o3-Pro\Documents\backtest_results\_builder_sessions\20260331_111117_strat_gie_de_mean_reversion_sur_formusdc\session_summary.json,C:\Users\o3-Pro\Documents\backtest_results\_builder_sessions\20260331_111117_strat_gie_de_mean_reversion_sur_formusdc,654b40ae5f27e39e789c79d8cde56b9347de7e81453f4dd8afbf67246db63616,50737,2026-03-31T11:11:17.410803,,failed,,FORMUSDC,1d,6,,0.0,-26.0,
1457,20260331_111436_strat_gie_de_regime_adaptatif_sur_somius,C:\Users\o3-Pro\Documents\backtest_results\_builder_sessions\20260331_111436_strat_gie_de_regime_adaptatif_sur_somius\session_summary.json,C:\Users\o3-Pro\Documents\backtest_results\_builder_sessions\20260331_111436_strat_gie_de_regime_adaptatif_sur_somius,4d628f15d38ac85533901a48e091a40fdd907f3d6ca4602b11127ad609c4b6a3,52238,2026-03-31T11:14:36.849669,,failed,,SOMIUSDC,15m,6,,0.0,-26.0,
1458,20260331_111747_strat_gie_de_trend_following_sur_jupusdc,C:\Users\o3-Pro\Documents\backtest_results\_builder_sessions\20260331_111747_strat_gie_de_trend_following_sur_jupusdc\session_summary.json,C:\Users\o3-Pro\Documents\backtest_results\_builder_sessions\20260331_111747_strat_gie_de_trend_following_sur_jupusdc,08da312cd11e661cf1cc464d57025b1f05da1f4df983d03ae385d54a130bda44,53292,2026-03-31T11:17:47.523642,,failed,,JUPUSDC,5m,6,,0.0,-26.0,
1459,20260331_112103_strat_gie_de_scalping_sur_wldusdc_30m_in,C:\Users\o3-Pro\Documents\backtest_results\_builder_sessions\20260331_112103_strat_gie_de_scalping_sur_wldusdc_30m_in\session_summary.json,C:\Users\o3-Pro\Documents\backtest_results\_builder_sessions\20260331_112103_strat_gie_de_scalping_sur_wldusdc_30m_in,41d698b514825891b96810d984444638777b496a256199c707d7e1211ff88c07,54715,2026-03-31T11:21:03.647452,,failed,,BIOUSDC,1h,6,,0.0,-26.0,
1460,20260331_112455_strat_gie_de_mean_reversion_sur_somiusdc,C:\Users\o3-Pro\Documents\backtest_results\_builder_sessions\20260331_112455_strat_gie_de_mean_reversion_sur_somiusdc\session_summary.json,C:\Users\o3-Pro\Documents\backtest_results\_builder_sessions\20260331_112455_strat_gie_de_mean_reversion_sur_somiusdc,ee02f6dfef38d373ee2543f8782ab13e26c9698fbb2bf241098ebe2828709dc7,51205,2026-03-31T11:24:55.303298,,failed,,SOMIUSDC,3m,6,,0.0,-26.0,
1461,20260331_112736_strat_gie_de_regime_adaptatif_sur_susdc,C:\Users\o3-Pro\Documents\backtest_results\_builder_sessions\20260331_112736_strat_gie_de_regime_adaptatif_sur_susdc\session_summary.json,C:\Users\o3-Pro\Documents\backtest_results\_builder_sessions\20260331_112736_strat_gie_de_regime_adaptatif_sur_susdc,d3fb401eef7945b1999986ef6267f27a173ff2f3259817ff4e17002f636b57ab,45633,2026-03-31T11:27:36.922331,,failed,,SUSDC,30m,6,,0.0,-26.0,
1462,20260331_112934_strat_gie_de_momentum_sur_bfusdusdc_30m,C:\Users\o3-Pro\Documents\backtest_results\_builder_sessions\20260331_112934_strat_gie_de_momentum_sur_bfusdusdc_30m\session_summary.json,C:\Users\o3-Pro\Documents\backtest_results\_builder_sessions\20260331_112934_strat_gie_de_momentum_sur_bfusdusdc_30m,011ecd87fcc4fdd19448e172da038faa909dc1f518812872cae7f533a0ad00e8,54821,2026-03-31T11:29:34.552368,,failed,,BFUSDUSDC,30m,6,,0.0,-50.0,
1463,20260331_113215_strat_gie_de_scalping_sur_wldusdc_5m_ind,C:\Users\o3-Pro\Documents\backtest_results\_builder_sessions\20260331_113215_strat_gie_de_scalping_sur_wldusdc_5m_ind\session_summary.json,C:\Users\o3-Pro\Documents\backtest_results\_builder_sessions\20260331_113215_strat_gie_de_scalping_sur_wldusdc_5m_ind,caad3a3553763001507a85d6d908a7055c91226ee3bdf31b490e172cb954d3cc,29183,2026-03-31T11:32:15.267466,,failed,,BIOUSDC,1h,3,,0.0,-50.0,
1464,20260331_113404_strat_gie_de_mean_reversion_sur_dolousdc,C:\Users\o3-Pro\Documents\backtest_results\_builder_sessions\20260331_113404_strat_gie_de_mean_reversion_sur_dolousdc\session_summary.json,C:\Users\o3-Pro\Documents\backtest_results\_builder_sessions\20260331_113404_strat_gie_de_mean_reversion_sur_dolousdc,1d004425f4f0a8540a52ece16bd8401b651674d1d7a5738617029d117cf41166,53927,2026-03-31T11:34:04.917066,,failed,,DOLOUSDC,4h,6,,0.0,-26.0,
1465,20260331_113700_strat_gie_de_breakout_sur_bfusdusdc_1h_i,C:\Users\o3-Pro\Documents\backtest_results\_builder_sessions\20260331_113700_strat_gie_de_breakout_sur_bfusdusdc_1h_i\session_summary.json,C:\Users\o3-Pro\Documents\backtest_results\_builder_sessions\20260331_113700_strat_gie_de_breakout_sur_bfusdusdc_1h_i,c2779f282bef40c6651269b754c661878d96cdc08fe7512ff2a31e9f9ec6f369,50971,2026-03-31T11:37:00.073061,,failed,,BFUSDUSDC,1h,6,,0.0,-50.0,
1466,20260331_114009_strat_gie_de_momentum_sur_pepeusdc_1d_in,C:\Users\o3-Pro\Documents\backtest_results\_builder_sessions\20260331_114009_strat_gie_de_momentum_sur_pepeusdc_1d_in\session_summary.json,C:\Users\o3-Pro\Documents\backtest_results\_builder_sessions\20260331_114009_strat_gie_de_momentum_sur_pepeusdc_1d_in,d3e53c9168c0dcf3ea35b4e8862c2ffb53343ce8ba71f21d5b648015f44530fc,48089,2026-03-31T11:40:09.705722,,failed,,PEPEUSDC,1d,6,,0.0,-26.0,
1467,20260331_114225_strat_gie_de_regime_adaptatif_sur_ethusd,C:\Users\o3-Pro\Documents\backtest_results\_builder_sessions\20260331_114225_strat_gie_de_regime_adaptatif_sur_ethusd\session_summary.json,C:\Users\o3-Pro\Documents\backtest_results\_builder_sessions\20260331_114225_strat_gie_de_regime_adaptatif_sur_ethusd,a87f9b45b4cb8422b0032ba8f2d783f95c14eff3c3677356a2ec42720b57cd58,50318,2026-03-31T11:42:25.732384,,failed,,BIOUSDC,1h,6,,0.0,-26.0,
1468,20260331_114515_strat_gie_de_trend_following_sur_bananas,C:\Users\o3-Pro\Documents\backtest_results\_builder_sessions\20260331_114515_strat_gie_de_trend_following_sur_bananas\session_summary.json,C:\Users\o3-Pro\Documents\backtest_results\_builder_sessions\20260331_114515_strat_gie_de_trend_following_sur_bananas,6b14f5660420931a9b2d72eb6e9e4752d16f1f8e6e8f9d9cbacd3217c4546791,50730,2026-03-31T11:45:15.640401,,failed,,BANANAS31USDC,3m,6,,0.0,-26.0,
1469,20260331_114803_strat_gie_de_mean_reversion_sur_layerusd,C:\Users\o3-Pro\Documents\backtest_results\_builder_sessions\20260331_114803_strat_gie_de_mean_reversion_sur_layerusd\session_summary.json,C:\Users\o3-Pro\Documents\backtest_results\_builder_sessions\20260331_114803_strat_gie_de_mean_reversion_sur_layerusd,584624e33eae3c3868447c4f90868b0a1410f5c81b266268010854cd73f969f8,41504,2026-03-31T11:48:03.884879,,failed,,LAYERUSDC,5m,6,,0.0,-26.0,
1470,20260331_115035_strat_gie_de_multi_factor_sur_ldousdc_15,C:\Users\o3-Pro\Documents\backtest_results\_builder_sessions\20260331_115035_strat_gie_de_multi_factor_sur_ldousdc_15\session_summary.json,C:\Users\o3-Pro\Documents\backtest_results\_builder_sessions\20260331_115035_strat_gie_de_multi_factor_sur_ldousdc_15,81f8ce29d3d31c72e0e5f0974ee91107309acb94696a000b93528a31a917de54,51119,2026-03-31T11:50:35.844435,,failed,,LDOUSDC,15m,6,,0.0,-26.0,
1471,20260331_115304_strat_gie_de_regime_adaptatif_sur_ltcusd,C:\Users\o3-Pro\Documents\backtest_results\_builder_sessions\20260331_115304_strat_gie_de_regime_adaptatif_sur_ltcusd\session_summary.json,C:\Users\o3-Pro\Documents\backtest_results\_builder_sessions\20260331_115304_strat_gie_de_regime_adaptatif_sur_ltcusd,a25a512bb69c3fcaa21d1a424c8695d10870c997b42ac2fc1c90aab30bb3b272,51584,2026-03-31T11:53:04.016323,,failed,,BIOUSDC,1h,6,,0.0,-50.0,
1472,20260331_115524_strat_gie_de_breakout_sur_formusdc_30m_i,C:\Users\o3-Pro\Documents\backtest_results\_builder_sessions\20260331_115524_strat_gie_de_breakout_sur_formusdc_30m_i\session_summary.json,C:\Users\o3-Pro\Documents\backtest_results\_builder_sessions\20260331_115524_strat_gie_de_breakout_sur_formusdc_30m_i,a501b4e5e861d423415177741d91dbcff6cefdf2b0be6989e66ffe0ed2d4419d,33273,2026-03-31T11:55:24.488280,,failed,,FORMUSDC,30m,3,,0.0,-50.0,
1473,20260331_115726_strat_gie_de_momentum_sur_jupusdc_4h_ind,C:\Users\o3-Pro\Documents\backtest_results\_builder_sessions\20260331_115726_strat_gie_de_momentum_sur_jupusdc_4h_ind\session_summary.json,C:\Users\o3-Pro\Documents\backtest_results\_builder_sessions\20260331_115726_strat_gie_de_momentum_sur_jupusdc_4h_ind,f89664fb3580cca4a57cc6744e7af7469ba29a2138d54181704e22b05dce7270,51013,2026-03-31T11:57:26.575622,,failed,,JUPUSDC,4h,6,,0.3257850049496163,-26.0,
1474,20260331_120009_strat_gie_de_mean_reversion_sur_ldousdc,C:\Users\o3-Pro\Documents\backtest_results\_builder_sessions\20260331_120009_strat_gie_de_mean_reversion_sur_ldousdc\session_summary.json,C:\Users\o3-Pro\Documents\backtest_results\_builder_sessions\20260331_120009_strat_gie_de_mean_reversion_sur_ldousdc,f9dd06ff42cd2b332884ba0f49a01a147303324dd39e4505044e0d8acde80e2e,52672,2026-03-31T12:00:09.452442,,failed,,LDOUSDC,1d,6,,0.0,-26.0,
1475,20260331_120249_strat_gie_de_trend_following_sur_rareusd,C:\Users\o3-Pro\Documents\backtest_results\_builder_sessions\20260331_120249_strat_gie_de_trend_following_sur_rareusd\session_summary.json,C:\Users\o3-Pro\Documents\backtest_results\_builder_sessions\20260331_120249_strat_gie_de_trend_following_sur_rareusd,81fd062a4b52b9dea5e250bebcf799ef26ebff4ce470904c4a86a2ab619007e1,48532,2026-03-31T12:02:49.829539,,failed,,BIOUSDC,1h,6,,0.0,-26.0,
1476,20260331_120605_strat_gie_de_regime_adaptatif_sur_injusd,C:\Users\o3-Pro\Documents\backtest_results\_builder_sessions\20260331_120605_strat_gie_de_regime_adaptatif_sur_injusd\session_summary.json,C:\Users\o3-Pro\Documents\backtest_results\_builder_sessions\20260331_120605_strat_gie_de_regime_adaptatif_sur_injusd,d39a4fc0037c28449c6723106030c187f03d0b6f706ff49ec217fdc17f2d687d,57658,2026-03-31T12:06:05.435227,,failed,,INJUSDC,5m,6,,0.0,-100.0,
1477,20260331_120839_strat_gie_de_breakout_sur_aixbtusdc_1h_i,C:\Users\o3-Pro\Documents\backtest_results\_builder_sessions\20260331_120839_strat_gie_de_breakout_sur_aixbtusdc_1h_i\session_summary.json,C:\Users\o3-Pro\Documents\backtest_results\_builder_sessions\20260331_120839_strat_gie_de_breakout_sur_aixbtusdc_1h_i,fb56fa28a6dcbe8ec247280289f6c96f25f07007f524088fb3463fe742e495f8,27967,2026-03-31T12:08:39.167758,,failed,,AIXBTUSDC,1h,3,,0.0,-50.0,
1478,20260331_121049_strat_gie_de_multi_factor_sur_wldusdc_1h,C:\Users\o3-Pro\Documents\backtest_results\_builder_sessions\20260331_121049_strat_gie_de_multi_factor_sur_wldusdc_1h\session_summary.json,C:\Users\o3-Pro\Documents\backtest_results\_builder_sessions\20260331_121049_strat_gie_de_multi_factor_sur_wldusdc_1h,14068f849b713d8967be9178960dcaf18532d203c91cf9a373f7d2bef3f866b5,52519,2026-03-31T12:10:49.617512,,failed,,WLDUSDC,1h,6,,0.0,-26.0,
1479,20260331_121445_strat_gie_de_trend_following_sur_wldusdc,C:\Users\o3-Pro\Documents\backtest_results\_builder_sessions\20260331_121445_strat_gie_de_trend_following_sur_wldusdc\session_summary.json,C:\Users\o3-Pro\Documents\backtest_results\_builder_sessions\20260331_121445_strat_gie_de_trend_following_sur_wldusdc,f87735397e42c70fa1c5bed65fb5f5293d7b0e75f3ab1d9e13ab61fbfca05dbe,55882,2026-03-31T12:14:45.399922,,failed,,BIOUSDC,1h,6,,0.766110341666254,-26.0,
1480,20260331_121824_strat_gie_de_mean_reversion_sur_holousdc,C:\Users\o3-Pro\Documents\backtest_results\_builder_sessions\20260331_121824_strat_gie_de_mean_reversion_sur_holousdc\session_summary.json,C:\Users\o3-Pro\Documents\backtest_results\_builder_sessions\20260331_121824_strat_gie_de_mean_reversion_sur_holousdc,f4a5d3368d212f7b418b159b25544cd834904850e65632b27dc99f45f6255e3f,43116,2026-03-31T12:18:24.657243,,failed,,HOLOUSDC,1h,6,,0.548778164851886,-26.0,
1481,20260331_122018_strat_gie_de_breakout_sur_audusdc_1d_ind,C:\Users\o3-Pro\Documents\backtest_results\_builder_sessions\20260331_122018_strat_gie_de_breakout_sur_audusdc_1d_ind\session_summary.json,C:\Users\o3-Pro\Documents\backtest_results\_builder_sessions\20260331_122018_strat_gie_de_breakout_sur_audusdc_1d_ind,e118905dec47c4a8c4f6337dfbfa9fc7efc648baad398d16b913a0c3a908de08,29403,2026-03-31T12:20:18.573875,,failed,,AUDUSDC,1d,3,,0.0,-50.0,
1482,20260331_122212_strat_gie_de_scalping_sur_hemiusdc_1h_in,C:\Users\o3-Pro\Documents\backtest_results\_builder_sessions\20260331_122212_strat_gie_de_scalping_sur_hemiusdc_1h_in\session_summary.json,C:\Users\o3-Pro\Documents\backtest_results\_builder_sessions\20260331_122212_strat_gie_de_scalping_sur_hemiusdc_1h_in,90bff310872719b86c3c1e3466c8a9d9b0cb90979e584e9f6e58f8d6184f4e9d,44010,2026-03-31T12:22:12.062104,,failed,,HEMIUSDC,1h,6,,0.0,-26.0,
1483,20260331_122403_strat_gie_de_regime_adaptatif_sur_ftmusd,C:\Users\o3-Pro\Documents\backtest_results\_builder_sessions\20260331_122403_strat_gie_de_regime_adaptatif_sur_ftmusd\session_summary.json,C:\Users\o3-Pro\Documents\backtest_results\_builder_sessions\20260331_122403_strat_gie_de_regime_adaptatif_sur_ftmusd,fc06b6b1dacedb743c5afd19d0d95fb3774d44a9044dd4a7b0d7406b27deea96,42723,2026-03-31T12:24:03.204753,,failed,,BIOUSDC,1h,6,,0.0,-26.0,
1484,20260331_122625_strat_gie_de_multi_factor_sur_memeusdc_1,C:\Users\o3-Pro\Documents\backtest_results\_builder_sessions\20260331_122625_strat_gie_de_multi_factor_sur_memeusdc_1\session_summary.json,C:\Users\o3-Pro\Documents\backtest_results\_builder_sessions\20260331_122625_strat_gie_de_multi_factor_sur_memeusdc_1,f88ab89c842f02ef0f215163a94372640642d6f51c8ab2592bdc8c01b31c5760,41073,2026-03-31T12:26:25.788219,,failed,,MEMEUSDC,1h,4,,0.0642161969941694,-50.0,
1485,20260331_122853_strat_gie_de_breakout_sur_1000satsusdc_1,C:\Users\o3-Pro\Documents\backtest_results\_builder_sessions\20260331_122853_strat_gie_de_breakout_sur_1000satsusdc_1\session_summary.json,C:\Users\o3-Pro\Documents\backtest_results\_builder_sessions\20260331_122853_strat_gie_de_breakout_sur_1000satsusdc_1,d6f8498c857b883355a30da232052493fc5a6b5f361055aeffc268d3e76ef1e6,44455,2026-03-31T12:28:53.803257,,failed,,1000SATSUSDC,15m,6,,0.0,-26.0,
1486,20260331_123200_strat_gie_de_scalping_sur_wldusdc_3m_ind,C:\Users\o3-Pro\Documents\backtest_results\_builder_sessions\20260331_123200_strat_gie_de_scalping_sur_wldusdc_3m_ind\session_summary.json,C:\Users\o3-Pro\Documents\backtest_results\_builder_sessions\20260331_123200_strat_gie_de_scalping_sur_wldusdc_3m_ind,1e6fed09b12d5d128df48b2a09ff4acb76ac835b869a81eb02561ea37255422b,45498,2026-03-31T12:32:00.038473,,failed,,WLDUSDC,3m,6,,0.0,-26.0,
1487,20260331_123445_strat_gie_de_regime_adaptatif_sur_hbarus,C:\Users\o3-Pro\Documents\backtest_results\_builder_sessions\20260331_123445_strat_gie_de_regime_adaptatif_sur_hbarus\session_summary.json,C:\Users\o3-Pro\Documents\backtest_results\_builder_sessions\20260331_123445_strat_gie_de_regime_adaptatif_sur_hbarus,3ca4dc2a4d9d4b50aa37365c907783d581be56eadcfdf424ba07770110928abf,41231,2026-03-31T12:34:45.802560,,failed,,BIOUSDC,1h,5,,0.0,-26.0,
1488,20260331_123721_strat_gie_de_trend_following_sur_rareusd,C:\Users\o3-Pro\Documents\backtest_results\_builder_sessions\20260331_123721_strat_gie_de_trend_following_sur_rareusd\session_summary.json,C:\Users\o3-Pro\Documents\backtest_results\_builder_sessions\20260331_123721_strat_gie_de_trend_following_sur_rareusd,3eb60634e75b23e33218f386df23648c8422b0900142b6f4a3b5532b8f477b06,59621,2026-03-31T12:37:21.451209,,failed,,RAREUSDC,30m,6,,0.0,-50.0,
1489,20260331_124126_strat_gie_de_mean_reversion_sur_zkcusdc,C:\Users\o3-Pro\Documents\backtest_results\_builder_sessions\20260331_124126_strat_gie_de_mean_reversion_sur_zkcusdc\session_summary.json,C:\Users\o3-Pro\Documents\backtest_results\_builder_sessions\20260331_124126_strat_gie_de_mean_reversion_sur_zkcusdc,ff37e9180eba7541ea8227f43ac9e5d07b57b5c91f6752057cb0c1aab09546a2,53359,2026-03-31T12:41:26.752218,,failed,,ZKCUSDC,30m,6,,0.0,-26.0,
1490,20260331_124447_strat_gie_de_breakout_sur_openusdc_5m_in,C:\Users\o3-Pro\Documents\backtest_results\_builder_sessions\20260331_124447_strat_gie_de_breakout_sur_openusdc_5m_in\session_summary.json,C:\Users\o3-Pro\Documents\backtest_results\_builder_sessions\20260331_124447_strat_gie_de_breakout_sur_openusdc_5m_in,c4074accae2f7091846d348256539fcd12c7ab5aab62aae52bcfe5a6a749442f,53054,2026-03-31T12:44:47.874780,,failed,,OPENUSDC,5m,6,,0.0,-26.0,
1491,20260331_124744_strat_gie_de_momentum_sur_ldousdc_4h_ind,C:\Users\o3-Pro\Documents\backtest_results\_builder_sessions\20260331_124744_strat_gie_de_momentum_sur_ldousdc_4h_ind\session_summary.json,C:\Users\o3-Pro\Documents\backtest_results\_builder_sessions\20260331_124744_strat_gie_de_momentum_sur_ldousdc_4h_ind,6e8ff102a57152496dce47969fead153a1074e7bbfb4f3e7e41080afe47e94ee,38134,2026-03-31T12:47:44.148739,,failed,,BIOUSDC,1h,4,,0.0,-50.0,
1492,20260331_125006_strat_gie_de_trend_following_sur_bananas,C:\Users\o3-Pro\Documents\backtest_results\_builder_sessions\20260331_125006_strat_gie_de_trend_following_sur_bananas\session_summary.json,C:\Users\o3-Pro\Documents\backtest_results\_builder_sessions\20260331_125006_strat_gie_de_trend_following_sur_bananas,789cdbf19449ad07031b9c7ddc45cf444090261a4c7a6cf1fa1b943d29782ffd,49930,2026-03-31T12:50:06.862147,,failed,,BANANAS31USDC,3m,6,,0.0,-26.0,
1493,20260331_125244_strat_gie_de_multi_factor_sur_aixbtusdc,C:\Users\o3-Pro\Documents\backtest_results\_builder_sessions\20260331_125244_strat_gie_de_multi_factor_sur_aixbtusdc\session_summary.json,C:\Users\o3-Pro\Documents\backtest_results\_builder_sessions\20260331_125244_strat_gie_de_multi_factor_sur_aixbtusdc,2506f7e73af62456742b8a4f4873595df724a9185a6cc539955ebb8671e77ab7,58307,2026-03-31T12:52:44.850098,,failed,,AIXBTUSDC,30m,6,,0.020202585277311183,-26.0,
1494,20260331_125638_strat_gie_de_regime_adaptatif_sur_ftmusd,C:\Users\o3-Pro\Documents\backtest_results\_builder_sessions\20260331_125638_strat_gie_de_regime_adaptatif_sur_ftmusd\session_summary.json,C:\Users\o3-Pro\Documents\backtest_results\_builder_sessions\20260331_125638_strat_gie_de_regime_adaptatif_sur_ftmusd,5ac5025cf97190809da2cc31c6bb7c2d64e08d61349a5af299fe867a78f81df6,20168,2026-03-31T12:56:38.525469,,success,,FTMUSDC,4h,2,,1.6775400522429649,-50.0,
1495,20260331_125748_strat_gie_sur_pumpusdc_5m_generar_una_es,C:\Users\o3-Pro\Documents\backtest_results\_builder_sessions\20260331_125748_strat_gie_sur_pumpusdc_5m_generar_una_es\session_summary.json,C:\Users\o3-Pro\Documents\backtest_results\_builder_sessions\20260331_125748_strat_gie_sur_pumpusdc_5m_generar_una_es,5ecb0a69aa36f35bfedb0109c49fad287381685ac7068b5d4212c87f113d38dc,45638,2026-03-31T12:57:48.762275,,failed,,PUMPUSDC,5m,6,,0.0,-26.0,
1496,20260331_130128_strat_gie_sur_wldusdc_1d_maximiser_les_p,C:\Users\o3-Pro\Documents\backtest_results\_builder_sessions\20260331_130128_strat_gie_sur_wldusdc_1d_maximiser_les_p\session_summary.json,C:\Users\o3-Pro\Documents\backtest_results\_builder_sessions\20260331_130128_strat_gie_sur_wldusdc_1d_maximiser_les_p,219c1bb44b8ba758da8b97130cd1e124c18080e2aaa709b36549869e4d624ce2,37212,2026-03-31T13:01:28.898885,,failed,,WLDUSDC,1d,4,,0.6896421549436682,-50.0,
1497,20260331_130351_strat_gie_sur_ldousdc_15m_maximiser_les,C:\Users\o3-Pro\Documents\backtest_results\_builder_sessions\20260331_130351_strat_gie_sur_ldousdc_15m_maximiser_les\session_summary.json,C:\Users\o3-Pro\Documents\backtest_results\_builder_sessions\20260331_130351_strat_gie_sur_ldousdc_15m_maximiser_les,353d4441268f9e9de81de426259d2bb850fad504eca4e4a6533e6d853959c013,28612,2026-03-31T13:03:51.038579,,failed,,LDOUSDC,15m,3,,0.0,-50.0,
1498,20260331_130545_strat_gie_sur_formusdc_30m_generate_a_tr,C:\Users\o3-Pro\Documents\backtest_results\_builder_sessions\20260331_130545_strat_gie_sur_formusdc_30m_generate_a_tr\session_summary.json,C:\Users\o3-Pro\Documents\backtest_results\_builder_sessions\20260331_130545_strat_gie_sur_formusdc_30m_generate_a_tr,aeb74fa960e5e007abffd2d42a9b361ef8668fcf1e7939d4e16acb4fc06efb00,40306,2026-03-31T13:05:45.171513,,failed,,FORMUSDC,30m,4,,0.1212354902510385,-50.0,
1499,20260331_130806_strat_gie_de_breakout_sur_openusdc_5m_in,C:\Users\o3-Pro\Documents\backtest_results\_builder_sessions\20260331_130806_strat_gie_de_breakout_sur_openusdc_5m_in\session_summary.json,C:\Users\o3-Pro\Documents\backtest_results\_builder_sessions\20260331_130806_strat_gie_de_breakout_sur_openusdc_5m_in,432fb6d4f5d79dd9eb1b61248f468db5e5737d2c4f2f2560520ef8e8890c5562,42759,2026-03-31T13:08:06.004615,,failed,,BIOUSDC,1h,5,,0.0,-26.0,
1500,20260331_131033_strat_gie_de_momentum_sur_openusdc_30m_i,C:\Users\o3-Pro\Documents\backtest_results\_builder_sessions\20260331_131033_strat_gie_de_momentum_sur_openusdc_30m_i\session_summary.json,C:\Users\o3-Pro\Documents\backtest_results\_builder_sessions\20260331_131033_strat_gie_de_momentum_sur_openusdc_30m_i,f893353fe462715510b29c5d713c8658deb6954fe8c7ec4a129eb581604c13f6,51262,2026-03-31T13:10:33.789771,,failed,,OPENUSDC,30m,6,,0.0,-26.0,
1501,20260331_131234_strat_gie_de_mean_reversion_sur_aixbtusd,C:\Users\o3-Pro\Documents\backtest_results\_builder_sessions\20260331_131234_strat_gie_de_mean_reversion_sur_aixbtusd\session_summary.json,C:\Users\o3-Pro\Documents\backtest_results\_builder_sessions\20260331_131234_strat_gie_de_mean_reversion_sur_aixbtusd,766f12a820806977398529e8e8ef9b834e1c7ee5a900f0010324ac20719dc7a5,44903,2026-03-31T13:12:34.517752,,failed,,AIXBTUSDC,5m,6,,0.0,-26.0,
1502,20260331_131501_strat_gie_de_trend_following_sur_mkrusdc,C:\Users\o3-Pro\Documents\backtest_results\_builder_sessions\20260331_131501_strat_gie_de_trend_following_sur_mkrusdc\session_summary.json,C:\Users\o3-Pro\Documents\backtest_results\_builder_sessions\20260331_131501_strat_gie_de_trend_following_sur_mkrusdc,0aaa3367d490f6ae9cd4ae1558eb7fd0c9c754ccffe8d663259f953c299d8f0d,47693,2026-03-31T13:15:01.788342,,failed,,MKRUSDC,30m,6,,0.0,-26.0,
1503,20260331_131728_strat_gie_de_scalping_sur_ldousdc_5m_ind,C:\Users\o3-Pro\Documents\backtest_results\_builder_sessions\20260331_131728_strat_gie_de_scalping_sur_ldousdc_5m_ind\session_summary.json,C:\Users\o3-Pro\Documents\backtest_results\_builder_sessions\20260331_131728_strat_gie_de_scalping_sur_ldousdc_5m_ind,10e45fec4db23c9777fadac4c908349a1fe8822ba6838b193a99f4250885dfc9,45079,2026-03-31T13:17:28.112380,,failed,,BIOUSDC,1h,6,,0.0,-50.0,
1504,20260331_132019_strat_gie_de_regime_adaptatif_sur_ldousd,C:\Users\o3-Pro\Documents\backtest_results\_builder_sessions\20260331_132019_strat_gie_de_regime_adaptatif_sur_ldousd\session_summary.json,C:\Users\o3-Pro\Documents\backtest_results\_builder_sessions\20260331_132019_strat_gie_de_regime_adaptatif_sur_ldousd,f550a7b83ba7e15d71929e879c656e363e588135a21db86b7bc6e48e52de28d0,31899,2026-03-31T13:20:19.045878,,failed,,LDOUSDC,4h,3,,0.0,-50.0,
1505,20260331_132228_strat_gie_de_multi_factor_sur_audusdc_1d,C:\Users\o3-Pro\Documents\backtest_results\_builder_sessions\20260331_132228_strat_gie_de_multi_factor_sur_audusdc_1d\session_summary.json,C:\Users\o3-Pro\Documents\backtest_results\_builder_sessions\20260331_132228_strat_gie_de_multi_factor_sur_audusdc_1d,10bff6c439af52ba40162e3f932dcbf7ca4c3e4aaee5800ec411132ff341756e,77530,2026-03-31T13:22:28.417547,,failed,,AUDUSDC,1d,9,,0.5841143327837,-26.0,
1506,20260331_132601_strat_gie_de_mean_reversion_sur_ethusdc,C:\Users\o3-Pro\Documents\backtest_results\_builder_sessions\20260331_132601_strat_gie_de_mean_reversion_sur_ethusdc\session_summary.json,C:\Users\o3-Pro\Documents\backtest_results\_builder_sessions\20260331_132601_strat_gie_de_mean_reversion_sur_ethusdc,0c5368e62ccbaab9184008778e4e5c1ee214218e8ca2b828600dcd7d98e37956,52569,2026-03-31T13:26:01.059864,,failed,,ETHUSDC,15m,6,,0.0,-26.0,
1507,20260331_132856_strat_gie_de_trend_following_sur_wldusdc,C:\Users\o3-Pro\Documents\backtest_results\_builder_sessions\20260331_132856_strat_gie_de_trend_following_sur_wldusdc\session_summary.json,C:\Users\o3-Pro\Documents\backtest_results\_builder_sessions\20260331_132856_strat_gie_de_trend_following_sur_wldusdc,9da87598991c29f60285fe580a9be4fe2033638e3ff4557e8a363a7333dc4244,38785,2026-03-31T13:28:56.772442,,failed,,BIOUSDC,1h,4,,0.0,-50.0,
1508,20260331_133106_strat_gie_de_scalping_sur_audusdc_1h_ind,C:\Users\o3-Pro\Documents\backtest_results\_builder_sessions\20260331_133106_strat_gie_de_scalping_sur_audusdc_1h_ind\session_summary.json,C:\Users\o3-Pro\Documents\backtest_results\_builder_sessions\20260331_133106_strat_gie_de_scalping_sur_audusdc_1h_ind,fdcb60578a97b1f49f2b0b7d6fb637064f003cbb38095306bd7a003f2d82a540,44182,2026-03-31T13:31:06.798098,,failed,,AUDUSDC,1h,5,,0.0,-26.0,
1509,20260331_133413_strat_gie_de_regime_adaptatif_sur_ltcusd,C:\Users\o3-Pro\Documents\backtest_results\_builder_sessions\20260331_133413_strat_gie_de_regime_adaptatif_sur_ltcusd\session_summary.json,C:\Users\o3-Pro\Documents\backtest_results\_builder_sessions\20260331_133413_strat_gie_de_regime_adaptatif_sur_ltcusd,dbba7deace4f2c388303c7252e749380c19f960a7effa43fa214df46be8abcfb,48517,2026-03-31T13:34:13.445224,,failed,,LTCUSDC,1h,6,,0.0,-26.0,
1510,20260331_133628_strat_gie_de_momentum_sur_rareusdc_15m_i,C:\Users\o3-Pro\Documents\backtest_results\_builder_sessions\20260331_133628_strat_gie_de_momentum_sur_rareusdc_15m_i\session_summary.json,C:\Users\o3-Pro\Documents\backtest_results\_builder_sessions\20260331_133628_strat_gie_de_momentum_sur_rareusdc_15m_i,c06aa2e057342c2cadabfb841e590984e5aba35cdbf472f34a0724c7d7e8b790,51866,2026-03-31T13:36:28.862600,,failed,,RAREUSDC,15m,6,,0.0,-26.0,
1511,20260331_133923_strat_gie_de_trend_following_sur_formusd,C:\Users\o3-Pro\Documents\backtest_results\_builder_sessions\20260331_133923_strat_gie_de_trend_following_sur_formusd\session_summary.json,C:\Users\o3-Pro\Documents\backtest_results\_builder_sessions\20260331_133923_strat_gie_de_trend_following_sur_formusd,7624a2283504383ae1fa57d30d9782b0a071e377251ad3278bc2b19781cf48c9,51079,2026-03-31T13:39:23.615500,,failed,,BIOUSDC,1h,6,,0.766110341666254,-50.0,
1512,20260331_134213_strat_gie_de_scalping_sur_bomeusdc_1d_in,C:\Users\o3-Pro\Documents\backtest_results\_builder_sessions\20260331_134213_strat_gie_de_scalping_sur_bomeusdc_1d_in\session_summary.json,C:\Users\o3-Pro\Documents\backtest_results\_builder_sessions\20260331_134213_strat_gie_de_scalping_sur_bomeusdc_1d_in,6b76cc9122deaf4f774d1f0ad9cf22c3507babbf639b4505732befae44138db5,35899,2026-03-31T13:42:13.601350,,failed,,BOMEUSDC,1d,4,,0.0,-26.0,
1513,20260331_134401_strat_gie_de_mean_reversion_sur_openusdc,C:\Users\o3-Pro\Documents\backtest_results\_builder_sessions\20260331_134401_strat_gie_de_mean_reversion_sur_openusdc\session_summary.json,C:\Users\o3-Pro\Documents\backtest_results\_builder_sessions\20260331_134401_strat_gie_de_mean_reversion_sur_openusdc,c7faf5b2d1096f86ca64b0a22f4c80eba326fb0b88836e3df2f448a9e0fca624,51879,2026-03-31T13:44:01.314307,,failed,,OPENUSDC,5m,6,,0.0,-26.0,
1514,20260331_134625_strat_gie_de_regime_adaptatif_sur_layeru,C:\Users\o3-Pro\Documents\backtest_results\_builder_sessions\20260331_134625_strat_gie_de_regime_adaptatif_sur_layeru\session_summary.json,C:\Users\o3-Pro\Documents\backtest_results\_builder_sessions\20260331_134625_strat_gie_de_regime_adaptatif_sur_layeru,94cac8ceae7a1a54630b91818e786bdf5c613e1583c230fa4bc6f7739b4164c0,50322,2026-03-31T13:46:25.132076,,failed,,LAYERUSDC,1d,6,,0.09273939380362117,-26.0,
1515,20260331_134854_strat_gie_de_multi_factor_sur_hbarusdc_5,C:\Users\o3-Pro\Documents\backtest_results\_builder_sessions\20260331_134854_strat_gie_de_multi_factor_sur_hbarusdc_5\session_summary.json,C:\Users\o3-Pro\Documents\backtest_results\_builder_sessions\20260331_134854_strat_gie_de_multi_factor_sur_hbarusdc_5,e5ec49c4626d9d2521fd651f717a5d844313c66b3b3a5b299a6852a9c60613ab,52548,2026-03-31T13:48:54.757380,,failed,,BIOUSDC,1h,6,,0.0,-26.0,
1516,20260331_135145_strat_gie_de_trend_following_sur_formusd,C:\Users\o3-Pro\Documents\backtest_results\_builder_sessions\20260331_135145_strat_gie_de_trend_following_sur_formusd\session_summary.json,C:\Users\o3-Pro\Documents\backtest_results\_builder_sessions\20260331_135145_strat_gie_de_trend_following_sur_formusd,235d92c7827155f277993e403ca3ba5de9e2aeb654ab21576dc0c62ab72fc876,49911,2026-03-31T13:51:45.405794,,failed,,FORMUSDC,4h,6,,0.0,-26.0,
1517,20260331_135450_strat_gie_de_breakout_sur_algousdc_4h_in,C:\Users\o3-Pro\Documents\backtest_results\_builder_sessions\20260331_135450_strat_gie_de_breakout_sur_algousdc_4h_in\session_summary.json,C:\Users\o3-Pro\Documents\backtest_results\_builder_sessions\20260331_135450_strat_gie_de_breakout_sur_algousdc_4h_in,b6532bc962ca2ee4bd06678da9f3c714b26ee2a5f9781e2768c1fbda635fb1b1,27976,2026-03-31T13:54:50.385239,,failed,,ALGOUSDC,4h,3,,0.0,-50.0,
1518,20260331_135652_strat_gie_de_mean_reversion_sur_ethusdc,C:\Users\o3-Pro\Documents\backtest_results\_builder_sessions\20260331_135652_strat_gie_de_mean_reversion_sur_ethusdc\session_summary.json,C:\Users\o3-Pro\Documents\backtest_results\_builder_sessions\20260331_135652_strat_gie_de_mean_reversion_sur_ethusdc,e37c1c2321a3b40222229155626af80cf4bc78954737c12db64a55ca7388932c,51825,2026-03-31T13:56:52.887283,,failed,,ETHUSDC,30m,6,,0.0,-26.0,
1519,20260331_135918_strat_gie_de_scalping_sur_openusdc_4h_in,C:\Users\o3-Pro\Documents\backtest_results\_builder_sessions\20260331_135918_strat_gie_de_scalping_sur_openusdc_4h_in\session_summary.json,C:\Users\o3-Pro\Documents\backtest_results\_builder_sessions\20260331_135918_strat_gie_de_scalping_sur_openusdc_4h_in,28f56166f5802100532844750387dd494356ddb20c9435de67e5727d7761386b,50089,2026-03-31T13:59:18.573966,,failed,,BIOUSDC,1h,6,,0.0,-26.0,
1520,20260331_140223_strat_gie_de_trend_following_sur_ltcusdc,C:\Users\o3-Pro\Documents\backtest_results\_builder_sessions\20260331_140223_strat_gie_de_trend_following_sur_ltcusdc\session_summary.json,C:\Users\o3-Pro\Documents\backtest_results\_builder_sessions\20260331_140223_strat_gie_de_trend_following_sur_ltcusdc,cd89a9f7ef84b19e87c32285c76fb633f863190cdfdb343143534a4af345887a,53406,2026-03-31T14:02:23.157637,,failed,,LTCUSDC,1h,6,,0.0,-26.0,
1521,20260331_140535_strat_gie_de_multi_factor_sur_sapienusdc,C:\Users\o3-Pro\Documents\backtest_results\_builder_sessions\20260331_140535_strat_gie_de_multi_factor_sur_sapienusdc\session_summary.json,C:\Users\o3-Pro\Documents\backtest_results\_builder_sessions\20260331_140535_strat_gie_de_multi_factor_sur_sapienusdc,7d05c41402b3a5b6be9194336df331e7f3b1b4cc0578f941a4237e3afbf6dd3d,38775,2026-03-31T14:05:35.927469,,failed,,SAPIENUSDC,5m,4,,0.0,-50.0,
1522,20260331_140747_strat_gie_de_mean_reversion_sur_orcausdc,C:\Users\o3-Pro\Documents\backtest_results\_builder_sessions\20260331_140747_strat_gie_de_mean_reversion_sur_orcausdc\session_summary.json,C:\Users\o3-Pro\Documents\backtest_results\_builder_sessions\20260331_140747_strat_gie_de_mean_reversion_sur_orcausdc,94d03dd385348ac29f90748f9daafe93df7bbffc36489aee858ede95900480b2,64029,2026-03-31T14:07:47.111055,,failed,,ORCAUSDC,1d,8,,0.9694458532835988,-26.0,
1523,20260331_141122_strat_gie_de_breakout_sur_holousdc_30m_i,C:\Users\o3-Pro\Documents\backtest_results\_builder_sessions\20260331_141122_strat_gie_de_breakout_sur_holousdc_30m_i\session_summary.json,C:\Users\o3-Pro\Documents\backtest_results\_builder_sessions\20260331_141122_strat_gie_de_breakout_sur_holousdc_30m_i,13ce630cc6961667c5777bc88a7faf03f9c12bded236740755450e829e0d6d1a,44615,2026-03-31T14:11:22.178823,,failed,,BIOUSDC,1h,6,,0.0,-26.0,
1524,20260331_141513_strat_gie_de_scalping_sur_bardusdc_15m_i,C:\Users\o3-Pro\Documents\backtest_results\_builder_sessions\20260331_141513_strat_gie_de_scalping_sur_bardusdc_15m_i\session_summary.json,C:\Users\o3-Pro\Documents\backtest_results\_builder_sessions\20260331_141513_strat_gie_de_scalping_sur_bardusdc_15m_i,c26fe38e7a7d4870183f25e46574feb6777f846c7c58c1265d37ee018ab7e817,29668,2026-03-31T14:15:13.188834,,failed,,BARDUSDC,15m,3,,0.0,-50.0,
1525,20260331_141730_strat_gie_de_momentum_sur_actusdc_30m_in,C:\Users\o3-Pro\Documents\backtest_results\_builder_sessions\20260331_141730_strat_gie_de_momentum_sur_actusdc_30m_in\session_summary.json,C:\Users\o3-Pro\Documents\backtest_results\_builder_sessions\20260331_141730_strat_gie_de_momentum_sur_actusdc_30m_in,989ac5988c49c465e856b2dc28bc6f69b77ca2f362d6b5f14e41951a136556f5,37068,2026-03-31T14:17:30.812674,,failed,,ACTUSDC,30m,4,,0.0,-50.0,
1526,20260331_142055_strat_gie_de_multi_factor_sur_layerusdc,C:\Users\o3-Pro\Documents\backtest_results\_builder_sessions\20260331_142055_strat_gie_de_multi_factor_sur_layerusdc\session_summary.json,C:\Users\o3-Pro\Documents\backtest_results\_builder_sessions\20260331_142055_strat_gie_de_multi_factor_sur_layerusdc,a4be0026437cb7c1f81b0232508b9a6fb17ad0d17b6d47cf45a0e82b41a9984f,60850,2026-03-31T14:20:55.519772,,success,,LAYERUSDC,4h,7,,1.2669366306371859,-50.0,
1527,20260331_142442_strat_gie_sur_rayusdc_1d_generate_a_trad,C:\Users\o3-Pro\Documents\backtest_results\_builder_sessions\20260331_142442_strat_gie_sur_rayusdc_1d_generate_a_trad\session_summary.json,C:\Users\o3-Pro\Documents\backtest_results\_builder_sessions\20260331_142442_strat_gie_sur_rayusdc_1d_generate_a_trad,fb314d3dcadc90440163f316c4fcc1f320f1044a2df1107067713c5b7eef77f3,49821,2026-03-31T14:24:42.127938,,failed,,RAYUSDC,1d,5,,0.31705532962589744,-50.0,
1528,20260331_142903_strat_gie_sur_kaitousdc_5m_generate_a_tr,C:\Users\o3-Pro\Documents\backtest_results\_builder_sessions\20260331_142903_strat_gie_sur_kaitousdc_5m_generate_a_tr\session_summary.json,C:\Users\o3-Pro\Documents\backtest_results\_builder_sessions\20260331_142903_strat_gie_sur_kaitousdc_5m_generate_a_tr,4a15d7537fa31b09d4fee27cfc9867ba0293e9f39f7e434deae8ec0bfd4713f8,27890,2026-03-31T14:29:03.571504,,failed,,KAITOUSDC,5m,3,,0.0,-50.0,
1529,20260331_143056_strat_gie_sur_tonusdc_1h_generate_a_trad,C:\Users\o3-Pro\Documents\backtest_results\_builder_sessions\20260331_143056_strat_gie_sur_tonusdc_1h_generate_a_trad\session_summary.json,C:\Users\o3-Pro\Documents\backtest_results\_builder_sessions\20260331_143056_strat_gie_sur_tonusdc_1h_generate_a_trad,92a80ba827ef235ab7c792bfc29b29620eae19c23f30b4f20f5a733f8b51ef4f,50874,2026-03-31T14:30:56.206479,,failed,,TONUSDC,1h,6,,0.0,-26.0,
1530,20260331_143358_strat_gie_sur_rareusdc_30m_generate_a_tr,C:\Users\o3-Pro\Documents\backtest_results\_builder_sessions\20260331_143358_strat_gie_sur_rareusdc_30m_generate_a_tr\session_summary.json,C:\Users\o3-Pro\Documents\backtest_results\_builder_sessions\20260331_143358_strat_gie_sur_rareusdc_30m_generate_a_tr,6211bc21e9ea92ae3d42f54a1a811f56a05d9f33b9b3c6f9a09ba26b998c7cce,51014,2026-03-31T14:33:58.339744,,failed,,RAREUSDC,30m,6,,0.0,-26.0,
1531,20260331_143618_strat_gie_de_mean_reversion_sur_1000sats,C:\Users\o3-Pro\Documents\backtest_results\_builder_sessions\20260331_143618_strat_gie_de_mean_reversion_sur_1000sats\session_summary.json,C:\Users\o3-Pro\Documents\backtest_results\_builder_sessions\20260331_143618_strat_gie_de_mean_reversion_sur_1000sats,623bbb0528edbf1497ff38928e03fea0facb9876a988267204972f4e1af4f06f,30708,2026-03-31T14:36:18.473222,,failed,,BIOUSDC,1h,3,,0.0,-50.0,
1532,20260331_143821_strat_gie_de_trend_following_sur_hbarusd,C:\Users\o3-Pro\Documents\backtest_results\_builder_sessions\20260331_143821_strat_gie_de_trend_following_sur_hbarusd\session_summary.json,C:\Users\o3-Pro\Documents\backtest_results\_builder_sessions\20260331_143821_strat_gie_de_trend_following_sur_hbarusd,7a39948df0de1ae775dc7c29a1883388cd18e70a8062e8177efacad65befc8c4,75712,2026-03-31T14:38:21.616977,,failed,,HBARUSDC,1d,9,,0.860768174381208,-26.0,
1533,20260331_144200_strat_gie_de_breakout_sur_ethusdc_1w_ind,C:\Users\o3-Pro\Documents\backtest_results\_builder_sessions\20260331_144200_strat_gie_de_breakout_sur_ethusdc_1w_ind\session_summary.json,C:\Users\o3-Pro\Documents\backtest_results\_builder_sessions\20260331_144200_strat_gie_de_breakout_sur_ethusdc_1w_ind,df4cabcc58d1becda71cdb07de46002e93f4fa7e0de772500abab6ce777d469a,45014,2026-03-31T14:42:00.878122,,failed,,ETHUSDC,1w,5,,0.0,-50.0,
1534,20260331_144520_strat_gie_de_momentum_sur_somiusdc_4h_in,C:\Users\o3-Pro\Documents\backtest_results\_builder_sessions\20260331_144520_strat_gie_de_momentum_sur_somiusdc_4h_in\session_summary.json,C:\Users\o3-Pro\Documents\backtest_results\_builder_sessions\20260331_144520_strat_gie_de_momentum_sur_somiusdc_4h_in,d164a85e40e4aa7813a07c3a61ab78ce48abc17066dce0f9a244d5bd49ed1c1a,70571,2026-03-31T14:45:20.832331,,success,,SOMIUSDC,4h,8,,1.2187153084967048,-26.0,
1535,20260331_144849_strat_gie_sur_openusdc_30m_generate_a_tr,C:\Users\o3-Pro\Documents\backtest_results\_builder_sessions\20260331_144849_strat_gie_sur_openusdc_30m_generate_a_tr\session_summary.json,C:\Users\o3-Pro\Documents\backtest_results\_builder_sessions\20260331_144849_strat_gie_sur_openusdc_30m_generate_a_tr,dc78a70d3780fd984ab8cdb1d8b714fd5719d603f66e22ec213e46bd9fcb94eb,46786,2026-03-31T14:48:49.815978,,failed,,OPENUSDC,30m,6,,0.0,-50.0,
1536,20260331_145048_strat_gie_sur_ldousdc_5m_maximiser_les_p,C:\Users\o3-Pro\Documents\backtest_results\_builder_sessions\20260331_145048_strat_gie_sur_ldousdc_5m_maximiser_les_p\session_summary.json,C:\Users\o3-Pro\Documents\backtest_results\_builder_sessions\20260331_145048_strat_gie_sur_ldousdc_5m_maximiser_les_p,db2060ec0f074cb1fb904bfd27b5873dcb86a7fc7b9bae281842bab684cedcb5,53566,2026-03-31T14:50:48.117661,,failed,,LDOUSDC,5m,6,,0.0,-26.0,
1537,20260331_145338_strat_gie_sur_adausdc_1d_generate_a_trad,C:\Users\o3-Pro\Documents\backtest_results\_builder_sessions\20260331_145338_strat_gie_sur_adausdc_1d_generate_a_trad\session_summary.json,C:\Users\o3-Pro\Documents\backtest_results\_builder_sessions\20260331_145338_strat_gie_sur_adausdc_1d_generate_a_trad,744d931f43f3b8f0f77d3645d47ffe50975ab211364c26bde6e1b63d8df8e029,40608,2026-03-31T14:53:38.301187,,failed,,ADAUSDC,1d,6,,0.0,-26.0,
1538,20260331_145747_strat_gie_sur_sapienusdc_5m_generate_a_t,C:\Users\o3-Pro\Documents\backtest_results\_builder_sessions\20260331_145747_strat_gie_sur_sapienusdc_5m_generate_a_t\session_summary.json,C:\Users\o3-Pro\Documents\backtest_results\_builder_sessions\20260331_145747_strat_gie_sur_sapienusdc_5m_generate_a_t,7b637a7ac67e0072352b61d1f1b163e180ea692e305d93df44fb0dc8102b3fec,43571,2026-03-31T14:57:47.840043,,failed,,SAPIENUSDC,5m,6,,0.0,-50.0,
1539,20260331_150009_strat_gie_de_mean_reversion_sur_sapienus,C:\Users\o3-Pro\Documents\backtest_results\_builder_sessions\20260331_150009_strat_gie_de_mean_reversion_sur_sapienus\session_summary.json,C:\Users\o3-Pro\Documents\backtest_results\_builder_sessions\20260331_150009_strat_gie_de_mean_reversion_sur_sapienus,16e98dd8c18600bac0d38dc9d81d2862910e46774a0e69cc311fb627a147e96a,53637,2026-03-31T15:00:09.907611,,failed,,BIOUSDC,1h,6,,0.766110341666254,-26.0,
1540,20260331_150350_strat_gie_de_trend_following_sur_layerus,C:\Users\o3-Pro\Documents\backtest_results\_builder_sessions\20260331_150350_strat_gie_de_trend_following_sur_layerus\session_summary.json,C:\Users\o3-Pro\Documents\backtest_results\_builder_sessions\20260331_150350_strat_gie_de_trend_following_sur_layerus,2a812306eb8a4bc7e747d9cde026bd6535d0fbb819207d75e5a3067d495a314f,50643,2026-03-31T15:03:50.567255,,failed,,LAYERUSDC,1d,7,,2.6348485232937366,-26.0,
1541,20260331_150633_strat_gie_de_multi_factor_sur_openusdc_3,C:\Users\o3-Pro\Documents\backtest_results\_builder_sessions\20260331_150633_strat_gie_de_multi_factor_sur_openusdc_3\session_summary.json,C:\Users\o3-Pro\Documents\backtest_results\_builder_sessions\20260331_150633_strat_gie_de_multi_factor_sur_openusdc_3,e66ef969f05862d9c91719b126d8c218d01cdc9e60bb0a33c8aa5e0aefa9f61e,42969,2026-03-31T15:06:33.440237,,failed,,OPENUSDC,3m,6,,0.0,-50.0,
1542,20260331_150839_strat_gie_de_breakout_sur_openusdc_1h_in,C:\Users\o3-Pro\Documents\backtest_results\_builder_sessions\20260331_150839_strat_gie_de_breakout_sur_openusdc_1h_in\session_summary.json,C:\Users\o3-Pro\Documents\backtest_results\_builder_sessions\20260331_150839_strat_gie_de_breakout_sur_openusdc_1h_in,4aab20cc8925aa374dc8821545c816f4dc42ca1676db32c3dbbd8fa621cc5f3a,47423,2026-03-31T15:08:39.358932,,failed,,OPENUSDC,1h,6,,0.0,-26.0,
1543,20260331_151121_strat_gie_de_mean_reversion_sur_ftmusdc,C:\Users\o3-Pro\Documents\backtest_results\_builder_sessions\20260331_151121_strat_gie_de_mean_reversion_sur_ftmusdc\session_summary.json,C:\Users\o3-Pro\Documents\backtest_results\_builder_sessions\20260331_151121_strat_gie_de_mean_reversion_sur_ftmusdc,a9e3431316456b723e785f5bad4d3ae03a6e79f8c1280f78b0c07477205fdb6b,46468,2026-03-31T15:11:21.278922,,failed,,BIOUSDC,1h,5,,0.0,-50.0,
1544,20260331_151342_strat_gie_de_scalping_sur_jupusdc_30m_in,C:\Users\o3-Pro\Documents\backtest_results\_builder_sessions\20260331_151342_strat_gie_de_scalping_sur_jupusdc_30m_in\session_summary.json,C:\Users\o3-Pro\Documents\backtest_results\_builder_sessions\20260331_151342_strat_gie_de_scalping_sur_jupusdc_30m_in,857cac82faa2b79887447339148cf910f08eb5859798059277e4c196f0ffddf9,27641,2026-03-31T15:13:42.486291,,failed,,JUPUSDC,30m,3,,0.0,-50.0,
1545,20260331_151511_strat_gie_de_regime_adaptatif_sur_bfusdu,C:\Users\o3-Pro\Documents\backtest_results\_builder_sessions\20260331_151511_strat_gie_de_regime_adaptatif_sur_bfusdu\session_summary.json,C:\Users\o3-Pro\Documents\backtest_results\_builder_sessions\20260331_151511_strat_gie_de_regime_adaptatif_sur_bfusdu,4a70da193db4093c5f2b522c4188cc05acf7832e893375b00f2a567d273eac93,49613,2026-03-31T15:15:11.138762,,failed,,BFUSDUSDC,4h,6,,0.0,-26.0,
1546,20260331_151732_strat_gie_de_multi_factor_sur_rareusdc_1,C:\Users\o3-Pro\Documents\backtest_results\_builder_sessions\20260331_151732_strat_gie_de_multi_factor_sur_rareusdc_1\session_summary.json,C:\Users\o3-Pro\Documents\backtest_results\_builder_sessions\20260331_151732_strat_gie_de_multi_factor_sur_rareusdc_1,08369a8af2ea8f20aeb69dba0796d1971aba829950e2f34bc75963834382165e,45302,2026-03-31T15:17:32.527992,,failed,,RAREUSDC,15m,6,,0.0,-26.0,
1547,20260331_151950_strat_gie_de_trend_following_sur_sapienu,C:\Users\o3-Pro\Documents\backtest_results\_builder_sessions\20260331_151950_strat_gie_de_trend_following_sur_sapienu\session_summary.json,C:\Users\o3-Pro\Documents\backtest_results\_builder_sessions\20260331_151950_strat_gie_de_trend_following_sur_sapienu,539e5e478e4db1ab26f31807abc82572e17bddd26b5749298e1b8be0814f3e54,45359,2026-03-31T15:19:50.232487,,failed,,BIOUSDC,1h,5,,0.0,-50.0,
1548,20260331_152237_strat_gie_de_breakout_sur_audusdc_4h_ind,C:\Users\o3-Pro\Documents\backtest_results\_builder_sessions\20260331_152237_strat_gie_de_breakout_sur_audusdc_4h_ind\session_summary.json,C:\Users\o3-Pro\Documents\backtest_results\_builder_sessions\20260331_152237_strat_gie_de_breakout_sur_audusdc_4h_ind,05dc30e1d3790658bc355710b7c4884f4134e8532aaa5998fb4584866aec2e47,51947,2026-03-31T15:22:37.830381,,failed,,AUDUSDC,4h,6,,0.0,-26.0,
1549,20260331_152536_strat_gie_de_mean_reversion_sur_ltcusdc,C:\Users\o3-Pro\Documents\backtest_results\_builder_sessions\20260331_152536_strat_gie_de_mean_reversion_sur_ltcusdc\session_summary.json,C:\Users\o3-Pro\Documents\backtest_results\_builder_sessions\20260331_152536_strat_gie_de_mean_reversion_sur_ltcusdc,97084ec9329514c9fbc16087c151eeeb1da47b12e8a8edd58eb56679f1935d00,45873,2026-03-31T15:25:36.756755,,failed,,LTCUSDC,1h,6,,0.0,-26.0,
1550,20260331_152825_strat_gie_de_momentum_sur_ldousdc_4h_ind,C:\Users\o3-Pro\Documents\backtest_results\_builder_sessions\20260331_152825_strat_gie_de_momentum_sur_ldousdc_4h_ind\session_summary.json,C:\Users\o3-Pro\Documents\backtest_results\_builder_sessions\20260331_152825_strat_gie_de_momentum_sur_ldousdc_4h_ind,e00e55de26c7fafe59ea7401bd70a1bb3dd1b6c284a6ef960dcc6ae4bc2f22ea,79079,2026-03-31T15:28:25.090152,,failed,,LDOUSDC,4h,9,,0.7326393952206751,-26.0,
1551,20260331_153322_strat_gie_de_regime_adaptatif_sur_banana,C:\Users\o3-Pro\Documents\backtest_results\_builder_sessions\20260331_153322_strat_gie_de_regime_adaptatif_sur_banana\session_summary.json,C:\Users\o3-Pro\Documents\backtest_results\_builder_sessions\20260331_153322_strat_gie_de_regime_adaptatif_sur_banana,a68d95d54f832b69b05a5d9d15c9cc9e6572ccd7a00bf56de7b182e7b19fe705,41367,2026-03-31T15:33:22.519989,,failed,,BIOUSDC,1h,4,,0.0,-50.0,
1552,20260331_153601_strat_gie_de_multi_factor_sur_morphousdc,C:\Users\o3-Pro\Documents\backtest_results\_builder_sessions\20260331_153601_strat_gie_de_multi_factor_sur_morphousdc\session_summary.json,C:\Users\o3-Pro\Documents\backtest_results\_builder_sessions\20260331_153601_strat_gie_de_multi_factor_sur_morphousdc,f09b22ff98a1c8231a5ae270d9cb58d08ebab2d7e015c92ba90cc83c013240f6,49649,2026-03-31T15:36:01.667804,,failed,,MORPHOUSDC,30m,6,,0.0,-26.0,
1553,20260331_153908_strat_gie_de_mean_reversion_sur_ethusdc,C:\Users\o3-Pro\Documents\backtest_results\_builder_sessions\20260331_153908_strat_gie_de_mean_reversion_sur_ethusdc\session_summary.json,C:\Users\o3-Pro\Documents\backtest_results\_builder_sessions\20260331_153908_strat_gie_de_mean_reversion_sur_ethusdc,56d0dd11480b7797fbbda3431c3c2f439b2cf8c6e6c95d92d269bdad43011b05,52637,2026-03-31T15:39:08.630078,,failed,,ETHUSDC,30m,6,,0.0,-26.0,
1554,20260331_154139_strat_gie_de_breakout_sur_dolousdc_15m_i,C:\Users\o3-Pro\Documents\backtest_results\_builder_sessions\20260331_154139_strat_gie_de_breakout_sur_dolousdc_15m_i\session_summary.json,C:\Users\o3-Pro\Documents\backtest_results\_builder_sessions\20260331_154139_strat_gie_de_breakout_sur_dolousdc_15m_i,b8b1c5b78c61d242031f378ea7da9c23eb9cd61c34a3edbafe0f67ad7c761092,46442,2026-03-31T15:41:39.359069,,failed,,DOLOUSDC,15m,6,,0.0,-26.0,
1555,20260331_154447_strat_gie_de_regime_adaptatif_sur_1000sa,C:\Users\o3-Pro\Documents\backtest_results\_builder_sessions\20260331_154447_strat_gie_de_regime_adaptatif_sur_1000sa\session_summary.json,C:\Users\o3-Pro\Documents\backtest_results\_builder_sessions\20260331_154447_strat_gie_de_regime_adaptatif_sur_1000sa,b39e849315e1d1dbf85448faafad870264f86f1b1ee80641653696d921da4305,50315,2026-03-31T15:44:47.725818,,failed,,BIOUSDC,1h,6,,0.0,-26.0,
1556,20260331_154730_strat_gie_de_multi_factor_sur_hmstrusdc,C:\Users\o3-Pro\Documents\backtest_results\_builder_sessions\20260331_154730_strat_gie_de_multi_factor_sur_hmstrusdc\session_summary.json,C:\Users\o3-Pro\Documents\backtest_results\_builder_sessions\20260331_154730_strat_gie_de_multi_factor_sur_hmstrusdc,08690f18477c8091e7078a5bbe9830109310499d02910df5f0d56a5c1e0f8e43,55416,2026-03-31T15:47:30.092638,,failed,,HMSTRUSDC,1h,6,,0.21833777729897527,-50.0,
1557,20260331_155024_strat_gie_de_scalping_sur_aixbtusdc_1d_i,C:\Users\o3-Pro\Documents\backtest_results\_builder_sessions\20260331_155024_strat_gie_de_scalping_sur_aixbtusdc_1d_i\session_summary.json,C:\Users\o3-Pro\Documents\backtest_results\_builder_sessions\20260331_155024_strat_gie_de_scalping_sur_aixbtusdc_1d_i,03a4a2aa6cad8d7090935136a4c5fb791263b0510b51be6f4f6f2a85f8e91501,43183,2026-03-31T15:50:24.371752,,failed,,AIXBTUSDC,1d,5,,0.4196595493234114,-26.0,
1558,20260331_155255_strat_gie_de_trend_following_sur_ethusdc,C:\Users\o3-Pro\Documents\backtest_results\_builder_sessions\20260331_155255_strat_gie_de_trend_following_sur_ethusdc\session_summary.json,C:\Users\o3-Pro\Documents\backtest_results\_builder_sessions\20260331_155255_strat_gie_de_trend_following_sur_ethusdc,9ccde3ce0642d47f317f56c2ec91b5960af04292cd82f44a1ef4a1b1a564761b,51892,2026-03-31T15:52:55.845692,,failed,,ETHUSDC,5m,6,,0.0,-26.0,
1559,20260331_155558_strat_gie_de_breakout_sur_audusdc_5m_ind,C:\Users\o3-Pro\Documents\backtest_results\_builder_sessions\20260331_155558_strat_gie_de_breakout_sur_audusdc_5m_ind\session_summary.json,C:\Users\o3-Pro\Documents\backtest_results\_builder_sessions\20260331_155558_strat_gie_de_breakout_sur_audusdc_5m_ind,2ad50c7d29cf1b4b4f333347252eaa4d020236db38e9249bc7b80206f127db81,38280,2026-03-31T15:55:58.496091,,failed,,BIOUSDC,1h,5,,0.0,-26.0,
1560,20260331_155902_strat_gie_de_mean_reversion_sur_ltcusdc,C:\Users\o3-Pro\Documents\backtest_results\_builder_sessions\20260331_155902_strat_gie_de_mean_reversion_sur_ltcusdc\session_summary.json,C:\Users\o3-Pro\Documents\backtest_results\_builder_sessions\20260331_155902_strat_gie_de_mean_reversion_sur_ltcusdc,bfab7a980b6ef5f7ba3e95806f8c96d466a61ff120d266c70242b11906f59165,31131,2026-03-31T15:59:02.653671,,failed,,LTCUSDC,30m,3,,0.0,-50.0,
1561,20260331_160045_strat_gie_de_momentum_sur_xrpusdc_1h_ind,C:\Users\o3-Pro\Documents\backtest_results\_builder_sessions\20260331_160045_strat_gie_de_momentum_sur_xrpusdc_1h_ind\session_summary.json,C:\Users\o3-Pro\Documents\backtest_results\_builder_sessions\20260331_160045_strat_gie_de_momentum_sur_xrpusdc_1h_ind,e16e1e3fe2020492b5f6f0a5fd5cf907cf7279eb64a6551a304c9a848b2e355b,53270,2026-03-31T16:00:45.341804,,failed,,XRPUSDC,1h,6,,0.0,-26.0,
1562,20260331_160406_strat_gie_de_regime_adaptatif_sur_ltcusd,C:\Users\o3-Pro\Documents\backtest_results\_builder_sessions\20260331_160406_strat_gie_de_regime_adaptatif_sur_ltcusd\session_summary.json,C:\Users\o3-Pro\Documents\backtest_results\_builder_sessions\20260331_160406_strat_gie_de_regime_adaptatif_sur_ltcusd,190ca6259a0fff62efb7c8e63fae3c3297b9096812d43f45ae68c3e419840e7a,55312,2026-03-31T16:04:06.875202,,failed,,LTCUSDC,1w,6,,0.0,-26.0,
1563,20260331_160646_strat_gie_de_trend_following_sur_aixbtus,C:\Users\o3-Pro\Documents\backtest_results\_builder_sessions\20260331_160646_strat_gie_de_trend_following_sur_aixbtus\session_summary.json,C:\Users\o3-Pro\Documents\backtest_results\_builder_sessions\20260331_160646_strat_gie_de_trend_following_sur_aixbtus,9a7c9be27ea1fd50a3e1a25ed1ec02450e48224108e75b96b5dd0d6061c96975,54214,2026-03-31T16:06:46.508710,,failed,,BIOUSDC,1h,6,,0.766110341666254,-50.0,
1564,20260331_160939_strat_gie_de_breakout_sur_cfxusdc_1h_ind,C:\Users\o3-Pro\Documents\backtest_results\_builder_sessions\20260331_160939_strat_gie_de_breakout_sur_cfxusdc_1h_ind\session_summary.json,C:\Users\o3-Pro\Documents\backtest_results\_builder_sessions\20260331_160939_strat_gie_de_breakout_sur_cfxusdc_1h_ind,cfb53ae28aebfd1924ed818ccb342c18c77cb6325cfdf3d075bec5e69bcab111,29713,2026-03-31T16:09:39.892193,,failed,,CFXUSDC,1h,3,,0.0,-50.0,
1565,20260331_161134_strat_gie_de_momentum_sur_bananas31usdc,C:\Users\o3-Pro\Documents\backtest_results\_builder_sessions\20260331_161134_strat_gie_de_momentum_sur_bananas31usdc\session_summary.json,C:\Users\o3-Pro\Documents\backtest_results\_builder_sessions\20260331_161134_strat_gie_de_momentum_sur_bananas31usdc,1d16b0e7489dfaa4117d006db72d341f73ddac05a192f13dbdfdced87468af7f,42758,2026-03-31T16:11:34.735279,,failed,,BANANAS31USDC,15m,6,,0.0,-26.0,
1566,20260331_161442_strat_gie_de_multi_factor_sur_sapienusdc,C:\Users\o3-Pro\Documents\backtest_results\_builder_sessions\20260331_161442_strat_gie_de_multi_factor_sur_sapienusdc\session_summary.json,C:\Users\o3-Pro\Documents\backtest_results\_builder_sessions\20260331_161442_strat_gie_de_multi_factor_sur_sapienusdc,8331338278ff06e6e40fc473376111d629ab144629b88b806d779f80872da2b5,11656,2026-03-31T16:14:42.245684,,success,,SAPIENUSDC,1h,1,,1.5594026667876002,100.0,
1567,20260331_161534_strat_gie_sur_suiusdc_4h_atteindre_un_re,C:\Users\o3-Pro\Documents\backtest_results\_builder_sessions\20260331_161534_strat_gie_sur_suiusdc_4h_atteindre_un_re\session_summary.json,C:\Users\o3-Pro\Documents\backtest_results\_builder_sessions\20260331_161534_strat_gie_sur_suiusdc_4h_atteindre_un_re,f503c748afb6d71a2740a8d5d6dca2b7630858857ada4f86b6111802080542b5,50033,2026-03-31T16:15:34.367225,,failed,,SUIUSDC,4h,6,,0.0,-26.0,
1568,20260331_161916_strat_gie_sur_aixbtusdc_4h_generate_a_tr,C:\Users\o3-Pro\Documents\backtest_results\_builder_sessions\20260331_161916_strat_gie_sur_aixbtusdc_4h_generate_a_tr\session_summary.json,C:\Users\o3-Pro\Documents\backtest_results\_builder_sessions\20260331_161916_strat_gie_sur_aixbtusdc_4h_generate_a_tr,2d9d21b0784b9e5e82ce7b30960fed5800af8bd7a8f9af58ce8edc15e1d38b43,53416,2026-03-31T16:19:16.489921,,failed,,AIXBTUSDC,4h,6,,0.0,-26.0,
1569,20260331_162244_strat_gie_sur_bankusdc_30m_ach_te_le_tok,C:\Users\o3-Pro\Documents\backtest_results\_builder_sessions\20260331_162244_strat_gie_sur_bankusdc_30m_ach_te_le_tok\session_summary.json,C:\Users\o3-Pro\Documents\backtest_results\_builder_sessions\20260331_162244_strat_gie_sur_bankusdc_30m_ach_te_le_tok,969ebbc82683aea454b558f1bba6a2ac57ce8df237c0941fc635d4f3547a4ef1,19285,2026-03-31T16:22:44.115741,,success,,BANKUSDC,30m,2,,2.748951403104256,-50.0,
1570,20260331_162353_strat_gie_sur_xrpusdc_5m_strat_gie_de_tr,C:\Users\o3-Pro\Documents\backtest_results\_builder_sessions\20260331_162353_strat_gie_sur_xrpusdc_5m_strat_gie_de_tr\session_summary.json,C:\Users\o3-Pro\Documents\backtest_results\_builder_sessions\20260331_162353_strat_gie_sur_xrpusdc_5m_strat_gie_de_tr,15b5e9e2806ad1cacb340205cb327a3e1150f12432e7de6140c60dc6fa962bbb,46375,2026-03-31T16:23:53.168265,,failed,,XRPUSDC,5m,6,,0.0,-100.0,
1571,20260331_162657_strat_gie_sur_algousdc_1h_identify_trend,C:\Users\o3-Pro\Documents\backtest_results\_builder_sessions\20260331_162657_strat_gie_sur_algousdc_1h_identify_trend\session_summary.json,C:\Users\o3-Pro\Documents\backtest_results\_builder_sessions\20260331_162657_strat_gie_sur_algousdc_1h_identify_trend,8156dc721cded1a3b0f6974f1cab2cddfa099817ed7c1934ffa881b87c806d16,44242,2026-03-31T16:26:57.058526,,failed,,ALGOUSDC,1h,5,,0.0,-50.0,
1572,20260331_162956_strat_gie_sur_taousdc_4h_gagner_des_prof,C:\Users\o3-Pro\Documents\backtest_results\_builder_sessions\20260331_162956_strat_gie_sur_taousdc_4h_gagner_des_prof\session_summary.json,C:\Users\o3-Pro\Documents\backtest_results\_builder_sessions\20260331_162956_strat_gie_sur_taousdc_4h_gagner_des_prof,f92b73c2e702d33a8e35bf890a6d9434824301cbe1139244252c34b702e5d070,74387,2026-03-31T16:29:56.986781,,failed,,TAOUSDC,4h,9,,0.6057691887637155,-26.0,
1573,20260331_163332_strat_gie_sur_hbarusdc_15m_maximiser_les,C:\Users\o3-Pro\Documents\backtest_results\_builder_sessions\20260331_163332_strat_gie_sur_hbarusdc_15m_maximiser_les\session_summary.json,C:\Users\o3-Pro\Documents\backtest_results\_builder_sessions\20260331_163332_strat_gie_sur_hbarusdc_15m_maximiser_les,f5c4bab74269f1bc9ec9c4f785c8f6bb5aea3aafebd88d72ebc1fc38839d16d0,61353,2026-03-31T16:33:32.521089,,failed,,HBARUSDC,15m,9,,0.0,-26.0,
1574,20260331_163723_strat_gie_de_trend_following_sur_jupusdc,C:\Users\o3-Pro\Documents\backtest_results\_builder_sessions\20260331_163723_strat_gie_de_trend_following_sur_jupusdc\session_summary.json,C:\Users\o3-Pro\Documents\backtest_results\_builder_sessions\20260331_163723_strat_gie_de_trend_following_sur_jupusdc,0ff08ea4d575ca9a1ba60511fda43c5aefca45fe156c210b3dce31956ff00efd,39560,2026-03-31T16:37:23.284812,,failed,,BIOUSDC,1h,4,,0.0,-50.0,
1575,20260331_164014_strat_gie_de_scalping_sur_openusdc_3m_in,C:\Users\o3-Pro\Documents\backtest_results\_builder_sessions\20260331_164014_strat_gie_de_scalping_sur_openusdc_3m_in\session_summary.json,C:\Users\o3-Pro\Documents\backtest_results\_builder_sessions\20260331_164014_strat_gie_de_scalping_sur_openusdc_3m_in,b28911d9f8b52e7584f32dd4106671151ac7ba5188dce4dd6e12b87de903a41a,29422,2026-03-31T16:40:14.167090,,failed,,OPENUSDC,3m,3,,0.0,-50.0,
1576,20260331_164205_strat_gie_de_mean_reversion_sur_nearusdc,C:\Users\o3-Pro\Documents\backtest_results\_builder_sessions\20260331_164205_strat_gie_de_mean_reversion_sur_nearusdc\session_summary.json,C:\Users\o3-Pro\Documents\backtest_results\_builder_sessions\20260331_164205_strat_gie_de_mean_reversion_sur_nearusdc,c53a5ff1626a883bb8477ad01ff6b6a70406fd812aacfa364cc112cf725d4929,50113,2026-03-31T16:42:05.572071,,failed,,NEARUSDC,3m,6,,0.0,-26.0,
1577,20260331_164523_strat_gie_de_regime_adaptatif_sur_sapien,C:\Users\o3-Pro\Documents\backtest_results\_builder_sessions\20260331_164523_strat_gie_de_regime_adaptatif_sur_sapien\session_summary.json,C:\Users\o3-Pro\Documents\backtest_results\_builder_sessions\20260331_164523_strat_gie_de_regime_adaptatif_sur_sapien,1add7f263bf45f50b701b35d2a22a4f62c846756f54c487a2c471fc112957635,20468,2026-03-31T16:45:23.383819,,success,,SAPIENUSDC,30m,2,,1.6902890272522786,-50.0,
1578,20260331_164631_strat_gie_sur_layerusdc_1h_generate_a_tr,C:\Users\o3-Pro\Documents\backtest_results\_builder_sessions\20260331_164631_strat_gie_sur_layerusdc_1h_generate_a_tr\session_summary.json,C:\Users\o3-Pro\Documents\backtest_results\_builder_sessions\20260331_164631_strat_gie_sur_layerusdc_1h_generate_a_tr,58fa0b6dd7522241de4084d4eb21a1d5268ac8f17b54d16761c1ffeb6da69812,53001,2026-03-31T16:46:31.457687,,failed,,LAYERUSDC,1h,6,,0.0,-26.0,
1579,20260331_165027_strat_gie_sur_ftmusdc_4h_objective_attei,C:\Users\o3-Pro\Documents\backtest_results\_builder_sessions\20260331_165027_strat_gie_sur_ftmusdc_4h_objective_attei\session_summary.json,C:\Users\o3-Pro\Documents\backtest_results\_builder_sessions\20260331_165027_strat_gie_sur_ftmusdc_4h_objective_attei,e8093d2957838ae110f1f1b970f881bbb0e3a2a7b7f994f293aef19532a61418,20725,2026-03-31T16:50:27.876973,,success,,FTMUSDC,4h,2,,1.6775400522429649,-50.0,
1580,20260331_165130_strat_gie_sur_icpusdc_15m_generar_una_es,C:\Users\o3-Pro\Documents\backtest_results\_builder_sessions\20260331_165130_strat_gie_sur_icpusdc_15m_generar_una_es\session_summary.json,C:\Users\o3-Pro\Documents\backtest_results\_builder_sessions\20260331_165130_strat_gie_sur_icpusdc_15m_generar_una_es,7c6fb84c4401344f6776d04c383366c9af51fe9d0401c0a1fd13e674fcf294b3,53385,2026-03-31T16:51:30.856668,,failed,,ICPUSDC,15m,6,,0.0,-26.0,
1581,20260331_165507_strat_gie_sur_iousdc_30m_generate_a_trad,C:\Users\o3-Pro\Documents\backtest_results\_builder_sessions\20260331_165507_strat_gie_sur_iousdc_30m_generate_a_trad\session_summary.json,C:\Users\o3-Pro\Documents\backtest_results\_builder_sessions\20260331_165507_strat_gie_sur_iousdc_30m_generate_a_trad,100abab6b61f2a795bb1c6bde23aca540a61ee9ec2958163d67c48b69e9da2dd,40944,2026-03-31T16:55:07.375630,,failed,,IOUSDC,30m,4,,0.0,-50.0,
1582,20260331_165741_g_n_rer_une_strat_gie_crypto_avec_un_axe,C:\Users\o3-Pro\Documents\backtest_results\_builder_sessions\20260331_165741_g_n_rer_une_strat_gie_crypto_avec_un_axe\session_summary.json,C:\Users\o3-Pro\Documents\backtest_results\_builder_sessions\20260331_165741_g_n_rer_une_strat_gie_crypto_avec_un_axe,3d176ae9a980f7f0824d0c41006bb0687b9e794bd1a812e845254912a65c03a9,53668,2026-03-31T16:57:41.286194,,failed,,FORMUSDC,30m,6,,0.0,-26.0,
1583,20260331_170027_strat_gie_sur_ethusdc_1d_generate_a_trad,C:\Users\o3-Pro\Documents\backtest_results\_builder_sessions\20260331_170027_strat_gie_sur_ethusdc_1d_generate_a_trad\session_summary.json,C:\Users\o3-Pro\Documents\backtest_results\_builder_sessions\20260331_170027_strat_gie_sur_ethusdc_1d_generate_a_trad,c1d7a9e8128a7c3ec80f6fdb5b5c1473b7e8d79ecdf735d93381bfa00ab08cbc,70179,2026-03-31T17:00:27.386397,,failed,,ETHUSDC,1d,9,,0.21263763439401465,-26.0,
1584,20260331_170441_strat_gie_de_breakout_sur_jupusdc_1h_ind,C:\Users\o3-Pro\Documents\backtest_results\_builder_sessions\20260331_170441_strat_gie_de_breakout_sur_jupusdc_1h_ind\session_summary.json,C:\Users\o3-Pro\Documents\backtest_results\_builder_sessions\20260331_170441_strat_gie_de_breakout_sur_jupusdc_1h_ind,d44abe4c89f931419a81a4cddba9b6894d76587e2dbac40f9f57af4624af148b,50711,2026-03-31T17:04:41.330651,,failed,,BIOUSDC,1h,6,,0.0,-26.0,
1585,20260331_170804_strat_gie_de_trend_following_sur_memeusd,C:\Users\o3-Pro\Documents\backtest_results\_builder_sessions\20260331_170804_strat_gie_de_trend_following_sur_memeusd\session_summary.json,C:\Users\o3-Pro\Documents\backtest_results\_builder_sessions\20260331_170804_strat_gie_de_trend_following_sur_memeusd,526451dd51aea3d3a564f28fa4199413d28675be1b025e9a2708b37cd43eac2c,51167,2026-03-31T17:08:04.256161,,failed,,MEMEUSDC,5m,6,,0.0,-26.0,
1586,20260331_171044_strat_gie_de_momentum_sur_rayusdc_30m_in,C:\Users\o3-Pro\Documents\backtest_results\_builder_sessions\20260331_171044_strat_gie_de_momentum_sur_rayusdc_30m_in\session_summary.json,C:\Users\o3-Pro\Documents\backtest_results\_builder_sessions\20260331_171044_strat_gie_de_momentum_sur_rayusdc_30m_in,98c7c2939f554cedd81f39d849a0d6d4870ee66f2641f39007f2c30e0dbc5464,46167,2026-03-31T17:10:44.612597,,failed,,RAYUSDC,30m,6,,0.0,-26.0,
1587,20260331_171316_strat_gie_de_regime_adaptatif_sur_iotaus,C:\Users\o3-Pro\Documents\backtest_results\_builder_sessions\20260331_171316_strat_gie_de_regime_adaptatif_sur_iotaus\session_summary.json,C:\Users\o3-Pro\Documents\backtest_results\_builder_sessions\20260331_171316_strat_gie_de_regime_adaptatif_sur_iotaus,a8fd8d501dd55303f27cf92a234fc817cc69eb2bb611f28ac59215a3bf860ef8,39094,2026-03-31T17:13:16.557526,,failed,,IOTAUSDC,5m,6,,0.0,-26.0,
1588,20260331_171523_strat_gie_de_mean_reversion_sur_aixbtusd,C:\Users\o3-Pro\Documents\backtest_results\_builder_sessions\20260331_171523_strat_gie_de_mean_reversion_sur_aixbtusd\session_summary.json,C:\Users\o3-Pro\Documents\backtest_results\_builder_sessions\20260331_171523_strat_gie_de_mean_reversion_sur_aixbtusd,822c96a3eaa3618ee0f40859f534bea2c65f7f1f3845ff02186f8dcf10db0042,53059,2026-03-31T17:15:23.469887,,failed,,BIOUSDC,1h,6,,0.766110341666254,-26.0,
1589,20260331_171834_strat_gie_de_multi_factor_sur_rareusdc_3,C:\Users\o3-Pro\Documents\backtest_results\_builder_sessions\20260331_171834_strat_gie_de_multi_factor_sur_rareusdc_3\session_summary.json,C:\Users\o3-Pro\Documents\backtest_results\_builder_sessions\20260331_171834_strat_gie_de_multi_factor_sur_rareusdc_3,4e358882d6c03e4246f5029ff8dfa545dc37ead36b38db7abbf57a19835ed514,41242,2026-03-31T17:18:34.552228,,failed,,RAREUSDC,30m,4,,0.0,-50.0,
1590,20260331_172116_strat_gie_de_trend_following_sur_ethusdc,C:\Users\o3-Pro\Documents\backtest_results\_builder_sessions\20260331_172116_strat_gie_de_trend_following_sur_ethusdc\session_summary.json,C:\Users\o3-Pro\Documents\backtest_results\_builder_sessions\20260331_172116_strat_gie_de_trend_following_sur_ethusdc,19e383be74d25f2ae9f8913d1f62c3690740ce68a3b2a8947ee2d985e3ee2198,29401,2026-03-31T17:21:16.280987,,success,,ETHUSDC,1w,3,,1.5020446094746664,-100.0,
1591,20260331_172313_strat_gie_sur_beamxusdc_4h_generate_a_tr,C:\Users\o3-Pro\Documents\backtest_results\_builder_sessions\20260331_172313_strat_gie_sur_beamxusdc_4h_generate_a_tr\session_summary.json,C:\Users\o3-Pro\Documents\backtest_results\_builder_sessions\20260331_172313_strat_gie_sur_beamxusdc_4h_generate_a_tr,25c9e7824aed66eb43d2fb071ba855d5c5b42c4f3dd9b7ba70121b8f2941dded,54864,2026-03-31T17:23:13.041967,,failed,,BEAMXUSDC,4h,6,,0.23089444336846143,-50.0,
1592,20260331_172547_strat_gie_sur_sapienusdc_5m_generate_a_t,C:\Users\o3-Pro\Documents\backtest_results\_builder_sessions\20260331_172547_strat_gie_sur_sapienusdc_5m_generate_a_t\session_summary.json,C:\Users\o3-Pro\Documents\backtest_results\_builder_sessions\20260331_172547_strat_gie_sur_sapienusdc_5m_generate_a_t,2ab6741996e017dc03d9a0f2dee7e0f14ad6b3d3c5fce59cec2b4e569ec48271,50350,2026-03-31T17:25:47.906358,,failed,,SAPIENUSDC,5m,6,,0.0,-26.0,
1593,20260331_172827_strat_gie_sur_audusdc_15m_generate_a_tra,C:\Users\o3-Pro\Documents\backtest_results\_builder_sessions\20260331_172827_strat_gie_sur_audusdc_15m_generate_a_tra\session_summary.json,C:\Users\o3-Pro\Documents\backtest_results\_builder_sessions\20260331_172827_strat_gie_sur_audusdc_15m_generate_a_tra,046f7ef7e1b7deb5ccca4b7efd28c4f2cfa911c0be5e8ccf625961d57bf46a78,49341,2026-03-31T17:28:27.403811,,failed,,AUDUSDC,15m,6,,0.0,-26.0,
1594,20260331_173109_strat_gie_sur_ldousdc_30m_atteindre_un_r,C:\Users\o3-Pro\Documents\backtest_results\_builder_sessions\20260331_173109_strat_gie_sur_ldousdc_30m_atteindre_un_r\session_summary.json,C:\Users\o3-Pro\Documents\backtest_results\_builder_sessions\20260331_173109_strat_gie_sur_ldousdc_30m_atteindre_un_r,567d24c773fb4f9db2e81ed8775176a4ad7c22a51402e4bf8fd63d7f5d7efcb7,43047,2026-03-31T17:31:09.438899,,failed,,LDOUSDC,30m,6,,0.0,-26.0,
1595,20260331_173305_strat_gie_de_breakout_sur_ltcusdc_5m_ind,C:\Users\o3-Pro\Documents\backtest_results\_builder_sessions\20260331_173305_strat_gie_de_breakout_sur_ltcusdc_5m_ind\session_summary.json,C:\Users\o3-Pro\Documents\backtest_results\_builder_sessions\20260331_173305_strat_gie_de_breakout_sur_ltcusdc_5m_ind,595215c74ee54f4534079e227283fb31c70c422ba93be297f17dfa0a775347e8,52711,2026-03-31T17:33:05.131696,,failed,,BIOUSDC,1h,6,,0.0,-26.0,
1596,20260331_173547_strat_gie_de_scalping_sur_rareusdc_1h_in,C:\Users\o3-Pro\Documents\backtest_results\_builder_sessions\20260331_173547_strat_gie_de_scalping_sur_rareusdc_1h_in\session_summary.json,C:\Users\o3-Pro\Documents\backtest_results\_builder_sessions\20260331_173547_strat_gie_de_scalping_sur_rareusdc_1h_in,fa18404229fb36f9a303c94f05c9e960757a61bbf82a5fb30081abd64173a0ba,28477,2026-03-31T17:35:47.632097,,failed,,RAREUSDC,1h,3,,0.0,-50.0,
1597,20260331_173735_strat_gie_de_mean_reversion_sur_xtzusdc,C:\Users\o3-Pro\Documents\backtest_results\_builder_sessions\20260331_173735_strat_gie_de_mean_reversion_sur_xtzusdc\session_summary.json,C:\Users\o3-Pro\Documents\backtest_results\_builder_sessions\20260331_173735_strat_gie_de_mean_reversion_sur_xtzusdc,95574bc9207f3d7d7dda9eb5e5c54cae3e9de677716e270252db387d6a1d2584,30261,2026-03-31T17:37:35.448663,,failed,,XTZUSDC,4h,3,,0.0,-50.0,
1598,20260331_173933_strat_gie_de_regime_adaptatif_sur_penguu,C:\Users\o3-Pro\Documents\backtest_results\_builder_sessions\20260331_173933_strat_gie_de_regime_adaptatif_sur_penguu\session_summary.json,C:\Users\o3-Pro\Documents\backtest_results\_builder_sessions\20260331_173933_strat_gie_de_regime_adaptatif_sur_penguu,227799ff90dbcc92ee4eed84efa6b4e9ea3ff06ddc96f9c2be276902bcd7842c,49473,2026-03-31T17:39:33.591111,,failed,,PENGUUSDC,5m,6,,0.0,-26.0,
1599,20260331_174300_strat_gie_de_trend_following_sur_hbarusd,C:\Users\o3-Pro\Documents\backtest_results\_builder_sessions\20260331_174300_strat_gie_de_trend_following_sur_hbarusd\session_summary.json,C:\Users\o3-Pro\Documents\backtest_results\_builder_sessions\20260331_174300_strat_gie_de_trend_following_sur_hbarusd,b63923269851ea2ed42fec51c775f1435a0f16f429869e5c733f5d937c636e84,29685,2026-03-31T17:43:00.696392,,failed,,BIOUSDC,1h,3,,0.0,-50.0,
1600,20260331_174503_strat_gie_de_momentum_sur_cusdc_5m_indic,C:\Users\o3-Pro\Documents\backtest_results\_builder_sessions\20260331_174503_strat_gie_de_momentum_sur_cusdc_5m_indic\session_summary.json,C:\Users\o3-Pro\Documents\backtest_results\_builder_sessions\20260331_174503_strat_gie_de_momentum_sur_cusdc_5m_indic,ee75c5b67d5c605de977052b76ffad8789feafc8a5bc68be6f13d9d262f0311f,40733,2026-03-31T17:45:03.372535,,failed,,CUSDC,5m,5,,0.0,-26.0,
1601,20260331_174749_strat_gie_de_mean_reversion_sur_aixbtusd,C:\Users\o3-Pro\Documents\backtest_results\_builder_sessions\20260331_174749_strat_gie_de_mean_reversion_sur_aixbtusd\session_summary.json,C:\Users\o3-Pro\Documents\backtest_results\_builder_sessions\20260331_174749_strat_gie_de_mean_reversion_sur_aixbtusd,3af0dc674af695bc2735b7a2e418302a175fc631667635f32a62cf02786196ed,55535,2026-03-31T17:47:49.548299,,failed,,AIXBTUSDC,4h,6,,0.4859794388302749,-26.0,
1602,20260331_175103_strat_gie_de_multi_factor_sur_formusdc_1,C:\Users\o3-Pro\Documents\backtest_results\_builder_sessions\20260331_175103_strat_gie_de_multi_factor_sur_formusdc_1\session_summary.json,C:\Users\o3-Pro\Documents\backtest_results\_builder_sessions\20260331_175103_strat_gie_de_multi_factor_sur_formusdc_1,9391cbb6c7cea5112b221164a62f0cf77f6925e886d8cffe18cb76bdf5ee44e0,44816,2026-03-31T17:51:03.378726,,failed,,FORMUSDC,1h,5,,0.0,-50.0,
1603,20260331_175418_strat_gie_de_scalping_sur_bananas31usdc,C:\Users\o3-Pro\Documents\backtest_results\_builder_sessions\20260331_175418_strat_gie_de_scalping_sur_bananas31usdc\session_summary.json,C:\Users\o3-Pro\Documents\backtest_results\_builder_sessions\20260331_175418_strat_gie_de_scalping_sur_bananas31usdc,a41bc057f5a92365f592e1ec07aef36c25473707144c1a110dac717c5ccafe49,45886,2026-03-31T17:54:18.036961,,failed,,BIOUSDC,1h,6,,0.0,-50.0,
1604,20260331_175626_strat_gie_de_momentum_sur_aixbtusdc_15m,C:\Users\o3-Pro\Documents\backtest_results\_builder_sessions\20260331_175626_strat_gie_de_momentum_sur_aixbtusdc_15m\session_summary.json,C:\Users\o3-Pro\Documents\backtest_results\_builder_sessions\20260331_175626_strat_gie_de_momentum_sur_aixbtusdc_15m,662270bc921ab8c61cfae57dae8fd882d3bbae8d3e22e51a2f0712aa49fde34c,36875,2026-03-31T17:56:26.091199,,failed,,AIXBTUSDC,15m,4,,0.0,-50.0,
1605,20260331_175851_strat_gie_de_breakout_sur_bananas31usdc,C:\Users\o3-Pro\Documents\backtest_results\_builder_sessions\20260331_175851_strat_gie_de_breakout_sur_bananas31usdc\session_summary.json,C:\Users\o3-Pro\Documents\backtest_results\_builder_sessions\20260331_175851_strat_gie_de_breakout_sur_bananas31usdc,3849f2f27876787dd432cffc451427c02167521c92536c8c9f39725ee885f1a0,82284,2026-03-31T17:58:51.778182,,failed,,BANANAS31USDC,30m,9,,1.3985851843385184,-26.0,
1606,20260331_180408_strat_gie_de_regime_adaptatif_sur_wldusd,C:\Users\o3-Pro\Documents\backtest_results\_builder_sessions\20260331_180408_strat_gie_de_regime_adaptatif_sur_wldusd\session_summary.json,C:\Users\o3-Pro\Documents\backtest_results\_builder_sessions\20260331_180408_strat_gie_de_regime_adaptatif_sur_wldusd,cafeddf23a3232b8d8d3455c9ec9c46b5ddee41dfba99c25f31890e4bc91aeb9,52413,2026-03-31T18:04:08.414676,,failed,,WLDUSDC,5m,6,,0.0,-26.0,
1607,20260331_180659_strat_gie_de_trend_following_sur_aixbtus,C:\Users\o3-Pro\Documents\backtest_results\_builder_sessions\20260331_180659_strat_gie_de_trend_following_sur_aixbtus\session_summary.json,C:\Users\o3-Pro\Documents\backtest_results\_builder_sessions\20260331_180659_strat_gie_de_trend_following_sur_aixbtus,cadd6100e5d342ee6639874d10729843be1a1c43975b70247ca210f98122afe7,45060,2026-03-31T18:06:59.698824,,failed,,BIOUSDC,1h,6,,0.0,-26.0,
1608,20260331_180921_strat_gie_de_multi_factor_sur_formusdc_1,C:\Users\o3-Pro\Documents\backtest_results\_builder_sessions\20260331_180921_strat_gie_de_multi_factor_sur_formusdc_1\session_summary.json,C:\Users\o3-Pro\Documents\backtest_results\_builder_sessions\20260331_180921_strat_gie_de_multi_factor_sur_formusdc_1,6d22f4c12124f6fb2feea1df928311b45ec396bd21bb909f92da89a943e8346b,46219,2026-03-31T18:09:21.088059,,failed,,FORMUSDC,15m,5,,0.0,-50.0,
1609,20260331_181201_strat_gie_de_breakout_sur_formusdc_4h_in,C:\Users\o3-Pro\Documents\backtest_results\_builder_sessions\20260331_181201_strat_gie_de_breakout_sur_formusdc_4h_in\session_summary.json,C:\Users\o3-Pro\Documents\backtest_results\_builder_sessions\20260331_181201_strat_gie_de_breakout_sur_formusdc_4h_in,07aa3ef8d74fd529f88e5069cd9980f77e96dcf1c708ea7b924517235e4f6255,65967,2026-03-31T18:12:01.733117,,failed,,FORMUSDC,4h,9,,0.6783938429534544,-26.0,
1610,20260331_181634_strat_gie_de_scalping_sur_layerusdc_1d_i,C:\Users\o3-Pro\Documents\backtest_results\_builder_sessions\20260331_181634_strat_gie_de_scalping_sur_layerusdc_1d_i\session_summary.json,C:\Users\o3-Pro\Documents\backtest_results\_builder_sessions\20260331_181634_strat_gie_de_scalping_sur_layerusdc_1d_i,ad8c6ebb20a683402c290979b00ae36e6c483aabf7de06ee5bd76fda61c55e09,37908,2026-03-31T18:16:34.301550,,failed,,LAYERUSDC,1d,4,,0.09273939380362117,-50.0,
1611,20260331_181914_strat_gie_de_mean_reversion_sur_rareusdc,C:\Users\o3-Pro\Documents\backtest_results\_builder_sessions\20260331_181914_strat_gie_de_mean_reversion_sur_rareusdc\session_summary.json,C:\Users\o3-Pro\Documents\backtest_results\_builder_sessions\20260331_181914_strat_gie_de_mean_reversion_sur_rareusdc,0afab9ac351a74251dcebd7b5a528049dfd6521e3bff7d16d6d77b935c0d1d02,53736,2026-03-31T18:19:14.186018,,failed,,BIOUSDC,1h,6,,0.766110341666254,-26.0,
1612,20260331_182243_strat_gie_de_momentum_sur_openusdc_5m_in,C:\Users\o3-Pro\Documents\backtest_results\_builder_sessions\20260331_182243_strat_gie_de_momentum_sur_openusdc_5m_in\session_summary.json,C:\Users\o3-Pro\Documents\backtest_results\_builder_sessions\20260331_182243_strat_gie_de_momentum_sur_openusdc_5m_in,9cc6a8795e1ce97f5d8875db2514f40266631d587a4732c1df7395c3bb34d29e,50978,2026-03-31T18:22:43.862448,,failed,,OPENUSDC,5m,6,,0.0,-26.0,
1613,20260331_182522_strat_gie_de_breakout_sur_ethusdc_30m_in,C:\Users\o3-Pro\Documents\backtest_results\_builder_sessions\20260331_182522_strat_gie_de_breakout_sur_ethusdc_30m_in\session_summary.json,C:\Users\o3-Pro\Documents\backtest_results\_builder_sessions\20260331_182522_strat_gie_de_breakout_sur_ethusdc_30m_in,2095ba46bd5ddc11bf1be0ea5a68b9ebd90d6a399fc356cb250c3132ff53765b,50684,2026-03-31T18:25:22.099026,,failed,,ETHUSDC,30m,6,,0.0,-26.0,
1614,20260331_182814_strat_gie_de_regime_adaptatif_sur_algous,C:\Users\o3-Pro\Documents\backtest_results\_builder_sessions\20260331_182814_strat_gie_de_regime_adaptatif_sur_algous\session_summary.json,C:\Users\o3-Pro\Documents\backtest_results\_builder_sessions\20260331_182814_strat_gie_de_regime_adaptatif_sur_algous,d515c42700c48201eddf9afed7d57bb9c202937b06e86e51fa47436d8ba773ca,84414,2026-03-31T18:28:14.007990,,failed,,ALGOUSDC,1w,9,,1.2300144776937596,-26.0,
1615,20260331_183331_strat_gie_de_scalping_sur_openusdc_1d_in,C:\Users\o3-Pro\Documents\backtest_results\_builder_sessions\20260331_183331_strat_gie_de_scalping_sur_openusdc_1d_in\session_summary.json,C:\Users\o3-Pro\Documents\backtest_results\_builder_sessions\20260331_183331_strat_gie_de_scalping_sur_openusdc_1d_in,13b07951d065eb0f27bc9c732ae6fe1166f87d9ad9a0a6ae496164a9e36b8681,58045,2026-03-31T18:33:31.688571,,max_iterations,,BIOUSDC,1h,10,,0.0,-26.0,
1616,20260331_183836_strat_gie_sur_zkusdc_4h_generate_a_tradi,C:\Users\o3-Pro\Documents\backtest_results\_builder_sessions\20260331_183836_strat_gie_sur_zkusdc_4h_generate_a_tradi\session_summary.json,C:\Users\o3-Pro\Documents\backtest_results\_builder_sessions\20260331_183836_strat_gie_sur_zkusdc_4h_generate_a_tradi,2dbdfc3c3dafb5fd85644ddb777dc0148b29cf90aa08190a64d73ab032c215d1,30560,2026-03-31T18:38:36.052868,,failed,,ZKUSDC,4h,3,,0.0,-50.0,
1617,20260331_184030_strat_gie_sur_babyusdc_5m_achieve_a_10_m,C:\Users\o3-Pro\Documents\backtest_results\_builder_sessions\20260331_184030_strat_gie_sur_babyusdc_5m_achieve_a_10_m\session_summary.json,C:\Users\o3-Pro\Documents\backtest_results\_builder_sessions\20260331_184030_strat_gie_sur_babyusdc_5m_achieve_a_10_m,5d2a519e909238213e3a0fec90922457b498f36504ea99c41e1f480db1884832,36975,2026-03-31T18:40:30.587666,,running,,BABYUSDC,5m,5,,0.0,-26.0,
1618,20260331_184340_generate_a_trading_strategy_with_at_leas,C:\Users\o3-Pro\Documents\backtest_results\_builder_sessions\20260331_184340_generate_a_trading_strategy_with_at_leas\session_summary.json,C:\Users\o3-Pro\Documents\backtest_results\_builder_sessions\20260331_184340_generate_a_trading_strategy_with_at_leas,8995bcf6af6fde0b4d1fb05cfe6063d66588bf347260a41e54fca5d938f88969,25876,2026-03-31T18:43:40.689414,,failed,,IOTAUSDC,15m,3,,0.0,-50.0,
1619,20260331_184340_to_generate_a_trading_strategy_that_uses,C:\Users\o3-Pro\Documents\backtest_results\_builder_sessions\20260331_184340_to_generate_a_trading_strategy_that_uses\session_summary.json,C:\Users\o3-Pro\Documents\backtest_results\_builder_sessions\20260331_184340_to_generate_a_trading_strategy_that_uses,d61fd2d3cbd94a154289b610efaacb4641954c94ce55f8a08ee47839aced0997,46709,2026-03-31T18:43:40.241850,,failed,,RAYUSDC,5m,6,,0.0,-26.0,
1620,20260331_184721_strat_gie_sur_slfusdc_1h_objective_gener,C:\Users\o3-Pro\Documents\backtest_results\_builder_sessions\20260331_184721_strat_gie_sur_slfusdc_1h_objective_gener\session_summary.json,C:\Users\o3-Pro\Documents\backtest_results\_builder_sessions\20260331_184721_strat_gie_sur_slfusdc_1h_objective_gener,d0f4a800c0726c76192fed74d35683d7f84449b49849a49a30bcd2a0eab362c4,13400,2026-03-31T18:47:21.054490,,success,,SLFUSDC,1h,1,,1.3243050398642253,100.0,
1621,20260331_184839_strat_gie_sur_arbusdc_30m_generate_a_tra,C:\Users\o3-Pro\Documents\backtest_results\_builder_sessions\20260331_184839_strat_gie_sur_arbusdc_30m_generate_a_tra\session_summary.json,C:\Users\o3-Pro\Documents\backtest_results\_builder_sessions\20260331_184839_strat_gie_sur_arbusdc_30m_generate_a_tra,82b569d4be6b057fd7e8dcb08fecc64e4768d445b03db75ec675e28776672698,45872,2026-03-31T18:48:39.509121,,failed,,ARBUSDC,30m,6,,0.0,-26.0,
1622,20260331_184839_strat_gie_sur_zrousdc_30m_optimize_tradi,C:\Users\o3-Pro\Documents\backtest_results\_builder_sessions\20260331_184839_strat_gie_sur_zrousdc_30m_optimize_tradi\session_summary.json,C:\Users\o3-Pro\Documents\backtest_results\_builder_sessions\20260331_184839_strat_gie_sur_zrousdc_30m_optimize_tradi,82b1914d2141b774a30b6ab3e44c81273436dca3494ed3ff115bbfad808dee78,48181,2026-03-31T18:48:39.075758,,failed,,ZROUSDC,30m,6,,0.0,-26.0,
1623,20260331_185243_strat_gie_sur_pendleusdc_1d_optimiser_un,C:\Users\o3-Pro\Documents\backtest_results\_builder_sessions\20260331_185243_strat_gie_sur_pendleusdc_1d_optimiser_un\session_summary.json,C:\Users\o3-Pro\Documents\backtest_results\_builder_sessions\20260331_185243_strat_gie_sur_pendleusdc_1d_optimiser_un,d54d2be25d6f631f5260754750722c18d0324f96070582b58280e83b45c11944,47860,2026-03-31T18:52:43.500853,,failed,,PENDLEUSDC,1d,6,,0.0,-26.0,
1624,20260331_185334_strat_gie_sur_neirousdc_5m_generate_a_tr,C:\Users\o3-Pro\Documents\backtest_results\_builder_sessions\20260331_185334_strat_gie_sur_neirousdc_5m_generate_a_tr\session_summary.json,C:\Users\o3-Pro\Documents\backtest_results\_builder_sessions\20260331_185334_strat_gie_sur_neirousdc_5m_generate_a_tr,24a303531238707f12b2777dc572f1c01fcd020c983c690bdbfa960e54f7bd41,47131,2026-03-31T18:53:34.351330,,failed,,NEIROUSDC,5m,6,,0.0,-26.0,
1625,20260331_185727_strat_gie_sur_holousdc_1h_generate_a_tra,C:\Users\o3-Pro\Documents\backtest_results\_builder_sessions\20260331_185727_strat_gie_sur_holousdc_1h_generate_a_tra\session_summary.json,C:\Users\o3-Pro\Documents\backtest_results\_builder_sessions\20260331_185727_strat_gie_sur_holousdc_1h_generate_a_tra,6a256025b3e5cee039091d8092c8a63ad126d95c419472737332939314755504,49896,2026-03-31T18:57:27.344918,,failed,,HOLOUSDC,1h,6,,0.0,-26.0,
1626,20260331_185744_strat_gie_de_mean_reversion_sur_skyusdc,C:\Users\o3-Pro\Documents\backtest_results\_builder_sessions\20260331_185744_strat_gie_de_mean_reversion_sur_skyusdc\session_summary.json,C:\Users\o3-Pro\Documents\backtest_results\_builder_sessions\20260331_185744_strat_gie_de_mean_reversion_sur_skyusdc,971745f4e43370e067a30870a1fd93ba9c6eb83fafa94339de14a1dc2fc17098,40261,2026-03-31T18:57:44.026951,,failed,,MATICUSDC,15m,6,,0.0,-50.0,
1627,20260331_190210_strat_gie_de_multi_factor_sur_skyusdc_1d,C:\Users\o3-Pro\Documents\backtest_results\_builder_sessions\20260331_190210_strat_gie_de_multi_factor_sur_skyusdc_1d\session_summary.json,C:\Users\o3-Pro\Documents\backtest_results\_builder_sessions\20260331_190210_strat_gie_de_multi_factor_sur_skyusdc_1d,382e99f16d47077646ad0e027cd42f523e1f0f4f92da34f5bc1a01b7a3257396,73879,2026-03-31T19:02:10.458722,,max_iterations,,SKYUSDC,1d,10,,1.3829871034556027,100.0,
1628,20260331_190226_strat_gie_sur_twtusdc_4h_generate_a_trad,C:\Users\o3-Pro\Documents\backtest_results\_builder_sessions\20260331_190226_strat_gie_sur_twtusdc_4h_generate_a_trad\session_summary.json,C:\Users\o3-Pro\Documents\backtest_results\_builder_sessions\20260331_190226_strat_gie_sur_twtusdc_4h_generate_a_trad,90fbedd9bcd96cdc24d0bd6a5afabf456f9a2c67cfdcaa0e0f52ad6c91f0f10d,47675,2026-03-31T19:02:26.470197,,failed,,TWTUSDC,4h,6,,0.0,-26.0,
1629,20260331_190825_strat_gie_de_breakout_sur_xlmusdc_30m_in,C:\Users\o3-Pro\Documents\backtest_results\_builder_sessions\20260331_190825_strat_gie_de_breakout_sur_xlmusdc_30m_in\session_summary.json,C:\Users\o3-Pro\Documents\backtest_results\_builder_sessions\20260331_190825_strat_gie_de_breakout_sur_xlmusdc_30m_in,121ac1de1b71720fc95b9a6c28a2e8b54a00a2ba24875f3a5b773086e8d76c74,49903,2026-03-31T19:08:25.420158,,failed,,HBARUSDC,3m,6,,0.0,-26.0,
1630,20260331_191148_generate_a_trading_strategy_with_at_leas,C:\Users\o3-Pro\Documents\backtest_results\_builder_sessions\20260331_191148_generate_a_trading_strategy_with_at_leas\session_summary.json,C:\Users\o3-Pro\Documents\backtest_results\_builder_sessions\20260331_191148_generate_a_trading_strategy_with_at_leas,a0ac920c7f8e835b078ec1f089532df8d5afe39044abc827a14888da578c421d,69059,2026-03-31T19:11:48.531049,,failed,,BANANAS31USDC,4h,9,,0.8122394135016966,-26.0,
1631,20260331_191200_strat_gie_de_trend_following_sur_api3usd,C:\Users\o3-Pro\Documents\backtest_results\_builder_sessions\20260331_191200_strat_gie_de_trend_following_sur_api3usd\session_summary.json,C:\Users\o3-Pro\Documents\backtest_results\_builder_sessions\20260331_191200_strat_gie_de_trend_following_sur_api3usd,a6744556e1ad0e1a370bb05f463edaf1965f01f2cbeccab4d0d8848f7ff72934,47186,2026-03-31T19:12:00.240125,,failed,,API3USDC,4h,6,,0.13872937815288452,-26.0,
1632,20260331_191822_strat_gie_de_regime_adaptatif_sur_beraus,C:\Users\o3-Pro\Documents\backtest_results\_builder_sessions\20260331_191822_strat_gie_de_regime_adaptatif_sur_beraus\session_summary.json,C:\Users\o3-Pro\Documents\backtest_results\_builder_sessions\20260331_191822_strat_gie_de_regime_adaptatif_sur_beraus,0446936f3876d1d269e9e3b1efa7369e58282a1cbc5946a0622cc4b6b1c44bff,48681,2026-03-31T19:18:22.328718,,failed,,BERAUSDC,15m,6,,0.0,-26.0,
1633,20260331_191921_strat_gie_sur_pythusdc_1h_generate_a_tra,C:\Users\o3-Pro\Documents\backtest_results\_builder_sessions\20260331_191921_strat_gie_sur_pythusdc_1h_generate_a_tra\session_summary.json,C:\Users\o3-Pro\Documents\backtest_results\_builder_sessions\20260331_191921_strat_gie_sur_pythusdc_1h_generate_a_tra,22222cd05d29a6674ca3b7a6d78092a4f694b4ab4ea2d7afbb888259fa63f84d,48456,2026-03-31T19:19:21.903886,,failed,,PYTHUSDC,1h,6,,0.0,-26.0,
1634,20260331_192403_strat_gie_sur_layerusdc_5m_achieve_consi,C:\Users\o3-Pro\Documents\backtest_results\_builder_sessions\20260331_192403_strat_gie_sur_layerusdc_5m_achieve_consi\session_summary.json,C:\Users\o3-Pro\Documents\backtest_results\_builder_sessions\20260331_192403_strat_gie_sur_layerusdc_5m_achieve_consi,aed8698494279b6bd1a37d10f3971107abb7726385ad547863c359dcf0449592,42796,2026-03-31T19:24:03.286720,,failed,,LAYERUSDC,5m,6,,0.0,-26.0,
1635,20260331_192411_strat_gie_de_scalping_sur_xrpusdc_1w_ind,C:\Users\o3-Pro\Documents\backtest_results\_builder_sessions\20260331_192411_strat_gie_de_scalping_sur_xrpusdc_1w_ind\session_summary.json,C:\Users\o3-Pro\Documents\backtest_results\_builder_sessions\20260331_192411_strat_gie_de_scalping_sur_xrpusdc_1w_ind,ec7c3233cc39242dc9513b7617e206a5f752bddc159b1c5dec9f9752b22dcbde,59736,2026-03-31T19:24:11.047111,,failed,,XRPUSDC,1w,9,,0.3676622536756313,-26.0,
1636,20260331_192854_strat_gie_sur_rayusdc_1d_generate_a_trad,C:\Users\o3-Pro\Documents\backtest_results\_builder_sessions\20260331_192854_strat_gie_sur_rayusdc_1d_generate_a_trad\session_summary.json,C:\Users\o3-Pro\Documents\backtest_results\_builder_sessions\20260331_192854_strat_gie_sur_rayusdc_1d_generate_a_trad,650880a3f4fdfbcccbec671bb724a732296573e946d48dd825337f678c6011d3,46772,2026-03-31T19:28:54.688583,,failed,,RAYUSDC,1d,6,,0.0,-26.0,
1637,20260331_192925_strat_gie_de_breakout_sur_mkrusdc_3m_ind,C:\Users\o3-Pro\Documents\backtest_results\_builder_sessions\20260331_192925_strat_gie_de_breakout_sur_mkrusdc_3m_ind\session_summary.json,C:\Users\o3-Pro\Documents\backtest_results\_builder_sessions\20260331_192925_strat_gie_de_breakout_sur_mkrusdc_3m_ind,53bc7c9953455d1cf5184d0518087cc6846a3236fa83881c227da7611e4af008,45407,2026-03-31T19:29:25.930998,,failed,,HBARUSDC,3m,6,,0.0,-26.0,
1638,20260331_193409_strat_gie_de_mean_reversion_sur_omusdc_3,C:\Users\o3-Pro\Documents\backtest_results\_builder_sessions\20260331_193409_strat_gie_de_mean_reversion_sur_omusdc_3\session_summary.json,C:\Users\o3-Pro\Documents\backtest_results\_builder_sessions\20260331_193409_strat_gie_de_mean_reversion_sur_omusdc_3,31870edfc361a9e06aeb9946664eb07799e5690d572c98602a6d848fc61caf33,47969,2026-03-31T19:34:09.686740,,failed,,MATICUSDC,15m,6,,0.0,-26.0,
1639,20260331_193538_strat_gie_de_regime_adaptatif_sur_bchusd,C:\Users\o3-Pro\Documents\backtest_results\_builder_sessions\20260331_193538_strat_gie_de_regime_adaptatif_sur_bchusd\session_summary.json,C:\Users\o3-Pro\Documents\backtest_results\_builder_sessions\20260331_193538_strat_gie_de_regime_adaptatif_sur_bchusd,68334b13a321a2f1c23b43c7b8453c66dfebf9d426522ff9635b02da73c4da0c,51623,2026-03-31T19:35:38.282194,,failed,,BCHUSDC,4h,6,,0.0,-50.0,
1640,20260331_194014_strat_gie_de_momentum_sur_xrpusdc_30m_in,C:\Users\o3-Pro\Documents\backtest_results\_builder_sessions\20260331_194014_strat_gie_de_momentum_sur_xrpusdc_30m_in\session_summary.json,C:\Users\o3-Pro\Documents\backtest_results\_builder_sessions\20260331_194014_strat_gie_de_momentum_sur_xrpusdc_30m_in,fbe3f4c117bf59fc138cd31878328fec8f4b26d019b319ac30238981afd296e0,24177,2026-03-31T19:40:14.113324,,failed,,XRPUSDC,30m,3,,0.0,-26.0,
1641,20260331_194232_strat_gie_de_breakout_sur_solusdc_5m_ind,C:\Users\o3-Pro\Documents\backtest_results\_builder_sessions\20260331_194232_strat_gie_de_breakout_sur_solusdc_5m_ind\session_summary.json,C:\Users\o3-Pro\Documents\backtest_results\_builder_sessions\20260331_194232_strat_gie_de_breakout_sur_solusdc_5m_ind,d9c7cc6f26167648ef9129c8b51b37ca2bb9948b7dc239336cb4c172704aa542,45138,2026-03-31T19:42:32.363387,,failed,,SOLUSDC,5m,6,,0.0,-26.0,
1642,20260331_194259_strat_gie_de_trend_following_sur_jupusdc,C:\Users\o3-Pro\Documents\backtest_results\_builder_sessions\20260331_194259_strat_gie_de_trend_following_sur_jupusdc\session_summary.json,C:\Users\o3-Pro\Documents\backtest_results\_builder_sessions\20260331_194259_strat_gie_de_trend_following_sur_jupusdc,70e9368024eabb8483f8e91120558a226ddc45a515c67b533d1bfee9f2506a70,43084,2026-03-31T19:42:59.284942,,failed,,JUPUSDC,15m,6,,0.0,-26.0,
1643,20260331_194659_strat_gie_de_mean_reversion_sur_bankusdc,C:\Users\o3-Pro\Documents\backtest_results\_builder_sessions\20260331_194659_strat_gie_de_mean_reversion_sur_bankusdc\session_summary.json,C:\Users\o3-Pro\Documents\backtest_results\_builder_sessions\20260331_194659_strat_gie_de_mean_reversion_sur_bankusdc,8259254d4812bf1dc8e8f81f243eb75723306d674ee32e4137f56c96d8cc1b26,45989,2026-03-31T19:46:59.756492,,failed,,BANKUSDC,4h,6,,0.0,-26.0,
1644,20260331_194715_strat_gie_de_regime_adaptatif_sur_bchusd,C:\Users\o3-Pro\Documents\backtest_results\_builder_sessions\20260331_194715_strat_gie_de_regime_adaptatif_sur_bchusd\session_summary.json,C:\Users\o3-Pro\Documents\backtest_results\_builder_sessions\20260331_194715_strat_gie_de_regime_adaptatif_sur_bchusd,59cb3ffc5ee53f7631f6a014c7799575c24ef90d59612a73281cb0c6daa2fa9b,38430,2026-03-31T19:47:15.706278,,failed,,BCHUSDC,30m,5,,0.0,-26.0,
1645,20260331_195131_strat_gie_de_scalping_sur_humausdc_1w_in,C:\Users\o3-Pro\Documents\backtest_results\_builder_sessions\20260331_195131_strat_gie_de_scalping_sur_humausdc_1w_in\session_summary.json,C:\Users\o3-Pro\Documents\backtest_results\_builder_sessions\20260331_195131_strat_gie_de_scalping_sur_humausdc_1w_in,950aa6338a784ee0b3977ed93e5db872630ab01e716715f63af84c8fd6de70ef,42883,2026-03-31T19:51:31.726796,,failed,,HBARUSDC,3m,6,,0.0,-50.0,
1646,20260331_195144_strat_gie_de_breakout_sur_tstusdc_5m_ind,C:\Users\o3-Pro\Documents\backtest_results\_builder_sessions\20260331_195144_strat_gie_de_breakout_sur_tstusdc_5m_ind\session_summary.json,C:\Users\o3-Pro\Documents\backtest_results\_builder_sessions\20260331_195144_strat_gie_de_breakout_sur_tstusdc_5m_ind,214bad918552495d373e64d772173a3c4d965dcfee285e66420ab99d3e603998,43806,2026-03-31T19:51:44.993068,,failed,,MATICUSDC,15m,6,,0.0,-26.0,
1647,20260331_195525_strat_gie_de_mean_reversion_sur_jtousdc,C:\Users\o3-Pro\Documents\backtest_results\_builder_sessions\20260331_195525_strat_gie_de_mean_reversion_sur_jtousdc\session_summary.json,C:\Users\o3-Pro\Documents\backtest_results\_builder_sessions\20260331_195525_strat_gie_de_mean_reversion_sur_jtousdc,261193a87fe7c62335a04e011e3ab851bf17d5d78786cd267db451997d020b8a,30345,2026-03-31T19:55:25.212892,,failed,,JTOUSDC,30m,4,,0.0,-26.0,
1648,20260331_195748_strat_gie_de_multi_factor_sur_hbarusdc_1,C:\Users\o3-Pro\Documents\backtest_results\_builder_sessions\20260331_195748_strat_gie_de_multi_factor_sur_hbarusdc_1\session_summary.json,C:\Users\o3-Pro\Documents\backtest_results\_builder_sessions\20260331_195748_strat_gie_de_multi_factor_sur_hbarusdc_1,18f4114140336542f5a376347df12e1d059d5ac961a5d25e8454cd78102a1338,24809,2026-03-31T19:57:48.965502,,failed,,HBARUSDC,1d,3,,0.0,-50.0,
1649,20260331_195906_strat_gie_de_regime_adaptatif_sur_aptusd,C:\Users\o3-Pro\Documents\backtest_results\_builder_sessions\20260331_195906_strat_gie_de_regime_adaptatif_sur_aptusd\session_summary.json,C:\Users\o3-Pro\Documents\backtest_results\_builder_sessions\20260331_195906_strat_gie_de_regime_adaptatif_sur_aptusd,df67da0b78cff90e48636706f60555ead4cf26c61536708deab7f90a1b85c6ca,30474,2026-03-31T19:59:06.803542,,failed,,APTUSDC,5m,3,,0.0,-50.0,
1650,20260331_200027_strat_gie_de_scalping_sur_bananausdc_1h,C:\Users\o3-Pro\Documents\backtest_results\_builder_sessions\20260331_200027_strat_gie_de_scalping_sur_bananausdc_1h\session_summary.json,C:\Users\o3-Pro\Documents\backtest_results\_builder_sessions\20260331_200027_strat_gie_de_scalping_sur_bananausdc_1h,513dbfd82676ab6b7bb6e8190065c9bf76b08af7926a0ab0b104d0f5af023430,35485,2026-03-31T20:00:27.647363,,failed,,BANANAUSDC,1h,4,,0.0,-50.0,
1651,20260331_200249_strat_gie_de_trend_following_sur_hbarusd,C:\Users\o3-Pro\Documents\backtest_results\_builder_sessions\20260331_200249_strat_gie_de_trend_following_sur_hbarusd\session_summary.json,C:\Users\o3-Pro\Documents\backtest_results\_builder_sessions\20260331_200249_strat_gie_de_trend_following_sur_hbarusd,cb26f212e282e0059db5e93618337d4091e20169bd2df442807656a366542155,47545,2026-03-31T20:02:49.351626,,failed,,HBARUSDC,1h,6,,0.0,-26.0,
1652,20260331_200524_strat_gie_de_momentum_sur_solusdc_15m_in,C:\Users\o3-Pro\Documents\backtest_results\_builder_sessions\20260331_200524_strat_gie_de_momentum_sur_solusdc_15m_in\session_summary.json,C:\Users\o3-Pro\Documents\backtest_results\_builder_sessions\20260331_200524_strat_gie_de_momentum_sur_solusdc_15m_in,5e538e64644599b3cb2a903b94e5975777c7e3585e495b0fc45c9e709245719e,33219,2026-03-31T20:05:24.732156,,failed,,SOLUSDC,15m,6,,0.0,-50.0,
1653,20260331_200800_strat_gie_de_mean_reversion_sur_aptusdc,C:\Users\o3-Pro\Documents\backtest_results\_builder_sessions\20260331_200800_strat_gie_de_mean_reversion_sur_aptusdc\session_summary.json,C:\Users\o3-Pro\Documents\backtest_results\_builder_sessions\20260331_200800_strat_gie_de_mean_reversion_sur_aptusdc,c9dcbc0a4f0dfed1292b591d233a471aa7a8b3ada1f0936bfb79c352f739cae3,46317,2026-03-31T20:08:00.775832,,failed,,MATICUSDC,15m,6,,0.0,-26.0,
1654,20260331_200822_strat_gie_de_scalping_sur_bchusdc_1d_ind,C:\Users\o3-Pro\Documents\backtest_results\_builder_sessions\20260331_200822_strat_gie_de_scalping_sur_bchusdc_1d_ind\session_summary.json,C:\Users\o3-Pro\Documents\backtest_results\_builder_sessions\20260331_200822_strat_gie_de_scalping_sur_bchusdc_1d_ind,beaf46a8811c0e531a365aae0c5e9afda758c732ca2bf898c341159cc1adf7ce,43114,2026-03-31T20:08:22.141971,,failed,,HBARUSDC,3m,6,,0.0,-26.0,
1655,20260331_201304_strat_gie_de_trend_following_sur_rndrusd,C:\Users\o3-Pro\Documents\backtest_results\_builder_sessions\20260331_201304_strat_gie_de_trend_following_sur_rndrusd\session_summary.json,C:\Users\o3-Pro\Documents\backtest_results\_builder_sessions\20260331_201304_strat_gie_de_trend_following_sur_rndrusd,734ca9ef40f75d6a47d446a3bdbf05e2af93b00932e5a3d03ff337999be4ddab,86223,2026-03-31T20:13:04.466090,,max_iterations,,RNDRUSDC,4h,10,,0.6101440984058473,29.797005926098997,
1656,20260331_201331_strat_gie_de_multi_factor_sur_actusdc_15,C:\Users\o3-Pro\Documents\backtest_results\_builder_sessions\20260331_201331_strat_gie_de_multi_factor_sur_actusdc_15\session_summary.json,C:\Users\o3-Pro\Documents\backtest_results\_builder_sessions\20260331_201331_strat_gie_de_multi_factor_sur_actusdc_15,77d0c026f9bfb4032d910741d02476564cc304e4a6df0c0ab60fdf531c5e2cf7,32291,2026-03-31T20:13:31.408706,,failed,,ACTUSDC,15m,4,,0.0,-50.0,
1657,20260331_201817_strat_gie_de_momentum_sur_zenusdc_4h_ind,C:\Users\o3-Pro\Documents\backtest_results\_builder_sessions\20260331_201817_strat_gie_de_momentum_sur_zenusdc_4h_ind\session_summary.json,C:\Users\o3-Pro\Documents\backtest_results\_builder_sessions\20260331_201817_strat_gie_de_momentum_sur_zenusdc_4h_ind,9444e3f347e8bf69dabd117dc7dad18b3462fea5dff97669b9117a9756a4c700,32436,2026-03-31T20:18:17.095312,,failed,,ZENUSDC,4h,4,,0.6841107464227804,-50.0,
1658,20260331_202235_strat_gie_de_scalping_sur_ethusdc_15m_in,C:\Users\o3-Pro\Documents\backtest_results\_builder_sessions\20260331_202235_strat_gie_de_scalping_sur_ethusdc_15m_in\session_summary.json,C:\Users\o3-Pro\Documents\backtest_results\_builder_sessions\20260331_202235_strat_gie_de_scalping_sur_ethusdc_15m_in,47b1be7b854d19ddb76f0532e2a8c7372d7407fad5f5aacc2182522f4332c132,34173,2026-03-31T20:22:35.389216,,failed,,ETHUSDC,15m,5,,0.0,-50.0,
1659,20260331_202346_strat_gie_sur_erausdc_30m_atteindre_un_a,C:\Users\o3-Pro\Documents\backtest_results\_builder_sessions\20260331_202346_strat_gie_sur_erausdc_30m_atteindre_un_a\session_summary.json,C:\Users\o3-Pro\Documents\backtest_results\_builder_sessions\20260331_202346_strat_gie_sur_erausdc_30m_atteindre_un_a,6e3cbe63dc3d55df90a84eef532935f738b1a2803b0ae36b114625f1768b471c,43079,2026-03-31T20:23:46.747339,,failed,,ERAUSDC,30m,6,,0.0,-26.0,
1660,20260331_202636_strat_gie_de_regime_adaptatif_sur_humaus,C:\Users\o3-Pro\Documents\backtest_results\_builder_sessions\20260331_202636_strat_gie_de_regime_adaptatif_sur_humaus\session_summary.json,C:\Users\o3-Pro\Documents\backtest_results\_builder_sessions\20260331_202636_strat_gie_de_regime_adaptatif_sur_humaus,9e486e3be8200015103a7a9cb565e3ec2247f0c61dfb4f72cfb6b3e9877fd168,49906,2026-03-31T20:26:36.939883,,failed,,HBARUSDC,3m,6,,0.0,-50.0,
1661,20260331_202802_strat_gie_sur_animeusdc_1d_optimize_trad,C:\Users\o3-Pro\Documents\backtest_results\_builder_sessions\20260331_202802_strat_gie_sur_animeusdc_1d_optimize_trad\session_summary.json,C:\Users\o3-Pro\Documents\backtest_results\_builder_sessions\20260331_202802_strat_gie_sur_animeusdc_1d_optimize_trad,c4efe32de995a1deb18612b28c38afea2b567258a3b3537bf482bbb6cb0b738f,45057,2026-03-31T20:28:02.603451,,failed,,ANIMEUSDC,1d,6,,0.0,-26.0,
1662,20260331_203332_strat_gie_de_trend_following_sur_wusdc_1,C:\Users\o3-Pro\Documents\backtest_results\_builder_sessions\20260331_203332_strat_gie_de_trend_following_sur_wusdc_1\session_summary.json,C:\Users\o3-Pro\Documents\backtest_results\_builder_sessions\20260331_203332_strat_gie_de_trend_following_sur_wusdc_1,ef0f3cfeb8ec293ac850802f2c42f755a655abf009bd33771e6731728fa384f8,27390,2026-03-31T20:33:32.821278,,failed,,WUSDC,1h,3,,0.0,-50.0,
1663,20260331_203348_strat_gie_sur_rayusdc_30m_generate_a_tra,C:\Users\o3-Pro\Documents\backtest_results\_builder_sessions\20260331_203348_strat_gie_sur_rayusdc_30m_generate_a_tra\session_summary.json,C:\Users\o3-Pro\Documents\backtest_results\_builder_sessions\20260331_203348_strat_gie_sur_rayusdc_30m_generate_a_tra,239a9f715da8f477bc09e443b4cc8880934b2397b251c0d7eac3ec424d0845ff,26558,2026-03-31T20:33:48.882743,,failed,,RAYUSDC,30m,3,,0.0,-50.0,
1664,20260331_203704_strat_gie_sur_hemiusdc_5m_generate_a_tra,C:\Users\o3-Pro\Documents\backtest_results\_builder_sessions\20260331_203704_strat_gie_sur_hemiusdc_5m_generate_a_tra\session_summary.json,C:\Users\o3-Pro\Documents\backtest_results\_builder_sessions\20260331_203704_strat_gie_sur_hemiusdc_5m_generate_a_tra,305be6ff41132b050aa894957700682b0c197494240f717e4787a2b17e689c68,51142,2026-03-31T20:37:04.835572,,failed,,HEMIUSDC,5m,6,,0.0,-26.0,
1665,20260331_203707_strat_gie_de_breakout_sur_nearusdc_1h_in,C:\Users\o3-Pro\Documents\backtest_results\_builder_sessions\20260331_203707_strat_gie_de_breakout_sur_nearusdc_1h_in\session_summary.json,C:\Users\o3-Pro\Documents\backtest_results\_builder_sessions\20260331_203707_strat_gie_de_breakout_sur_nearusdc_1h_in,a5c140d33bd2bf289c8462377a87d923324f3e49cd53d589c5d4667d7bda916c,43386,2026-03-31T20:37:07.180839,,failed,,NEARUSDC,1h,6,,0.0,-50.0,
1666,20260331_204113_strat_gie_de_mean_reversion_sur_penguusd,C:\Users\o3-Pro\Documents\backtest_results\_builder_sessions\20260331_204113_strat_gie_de_mean_reversion_sur_penguusd\session_summary.json,C:\Users\o3-Pro\Documents\backtest_results\_builder_sessions\20260331_204113_strat_gie_de_mean_reversion_sur_penguusd,85302fb6331f1fe0aee75e27dcbf8c2cbae74ac104f4d6988ff673228302b231,40532,2026-03-31T20:41:13.267831,,failed,,PENGUUSDC,1d,6,,0.28365785585632697,-26.0,
1667,20260331_204255_strat_gie_de_multi_factor_sur_resolvusdc,C:\Users\o3-Pro\Documents\backtest_results\_builder_sessions\20260331_204255_strat_gie_de_multi_factor_sur_resolvusdc\session_summary.json,C:\Users\o3-Pro\Documents\backtest_results\_builder_sessions\20260331_204255_strat_gie_de_multi_factor_sur_resolvusdc,66e4708352584fc6934960c546a43e6975a0345640ce8958b870bfd73a116da8,39125,2026-03-31T20:42:55.230474,,failed,,MATICUSDC,15m,5,,0.0,-26.0,
1668,20260331_204436_strat_gie_de_trend_following_sur_api3usd,C:\Users\o3-Pro\Documents\backtest_results\_builder_sessions\20260331_204436_strat_gie_de_trend_following_sur_api3usd\session_summary.json,C:\Users\o3-Pro\Documents\backtest_results\_builder_sessions\20260331_204436_strat_gie_de_trend_following_sur_api3usd,0c6e8a5147cf168bb4e2e468290fdb11fffea3b7eb2c94bfd7436eb32be6c0ca,46545,2026-03-31T20:44:36.209148,,failed,,HBARUSDC,3m,6,,0.0,-26.0,
1669,20260331_204703_strat_gie_de_scalping_sur_bananausdc_1h,C:\Users\o3-Pro\Documents\backtest_results\_builder_sessions\20260331_204703_strat_gie_de_scalping_sur_bananausdc_1h\session_summary.json,C:\Users\o3-Pro\Documents\backtest_results\_builder_sessions\20260331_204703_strat_gie_de_scalping_sur_bananausdc_1h,1a28a07e9b5066782579bd387eaa1e7d4cda4d541dae89340082d7aa4861478d,38538,2026-03-31T20:47:03.760154,,failed,,BANANAUSDC,1h,6,,0.0,-26.0,
1670,20260331_205005_strat_gie_de_regime_adaptatif_sur_erausd,C:\Users\o3-Pro\Documents\backtest_results\_builder_sessions\20260331_205005_strat_gie_de_regime_adaptatif_sur_erausd\session_summary.json,C:\Users\o3-Pro\Documents\backtest_results\_builder_sessions\20260331_205005_strat_gie_de_regime_adaptatif_sur_erausd,2e4219192e462e5886a484250162cbecf0cbc10e8bb0483c87fffcab9c432839,47083,2026-03-31T20:50:05.508100,,failed,,ERAUSDC,4h,6,,0.3711701831109471,-26.0,
1671,20260331_205052_strat_gie_de_momentum_sur_rayusdc_4h_ind,C:\Users\o3-Pro\Documents\backtest_results\_builder_sessions\20260331_205052_strat_gie_de_momentum_sur_rayusdc_4h_ind\session_summary.json,C:\Users\o3-Pro\Documents\backtest_results\_builder_sessions\20260331_205052_strat_gie_de_momentum_sur_rayusdc_4h_ind,c2b3daf1855853b22448409af67a04cb15f0d7c5009464705dba70531e05877a,16297,2026-03-31T20:50:52.946304,,success,,RAYUSDC,4h,2,,1.3028440034462123,-50.0,
1672,20260331_205233_strat_gie_sur_beamxusdc_1d_maximiser_les,C:\Users\o3-Pro\Documents\backtest_results\_builder_sessions\20260331_205233_strat_gie_sur_beamxusdc_1d_maximiser_les\session_summary.json,C:\Users\o3-Pro\Documents\backtest_results\_builder_sessions\20260331_205233_strat_gie_sur_beamxusdc_1d_maximiser_les,68f519eeda0fe64badd276c7a9c38cb46d898d4143f2aedf9c283a11290762d1,72698,2026-03-31T20:52:33.046396,,failed,,BEAMXUSDC,1d,9,,0.9677608509999552,-26.0,
1673,20260331_205527_strat_gie_de_trend_following_sur_penguus,C:\Users\o3-Pro\Documents\backtest_results\_builder_sessions\20260331_205527_strat_gie_de_trend_following_sur_penguus\session_summary.json,C:\Users\o3-Pro\Documents\backtest_results\_builder_sessions\20260331_205527_strat_gie_de_trend_following_sur_penguus,b33efbd446b45c69c61bb41d335af1612ac52165cedfd426c1fce635fbacaf5f,43677,2026-03-31T20:55:27.557401,,failed,,PENGUUSDC,30m,5,,0.0,-26.0,
1674,20260331_205934_strat_gie_de_scalping_sur_rndrusdc_30m_i,C:\Users\o3-Pro\Documents\backtest_results\_builder_sessions\20260331_205934_strat_gie_de_scalping_sur_rndrusdc_30m_i\session_summary.json,C:\Users\o3-Pro\Documents\backtest_results\_builder_sessions\20260331_205934_strat_gie_de_scalping_sur_rndrusdc_30m_i,75c5c8c67125ada3e51e34da3008797cf10cf7301621ead1d93c6c867d95d4f0,49154,2026-03-31T20:59:34.267669,,failed,,RNDRUSDC,30m,6,,0.0,-26.0,
1675,20260331_205948_strat_gie_sur_avaxusdc_30m_fournir_une_s,C:\Users\o3-Pro\Documents\backtest_results\_builder_sessions\20260331_205948_strat_gie_sur_avaxusdc_30m_fournir_une_s\session_summary.json,C:\Users\o3-Pro\Documents\backtest_results\_builder_sessions\20260331_205948_strat_gie_sur_avaxusdc_30m_fournir_une_s,9482fe14cabd5daa7f30c03b36836b03bc705f62035860f8762dabbc7df5aaaa,45634,2026-03-31T20:59:48.885301,,failed,,AVAXUSDC,30m,6,,0.0,-26.0,
1676,20260331_210428_strat_gie_sur_stxusdc_5m_optimiser_une_s,C:\Users\o3-Pro\Documents\backtest_results\_builder_sessions\20260331_210428_strat_gie_sur_stxusdc_5m_optimiser_une_s\session_summary.json,C:\Users\o3-Pro\Documents\backtest_results\_builder_sessions\20260331_210428_strat_gie_sur_stxusdc_5m_optimiser_une_s,1c4445cb42cfee019075657fd9753959b2db3f6c0b8a29a90b1f71fb3b9a1daa,44992,2026-03-31T21:04:28.273682,,failed,,STXUSDC,5m,6,,0.0,-26.0,
1677,20260331_210513_strat_gie_de_multi_factor_sur_xlmusdc_30,C:\Users\o3-Pro\Documents\backtest_results\_builder_sessions\20260331_210513_strat_gie_de_multi_factor_sur_xlmusdc_30\session_summary.json,C:\Users\o3-Pro\Documents\backtest_results\_builder_sessions\20260331_210513_strat_gie_de_multi_factor_sur_xlmusdc_30,ad2b0b3c56270d1633291e95c40b6178865a10447fcfd916b89f611c792d6dc7,46057,2026-03-31T21:05:13.860386,,failed,,HBARUSDC,3m,6,,0.0,-26.0,
1678,20260331_211033_strat_gie_sur_ethusdc_5m_fournir_une_str,C:\Users\o3-Pro\Documents\backtest_results\_builder_sessions\20260331_211033_strat_gie_sur_ethusdc_5m_fournir_une_str\session_summary.json,C:\Users\o3-Pro\Documents\backtest_results\_builder_sessions\20260331_211033_strat_gie_sur_ethusdc_5m_fournir_une_str,975c2fa3c3233dee8e8a4e29670aff8a00a9674d10ab5def081c9b6d2a7b04b8,46639,2026-03-31T21:10:33.411114,,failed,,ETHUSDC,5m,6,,0.0,-26.0,
1679,20260331_211244_strat_gie_de_breakout_sur_nearusdc_15m_i,C:\Users\o3-Pro\Documents\backtest_results\_builder_sessions\20260331_211244_strat_gie_de_breakout_sur_nearusdc_15m_i\session_summary.json,C:\Users\o3-Pro\Documents\backtest_results\_builder_sessions\20260331_211244_strat_gie_de_breakout_sur_nearusdc_15m_i,02de4c5253449961185de3261e477643d56e103afc7afb7d64f2b9f2990c4aeb,24834,2026-03-31T21:12:44.037191,,failed,,NEARUSDC,15m,3,,0.0,-50.0,
1680,20260331_211612_strat_gie_de_mean_reversion_sur_dolousdc,C:\Users\o3-Pro\Documents\backtest_results\_builder_sessions\20260331_211612_strat_gie_de_mean_reversion_sur_dolousdc\session_summary.json,C:\Users\o3-Pro\Documents\backtest_results\_builder_sessions\20260331_211612_strat_gie_de_mean_reversion_sur_dolousdc,3d31219e18f62db285997b552497c09686a4a4b6d43a350edeea58483b785f6a,28694,2026-03-31T21:16:12.079815,,failed,,MATICUSDC,15m,3,,0.0,-50.0,
1681,20260331_211614_strat_gie_de_momentum_sur_initusdc_3m_in,C:\Users\o3-Pro\Documents\backtest_results\_builder_sessions\20260331_211614_strat_gie_de_momentum_sur_initusdc_3m_in\session_summary.json,C:\Users\o3-Pro\Documents\backtest_results\_builder_sessions\20260331_211614_strat_gie_de_momentum_sur_initusdc_3m_in,0d5685f5d797ee6e3edd34679c851ab3183232499fed31a965589c9158b14e6a,27513,2026-03-31T21:16:14.462700,,failed,,INITUSDC,3m,3,,0.0,-50.0,
1682,20260331_211933_strat_gie_de_multi_factor_sur_kiteusdc_3,C:\Users\o3-Pro\Documents\backtest_results\_builder_sessions\20260331_211933_strat_gie_de_multi_factor_sur_kiteusdc_3\session_summary.json,C:\Users\o3-Pro\Documents\backtest_results\_builder_sessions\20260331_211933_strat_gie_de_multi_factor_sur_kiteusdc_3,354eb007ce66121d5c3ddcb01fc29fcc32d73e58d1f11075e7ee303b2dc14ae5,16284,2026-03-31T21:19:33.400789,,success,,KITEUSDC,30m,2,,1.6211459803022423,-50.0,
1683,20260331_211942_strat_gie_de_regime_adaptatif_sur_omusdc,C:\Users\o3-Pro\Documents\backtest_results\_builder_sessions\20260331_211942_strat_gie_de_regime_adaptatif_sur_omusdc\session_summary.json,C:\Users\o3-Pro\Documents\backtest_results\_builder_sessions\20260331_211942_strat_gie_de_regime_adaptatif_sur_omusdc,46d87f67cc927c4dfb8eaf3b21a79cc81d359f2614c9f967caec55f641d67abf,48006,2026-03-31T21:19:42.171737,,failed,,OMUSDC,5m,6,,0.0,-26.0,
1684,20260331_212106_strat_gie_sur_dolousdc_4h_generate_a_tra,C:\Users\o3-Pro\Documents\backtest_results\_builder_sessions\20260331_212106_strat_gie_sur_dolousdc_4h_generate_a_tra\session_summary.json,C:\Users\o3-Pro\Documents\backtest_results\_builder_sessions\20260331_212106_strat_gie_sur_dolousdc_4h_generate_a_tra,ad66e0e266348f2ed2c8fba7dc626e583934f206b2b4636115e00001e9ec8781,43732,2026-03-31T21:21:06.863404,,failed,,DOLOUSDC,4h,6,,0.0,-26.0,
1685,20260331_212314_strat_gie_de_breakout_sur_kernelusdc_1h,C:\Users\o3-Pro\Documents\backtest_results\_builder_sessions\20260331_212314_strat_gie_de_breakout_sur_kernelusdc_1h\session_summary.json,C:\Users\o3-Pro\Documents\backtest_results\_builder_sessions\20260331_212314_strat_gie_de_breakout_sur_kernelusdc_1h,128276f850f8e7fe081b74a30d8e482939b4a1d877729db814ead60ebfe2f545,71074,2026-03-31T21:23:14.732210,,failed,,KERNELUSDC,1h,9,,0.41880076875006206,-26.0,
1686,20260331_212511_strat_gie_sur_somiusdc_5m_generate_a_tra,C:\Users\o3-Pro\Documents\backtest_results\_builder_sessions\20260331_212511_strat_gie_sur_somiusdc_5m_generate_a_tra\session_summary.json,C:\Users\o3-Pro\Documents\backtest_results\_builder_sessions\20260331_212511_strat_gie_sur_somiusdc_5m_generate_a_tra,977686d9da9a836188c63eae9ddc77d686430621ce36233f37097859145eb961,46746,2026-03-31T21:25:11.792460,,failed,,SOMIUSDC,5m,6,,0.0,-26.0,
1687,20260331_212917_strat_gie_de_trading_rapide_bas_e_sur_l,C:\Users\o3-Pro\Documents\backtest_results\_builder_sessions\20260331_212917_strat_gie_de_trading_rapide_bas_e_sur_l\session_summary.json,C:\Users\o3-Pro\Documents\backtest_results\_builder_sessions\20260331_212917_strat_gie_de_trading_rapide_bas_e_sur_l,23b1486a94aa5242821df4659c704a4670c48578087e45bbf3ea78af27ffd415,40681,2026-03-31T21:29:17.634105,,failed,,GALAUSDC,1h,5,,0.0,-26.0,
1688,20260331_212929_strat_gie_de_trend_following_sur_dogeusd,C:\Users\o3-Pro\Documents\backtest_results\_builder_sessions\20260331_212929_strat_gie_de_trend_following_sur_dogeusd\session_summary.json,C:\Users\o3-Pro\Documents\backtest_results\_builder_sessions\20260331_212929_strat_gie_de_trend_following_sur_dogeusd,e14e850539dcbd5e0a94795b0bdb5af5e0d19f216f5af73c776efd851f631222,40182,2026-03-31T21:29:29.786271,,failed,,DOGEUSDC,30m,6,,0.0,-26.0,
1689,20260331_213255_strat_gie_de_mean_reversion_sur_mmtusdc,C:\Users\o3-Pro\Documents\backtest_results\_builder_sessions\20260331_213255_strat_gie_de_mean_reversion_sur_mmtusdc\session_summary.json,C:\Users\o3-Pro\Documents\backtest_results\_builder_sessions\20260331_213255_strat_gie_de_mean_reversion_sur_mmtusdc,f8291a563e0e1e0776bceaa509711d0c4ea277af868f82c78affb76d194e90e6,38283,2026-03-31T21:32:55.651125,,failed,,MATICUSDC,15m,5,,0.0,-50.0,
1690,20260331_213326_strat_gie_sur_tnsrusdc_1d_obtenir_des_pr,C:\Users\o3-Pro\Documents\backtest_results\_builder_sessions\20260331_213326_strat_gie_sur_tnsrusdc_1d_obtenir_des_pr\session_summary.json,C:\Users\o3-Pro\Documents\backtest_results\_builder_sessions\20260331_213326_strat_gie_sur_tnsrusdc_1d_obtenir_des_pr,be0c0069937eb3fecd712cf22f106c607104fde5f28ab27098e4c2f15cc2947c,74981,2026-03-31T21:33:26.918352,,failed,,TNSRUSDC,1d,8,,0.6975368894936518,68.85289232902993,
1691,20260331_213702_strat_gie_de_momentum_sur_virtualusdc_1h,C:\Users\o3-Pro\Documents\backtest_results\_builder_sessions\20260331_213702_strat_gie_de_momentum_sur_virtualusdc_1h\session_summary.json,C:\Users\o3-Pro\Documents\backtest_results\_builder_sessions\20260331_213702_strat_gie_de_momentum_sur_virtualusdc_1h,23416545e63920ce883208f1dbee17c979ee8480dc19d7a4a86a35205add8b2c,31728,2026-03-31T21:37:02.000090,,failed,,VIRTUALUSDC,1h,4,,0.0,-50.0,
1692,20260331_214102_strat_gie_de_regime_adaptatif_sur_banana,C:\Users\o3-Pro\Documents\backtest_results\_builder_sessions\20260331_214102_strat_gie_de_regime_adaptatif_sur_banana\session_summary.json,C:\Users\o3-Pro\Documents\backtest_results\_builder_sessions\20260331_214102_strat_gie_de_regime_adaptatif_sur_banana,0a365eed45d23a389887c0e5c4a24bc8f1fd70a96fd90ccdac7431479b1493b0,26280,2026-03-31T21:41:02.023388,,failed,,BANANAUSDC,4h,3,,0.0,-50.0,
1693,20260331_214233_strat_gie_de_trend_following_sur_dolousd,C:\Users\o3-Pro\Documents\backtest_results\_builder_sessions\20260331_214233_strat_gie_de_trend_following_sur_dolousd\session_summary.json,C:\Users\o3-Pro\Documents\backtest_results\_builder_sessions\20260331_214233_strat_gie_de_trend_following_sur_dolousd,8b25a5badfc6ed46bc37b6017e1f54ebfdce145c7b084799231f546feee5359f,34940,2026-03-31T21:42:33.726415,,failed,,HBARUSDC,3m,4,,0.0,-50.0,
1694,20260331_214438_strat_gie_de_multi_factor_sur_neirousdc,C:\Users\o3-Pro\Documents\backtest_results\_builder_sessions\20260331_214438_strat_gie_de_multi_factor_sur_neirousdc\session_summary.json,C:\Users\o3-Pro\Documents\backtest_results\_builder_sessions\20260331_214438_strat_gie_de_multi_factor_sur_neirousdc,69a4bc7e23a5baabd01525c51f6697fa8c87f3916fd15d26206e13e8bc7a39cd,50174,2026-03-31T21:44:38.980572,,failed,,NEIROUSDC,15m,6,,0.0,-50.0,
1695,20260331_214546_strat_gie_de_scalping_sur_sophusdc_15m_i,C:\Users\o3-Pro\Documents\backtest_results\_builder_sessions\20260331_214546_strat_gie_de_scalping_sur_sophusdc_15m_i\session_summary.json,C:\Users\o3-Pro\Documents\backtest_results\_builder_sessions\20260331_214546_strat_gie_de_scalping_sur_sophusdc_15m_i,f721c0a6a2722878e63165c86524f985fbef5c683867376d5dba65e0178e5f82,42056,2026-03-31T21:45:46.767763,,failed,,SOPHUSDC,15m,6,,0.0,-50.0,
1696,20260331_215017_strat_gie_de_breakout_sur_kernelusdc_30m,C:\Users\o3-Pro\Documents\backtest_results\_builder_sessions\20260331_215017_strat_gie_de_breakout_sur_kernelusdc_30m\session_summary.json,C:\Users\o3-Pro\Documents\backtest_results\_builder_sessions\20260331_215017_strat_gie_de_breakout_sur_kernelusdc_30m,22dbae4d893d9aa0f68404d4e851aa8f9df52a858aa5e28ddca191dffa6f55b8,45416,2026-03-31T21:50:17.242842,,failed,,MATICUSDC,15m,6,,0.0,-26.0,
1697,20260331_215026_strat_gie_de_momentum_sur_allousdc_1h_in,C:\Users\o3-Pro\Documents\backtest_results\_builder_sessions\20260331_215026_strat_gie_de_momentum_sur_allousdc_1h_in\session_summary.json,C:\Users\o3-Pro\Documents\backtest_results\_builder_sessions\20260331_215026_strat_gie_de_momentum_sur_allousdc_1h_in,55409f1c5b326a84ae9803fa120367373210e64c28df37c86c70ab4550fb0e71,41596,2026-03-31T21:50:26.637488,,failed,,ALLOUSDC,1h,6,,0.2974219698486894,-26.0,
1698,20260331_215424_strat_gie_de_regime_adaptatif_sur_galaus,C:\Users\o3-Pro\Documents\backtest_results\_builder_sessions\20260331_215424_strat_gie_de_regime_adaptatif_sur_galaus\session_summary.json,C:\Users\o3-Pro\Documents\backtest_results\_builder_sessions\20260331_215424_strat_gie_de_regime_adaptatif_sur_galaus,2adbb5af2561c1ca78252049036c5a27d25aa78c7b550b467c145987718e974b,39652,2026-03-31T21:54:24.123081,,failed,,GALAUSDC,1d,5,,0.19317802707490886,-50.0,
1699,20260331_215512_strat_gie_de_mean_reversion_sur_dolousdc,C:\Users\o3-Pro\Documents\backtest_results\_builder_sessions\20260331_215512_strat_gie_de_mean_reversion_sur_dolousdc\session_summary.json,C:\Users\o3-Pro\Documents\backtest_results\_builder_sessions\20260331_215512_strat_gie_de_mean_reversion_sur_dolousdc,e4aadc0b3618d151e5a1afad206d8839f3b966cbaf14b27e499ac14e5232873e,24568,2026-03-31T21:55:12.769632,,failed,,DOLOUSDC,30m,3,,0.0,-50.0,
1700,20260331_215842_strat_gie_de_breakout_sur_jtousdc_15m_in,C:\Users\o3-Pro\Documents\backtest_results\_builder_sessions\20260331_215842_strat_gie_de_breakout_sur_jtousdc_15m_in\session_summary.json,C:\Users\o3-Pro\Documents\backtest_results\_builder_sessions\20260331_215842_strat_gie_de_breakout_sur_jtousdc_15m_in,c3149b104c7bff0ac902688e4550594fe34c5cff23d9ac97a35961a534030df0,50731,2026-03-31T21:58:42.065588,,failed,,JTOUSDC,15m,6,,0.0,-26.0,
1701,20260331_215927_strat_gie_de_scalping_sur_zkcusdc_1d_ind,C:\Users\o3-Pro\Documents\backtest_results\_builder_sessions\20260331_215927_strat_gie_de_scalping_sur_zkcusdc_1d_ind\session_summary.json,C:\Users\o3-Pro\Documents\backtest_results\_builder_sessions\20260331_215927_strat_gie_de_scalping_sur_zkcusdc_1d_ind,559396673224a933b371634dbb3c019c92b02e8ba8acc42c92d8b89c1cd90bf6,49028,2026-03-31T21:59:27.621088,,failed,,HBARUSDC,3m,6,,0.0,-26.0,
1702,20260331_220602_strat_gie_de_trend_following_sur_bananau,C:\Users\o3-Pro\Documents\backtest_results\_builder_sessions\20260331_220602_strat_gie_de_trend_following_sur_bananau\session_summary.json,C:\Users\o3-Pro\Documents\backtest_results\_builder_sessions\20260331_220602_strat_gie_de_trend_following_sur_bananau,c18590d64fd95102efa0fed041658f37aace53e08f4c53772b70c88df781a512,44777,2026-03-31T22:06:02.778612,,failed,,BANANAUSDC,15m,5,,0.0,-50.0,
1703,20260331_220610_strat_gie_de_multi_factor_sur_avntusdc_4,C:\Users\o3-Pro\Documents\backtest_results\_builder_sessions\20260331_220610_strat_gie_de_multi_factor_sur_avntusdc_4\session_summary.json,C:\Users\o3-Pro\Documents\backtest_results\_builder_sessions\20260331_220610_strat_gie_de_multi_factor_sur_avntusdc_4,b3fd982931c3695cd48e125617357c4d65ae813a5500d0c1ca9b1565348b8918,25895,2026-03-31T22:06:10.633821,,success,,AVNTUSDC,4h,3,,2.618884723213297,-50.0,
1704,20260331_220937_strat_gie_sur_jupusdc_1d_generate_a_trad,C:\Users\o3-Pro\Documents\backtest_results\_builder_sessions\20260331_220937_strat_gie_sur_jupusdc_1d_generate_a_trad\session_summary.json,C:\Users\o3-Pro\Documents\backtest_results\_builder_sessions\20260331_220937_strat_gie_sur_jupusdc_1d_generate_a_trad,0f8d5362b855eb85d48b22439ee3415540c33895a3bd119163554ede40ce16f8,49229,2026-03-31T22:09:37.988035,,failed,,JUPUSDC,1d,6,,0.06091455212109836,-26.0,
1705,20260331_221201_strat_gie_de_breakout_sur_hbarusdc_4h_in,C:\Users\o3-Pro\Documents\backtest_results\_builder_sessions\20260331_221201_strat_gie_de_breakout_sur_hbarusdc_4h_in\session_summary.json,C:\Users\o3-Pro\Documents\backtest_results\_builder_sessions\20260331_221201_strat_gie_de_breakout_sur_hbarusdc_4h_in,e270d6e8b5d86397b73f42bc0959a5701af872070d1f8880c93690dffbdde955,44387,2026-03-31T22:12:01.064222,,failed,,HBARUSDC,4h,6,,0.0,-26.0,
1706,20260331_221445_strat_gie_sur_allousdc_5m_optimize_tradi,C:\Users\o3-Pro\Documents\backtest_results\_builder_sessions\20260331_221445_strat_gie_sur_allousdc_5m_optimize_tradi\session_summary.json,C:\Users\o3-Pro\Documents\backtest_results\_builder_sessions\20260331_221445_strat_gie_sur_allousdc_5m_optimize_tradi,208ac71dff6de531f8f0876410a071d5217a0e40164865de9a721e32aff7555e,38995,2026-03-31T22:14:45.518547,,failed,,ALLOUSDC,5m,5,,0.0,-26.0,
1707,20260331_221557_strat_gie_de_mean_reversion_sur_taousdc,C:\Users\o3-Pro\Documents\backtest_results\_builder_sessions\20260331_221557_strat_gie_de_mean_reversion_sur_taousdc\session_summary.json,C:\Users\o3-Pro\Documents\backtest_results\_builder_sessions\20260331_221557_strat_gie_de_mean_reversion_sur_taousdc,70eade1d9ae0f02d3dc1046deff88699b287028f5ff0d79383cd17a572877e75,78047,2026-03-31T22:15:57.872839,,max_iterations,,TAOUSDC,4h,10,,0.6057691887637155,-26.0,
1708,20260331_221847_strat_gie_sur_kernelusdc_30m_g_n_re_une,C:\Users\o3-Pro\Documents\backtest_results\_builder_sessions\20260331_221847_strat_gie_sur_kernelusdc_30m_g_n_re_une\session_summary.json,C:\Users\o3-Pro\Documents\backtest_results\_builder_sessions\20260331_221847_strat_gie_sur_kernelusdc_30m_g_n_re_une,5bc43e5e971ba21b9a70364f933e833304347b2e866bc12f8f3563ceb41a38c7,47479,2026-03-31T22:18:47.092096,,failed,,KERNELUSDC,30m,6,,0.0,-26.0,
1709,20260331_222354_strat_gie_sur_injusdc_30m_generate_a_tra,C:\Users\o3-Pro\Documents\backtest_results\_builder_sessions\20260331_222354_strat_gie_sur_injusdc_30m_generate_a_tra\session_summary.json,C:\Users\o3-Pro\Documents\backtest_results\_builder_sessions\20260331_222354_strat_gie_sur_injusdc_30m_generate_a_tra,886b87c0b90c48b5e7ccae09c7976eb3d21778053eb47313babec575ace45b9f,25461,2026-03-31T22:23:54.466237,,failed,,INJUSDC,30m,3,,0.0,-50.0,
1710,20260331_222354_strat_gie_sur_tiausdc_30m_obtenir_un_ren,C:\Users\o3-Pro\Documents\backtest_results\_builder_sessions\20260331_222354_strat_gie_sur_tiausdc_30m_obtenir_un_ren\session_summary.json,C:\Users\o3-Pro\Documents\backtest_results\_builder_sessions\20260331_222354_strat_gie_sur_tiausdc_30m_obtenir_un_ren,fbfe0f1eeb154c7d16dd8305bf65208be2bcc24d42dcef2cb0127a1161091fe9,46468,2026-03-31T22:23:54.213354,,failed,,TIAUSDC,30m,6,,0.0,-26.0,
1711,20260331_222713_generate_a_trading_strategy_with_at_leas,C:\Users\o3-Pro\Documents\backtest_results\_builder_sessions\20260331_222713_generate_a_trading_strategy_with_at_leas\session_summary.json,C:\Users\o3-Pro\Documents\backtest_results\_builder_sessions\20260331_222713_generate_a_trading_strategy_with_at_leas,480aaf89469eb721b670dff1b9b5c78d00814926fbe8e8d9b33819b784a577b7,48389,2026-03-31T22:27:13.320191,,failed,,ETHUSDC,5m,6,,0.0,-26.0,
1712,20260331_223120_strat_gie_de_trend_following_sur_jtousdc,C:\Users\o3-Pro\Documents\backtest_results\_builder_sessions\20260331_223120_strat_gie_de_trend_following_sur_jtousdc\session_summary.json,C:\Users\o3-Pro\Documents\backtest_results\_builder_sessions\20260331_223120_strat_gie_de_trend_following_sur_jtousdc,56ea9693df207cdad8ac20b1122c002501430321f0b72ab0c3b96dc591cf2b83,49817,2026-03-31T22:31:20.498675,,failed,,MATICUSDC,15m,6,,0.0,-26.0,
1713,20260331_223203_strat_gie_sur_api3usdc_15m_maximiser_le,C:\Users\o3-Pro\Documents\backtest_results\_builder_sessions\20260331_223203_strat_gie_sur_api3usdc_15m_maximiser_le\session_summary.json,C:\Users\o3-Pro\Documents\backtest_results\_builder_sessions\20260331_223203_strat_gie_sur_api3usdc_15m_maximiser_le,c43ca0e27c8d1e5a1bf253c02615648a985b945392443c8a142691e0b2ebaccf,44333,2026-03-31T22:32:03.752081,,failed,,API3USDC,15m,6,,0.0,-26.0,
1714,20260331_223647_strat_gie_sur_arbusdc_1d_generate_a_trad,C:\Users\o3-Pro\Documents\backtest_results\_builder_sessions\20260331_223647_strat_gie_sur_arbusdc_1d_generate_a_trad\session_summary.json,C:\Users\o3-Pro\Documents\backtest_results\_builder_sessions\20260331_223647_strat_gie_sur_arbusdc_1d_generate_a_trad,debf4014dde0135f6402c54d28ad7d88213b7194904d2a36a11eace1fb0b7e3f,31850,2026-03-31T22:36:47.368887,,failed,,ARBUSDC,1d,3,,0.0,-50.0,
1715,20260331_223755_strat_gie_de_momentum_sur_omusdc_1h_indi,C:\Users\o3-Pro\Documents\backtest_results\_builder_sessions\20260331_223755_strat_gie_de_momentum_sur_omusdc_1h_indi\session_summary.json,C:\Users\o3-Pro\Documents\backtest_results\_builder_sessions\20260331_223755_strat_gie_de_momentum_sur_omusdc_1h_indi,d763eba53105139b926f450d6ecb726af06c7fbd7ec46d112a6a070da55618cd,48693,2026-03-31T22:37:55.445810,,failed,,OMUSDC,1h,6,,0.0,-26.0,
1716,20260331_223935_strat_gie_de_multi_factor_sur_penguusdc,C:\Users\o3-Pro\Documents\backtest_results\_builder_sessions\20260331_223935_strat_gie_de_multi_factor_sur_penguusdc\session_summary.json,C:\Users\o3-Pro\Documents\backtest_results\_builder_sessions\20260331_223935_strat_gie_de_multi_factor_sur_penguusdc,e0de7735c0864e3a3351bdb2092acb5a65716f3a92ff7531dddfb2abe2618e5e,44457,2026-03-31T22:39:35.725297,,failed,,HBARUSDC,3m,6,,0.0,-26.0,
1717,20260331_224208_strat_gie_de_mean_reversion_sur_jtousdc,C:\Users\o3-Pro\Documents\backtest_results\_builder_sessions\20260331_224208_strat_gie_de_mean_reversion_sur_jtousdc\session_summary.json,C:\Users\o3-Pro\Documents\backtest_results\_builder_sessions\20260331_224208_strat_gie_de_mean_reversion_sur_jtousdc,143c6a428d0300248e40fb949265dfbd49186bff547c75d25c723de8684fa720,41842,2026-03-31T22:42:08.891478,,failed,,JTOUSDC,30m,6,,0.0,-26.0,
1718,20260331_224415_strat_gie_de_trend_following_sur_xlmusdc,C:\Users\o3-Pro\Documents\backtest_results\_builder_sessions\20260331_224415_strat_gie_de_trend_following_sur_xlmusdc\session_summary.json,C:\Users\o3-Pro\Documents\backtest_results\_builder_sessions\20260331_224415_strat_gie_de_trend_following_sur_xlmusdc,da83828c8c46b4e167f75ba7923b33744880dd1f114d050ccc44902e385335d6,27973,2026-03-31T22:44:15.024742,,failed,,XLMUSDC,30m,3,,0.0,-50.0,
1719,20260331_224512_strat_gie_de_momentum_sur_mmtusdc_5m_ind,C:\Users\o3-Pro\Documents\backtest_results\_builder_sessions\20260331_224512_strat_gie_de_momentum_sur_mmtusdc_5m_ind\session_summary.json,C:\Users\o3-Pro\Documents\backtest_results\_builder_sessions\20260331_224512_strat_gie_de_momentum_sur_mmtusdc_5m_ind,42fbb719a21fc5586910010691b1894947bd020b9d12d17a95733859af96b9ce,44460,2026-03-31T22:45:12.586907,,failed,,MMTUSDC,5m,6,,0.0,-26.0,
1720,20260331_224746_strat_gie_de_scalping_sur_partiusdc_4h_i,C:\Users\o3-Pro\Documents\backtest_results\_builder_sessions\20260331_224746_strat_gie_de_scalping_sur_partiusdc_4h_i\session_summary.json,C:\Users\o3-Pro\Documents\backtest_results\_builder_sessions\20260331_224746_strat_gie_de_scalping_sur_partiusdc_4h_i,7f0a868fd1b90e6092798cbd9f97d2951dee843452dbf351c602e25e2d39b11a,18054,2026-03-31T22:47:46.527351,,success,,PARTIUSDC,4h,3,,1.3357831393987567,-50.0,
1721,20260331_224945_strat_gie_de_regime_adaptatif_sur_jtousd,C:\Users\o3-Pro\Documents\backtest_results\_builder_sessions\20260331_224945_strat_gie_de_regime_adaptatif_sur_jtousd\session_summary.json,C:\Users\o3-Pro\Documents\backtest_results\_builder_sessions\20260331_224945_strat_gie_de_regime_adaptatif_sur_jtousd,f8adfc3be0e1fdf742ab2dff66588db9d985d897196208e5645ffdb4147fa333,41905,2026-03-31T22:49:45.748040,,failed,,MATICUSDC,15m,5,,0.0,-50.0,
1722,20260331_224951_strat_gie_sur_ethusdc_1h_identify_tradin,C:\Users\o3-Pro\Documents\backtest_results\_builder_sessions\20260331_224951_strat_gie_sur_ethusdc_1h_identify_tradin\session_summary.json,C:\Users\o3-Pro\Documents\backtest_results\_builder_sessions\20260331_224951_strat_gie_sur_ethusdc_1h_identify_tradin,56a4703978dc6265a698f8453deb00750bb2cc5a9bac107467d4c7efd7b82e40,54121,2026-03-31T22:49:51.885690,,failed,,ETHUSDC,1h,6,,0.0,-26.0,
1723,20260331_225429_strat_gie_de_multi_factor_sur_susdc_3m_i,C:\Users\o3-Pro\Documents\backtest_results\_builder_sessions\20260331_225429_strat_gie_de_multi_factor_sur_susdc_3m_i\session_summary.json,C:\Users\o3-Pro\Documents\backtest_results\_builder_sessions\20260331_225429_strat_gie_de_multi_factor_sur_susdc_3m_i,2230482ab99a8d940951265315de80467e52ffa4082f0528e6e7aa98ec1f6e7c,45187,2026-03-31T22:54:29.338354,,failed,,SUSDC,3m,5,,0.0,-50.0,
1724,20260331_225712_strat_gie_sur_proveusdc_5m_generate_a_tr,C:\Users\o3-Pro\Documents\backtest_results\_builder_sessions\20260331_225712_strat_gie_sur_proveusdc_5m_generate_a_tr\session_summary.json,C:\Users\o3-Pro\Documents\backtest_results\_builder_sessions\20260331_225712_strat_gie_sur_proveusdc_5m_generate_a_tr,9fe48389bb512adef3f558de4e907050840ac69cf4ada3ee00310e802ac874d4,48674,2026-03-31T22:57:12.938370,,failed,,PROVEUSDC,5m,6,,0.0,-26.0,
1725,20260331_230032_strat_gie_de_momentum_sur_sagausdc_1h_in,C:\Users\o3-Pro\Documents\backtest_results\_builder_sessions\20260331_230032_strat_gie_de_momentum_sur_sagausdc_1h_in\session_summary.json,C:\Users\o3-Pro\Documents\backtest_results\_builder_sessions\20260331_230032_strat_gie_de_momentum_sur_sagausdc_1h_in,e08f1259a7082a5a9583eda028e81fd29c53946d5fbfb67c3a13aecbce5e5690,55732,2026-03-31T23:00:32.044399,,failed,,SAGAUSDC,1h,7,,0.40597030140666157,-26.0,
1726,20260331_230152_strat_gie_sur_solusdc_5m_generate_a_trad,C:\Users\o3-Pro\Documents\backtest_results\_builder_sessions\20260331_230152_strat_gie_sur_solusdc_5m_generate_a_trad\session_summary.json,C:\Users\o3-Pro\Documents\backtest_results\_builder_sessions\20260331_230152_strat_gie_sur_solusdc_5m_generate_a_trad,ab25ff6a95073b7c845171764a9713c61ea36fd701a6e276328b3ae172f00d2e,43166,2026-03-31T23:01:52.033771,,failed,,SOLUSDC,5m,6,,0.0,-26.0,
1727,20260331_230551_strat_gie_sur_neirousdc_30m_fondre_une_s,C:\Users\o3-Pro\Documents\backtest_results\_builder_sessions\20260331_230551_strat_gie_sur_neirousdc_30m_fondre_une_s\session_summary.json,C:\Users\o3-Pro\Documents\backtest_results\_builder_sessions\20260331_230551_strat_gie_sur_neirousdc_30m_fondre_une_s,9cf635e76fa7234571ba740872acf3b4ac4bb043fc8bc704e18700c74ce5f023,36228,2026-03-31T23:05:51.923882,,failed,,NEIROUSDC,30m,4,,0.0,-50.0,
1728,20260331_230641_strat_gie_de_trend_following_sur_omusdc,C:\Users\o3-Pro\Documents\backtest_results\_builder_sessions\20260331_230641_strat_gie_de_trend_following_sur_omusdc\session_summary.json,C:\Users\o3-Pro\Documents\backtest_results\_builder_sessions\20260331_230641_strat_gie_de_trend_following_sur_omusdc,b4dfc0e6c5140e71f52b7db98a02cf10756ad9ee0d31b879a04ee4cfa83434ce,65900,2026-03-31T23:06:41.933871,,success,,OMUSDC,1d,9,,1.012255099319403,-26.0,
1729,20260331_230944_strat_gie_de_breakout_sur_nearusdc_5m_in,C:\Users\o3-Pro\Documents\backtest_results\_builder_sessions\20260331_230944_strat_gie_de_breakout_sur_nearusdc_5m_in\session_summary.json,C:\Users\o3-Pro\Documents\backtest_results\_builder_sessions\20260331_230944_strat_gie_de_breakout_sur_nearusdc_5m_in,04f0e44b1609040e8969a8d77e4ed3321490ee6ac7025250fb72112bf1fedbf6,50009,2026-03-31T23:09:44.384644,,failed,,HBARUSDC,3m,6,,0.0,-26.0,
1730,20260331_231222_strat_gie_sur_mmtusdc_4h_generate_a_trad,C:\Users\o3-Pro\Documents\backtest_results\_builder_sessions\20260331_231222_strat_gie_sur_mmtusdc_4h_generate_a_trad\session_summary.json,C:\Users\o3-Pro\Documents\backtest_results\_builder_sessions\20260331_231222_strat_gie_sur_mmtusdc_4h_generate_a_trad,dab203e001be068e97f9bf1b921112ef0ad12690c3793044ad858bdcacba577d,49121,2026-03-31T23:12:22.401184,,failed,,MMTUSDC,4h,6,,0.0,-26.0,
1731,20260331_231425_strat_gie_de_regime_adaptatif_sur_crvusd,C:\Users\o3-Pro\Documents\backtest_results\_builder_sessions\20260331_231425_strat_gie_de_regime_adaptatif_sur_crvusd\session_summary.json,C:\Users\o3-Pro\Documents\backtest_results\_builder_sessions\20260331_231425_strat_gie_de_regime_adaptatif_sur_crvusd,c44346e7dbb2af24dee4d6e900807a6183288215dfb3bbc532a62eb6a20a955c,41790,2026-03-31T23:14:25.201453,,failed,,CRVUSDC,3m,5,,0.0,-26.0,
1732,20260331_231821_strat_gie_sur_ethusdc_5m_atteindre_une_c,C:\Users\o3-Pro\Documents\backtest_results\_builder_sessions\20260331_231821_strat_gie_sur_ethusdc_5m_atteindre_une_c\session_summary.json,C:\Users\o3-Pro\Documents\backtest_results\_builder_sessions\20260331_231821_strat_gie_sur_ethusdc_5m_atteindre_une_c,cdc6ebf2012f74e692bf445530d06de3b850cbcd64dae241844d37bb88013bcf,46579,2026-03-31T23:18:21.977813,,failed,,ETHUSDC,5m,6,,0.0,-26.0,
1733,20260331_231826_strat_gie_de_scalping_sur_hbarusdc_4h_in,C:\Users\o3-Pro\Documents\backtest_results\_builder_sessions\20260331_231826_strat_gie_de_scalping_sur_hbarusdc_4h_in\session_summary.json,C:\Users\o3-Pro\Documents\backtest_results\_builder_sessions\20260331_231826_strat_gie_de_scalping_sur_hbarusdc_4h_in,01212c76ad1d1df9eb7cada3a9c5e81815772a0db92656f2518f7471f77d529f,72217,2026-03-31T23:18:26.726465,,failed,,HBARUSDC,4h,9,,0.690138323457335,-26.0,
1734,20260331_232350_strat_gie_sur_layerusdc_30m_generate_a_t,C:\Users\o3-Pro\Documents\backtest_results\_builder_sessions\20260331_232350_strat_gie_sur_layerusdc_30m_generate_a_t\session_summary.json,C:\Users\o3-Pro\Documents\backtest_results\_builder_sessions\20260331_232350_strat_gie_sur_layerusdc_30m_generate_a_t,237c71667085e30ae753fe86cd516026e6de61cb10021387f7b6fd36234956ba,26201,2026-03-31T23:23:50.502408,,failed,,LAYERUSDC,30m,3,,0.0,-50.0,
1735,20260331_232603_strat_gie_de_trend_following_sur_humausd,C:\Users\o3-Pro\Documents\backtest_results\_builder_sessions\20260331_232603_strat_gie_de_trend_following_sur_humausd\session_summary.json,C:\Users\o3-Pro\Documents\backtest_results\_builder_sessions\20260331_232603_strat_gie_de_trend_following_sur_humausd,41d5e45573e5b56f03e5449913b5f8e7ffde7b1ee3f23882e84fdd11f1da8422,60310,2026-03-31T23:26:03.920065,,failed,,HUMAUSDC,15m,9,,0.0,-26.0,
1736,20260331_232710_strat_gie_sur_tstusdc_30m_generate_a_tra,C:\Users\o3-Pro\Documents\backtest_results\_builder_sessions\20260331_232710_strat_gie_sur_tstusdc_30m_generate_a_tra\session_summary.json,C:\Users\o3-Pro\Documents\backtest_results\_builder_sessions\20260331_232710_strat_gie_sur_tstusdc_30m_generate_a_tra,d9329264618dcf9d5ebf6d98efb064643d250511166f6d32e7301f165a182013,34005,2026-03-31T23:27:10.586693,,failed,,TSTUSDC,30m,4,,0.08559927154581602,-50.0,
1737,20260331_233145_strat_gie_de_momentum_sur_turbousdc_5m_i,C:\Users\o3-Pro\Documents\backtest_results\_builder_sessions\20260331_233145_strat_gie_de_momentum_sur_turbousdc_5m_i\session_summary.json,C:\Users\o3-Pro\Documents\backtest_results\_builder_sessions\20260331_233145_strat_gie_de_momentum_sur_turbousdc_5m_i,6400681d7fa955f4f4dc904c5c63321e628259027ba9e35a8b593e43ccaf7a35,26114,2026-03-31T23:31:45.090677,,failed,,HBARUSDC,3m,3,,0.0,-50.0,
1738,20260331_233148_strat_gie_de_multi_factor_sur_hemiusdc_3,C:\Users\o3-Pro\Documents\backtest_results\_builder_sessions\20260331_233148_strat_gie_de_multi_factor_sur_hemiusdc_3\session_summary.json,C:\Users\o3-Pro\Documents\backtest_results\_builder_sessions\20260331_233148_strat_gie_de_multi_factor_sur_hemiusdc_3,14f7cc1667ce290050cc6b0e13ba4a2d291b1dbf41ae7c36bf09a2635e51bf9b,35540,2026-03-31T23:31:48.691222,,failed,,MATICUSDC,15m,4,,0.0,-50.0,
1739,20260331_233552_strat_gie_de_mean_reversion_sur_humausdc,C:\Users\o3-Pro\Documents\backtest_results\_builder_sessions\20260331_233552_strat_gie_de_mean_reversion_sur_humausdc\session_summary.json,C:\Users\o3-Pro\Documents\backtest_results\_builder_sessions\20260331_233552_strat_gie_de_mean_reversion_sur_humausdc,f464c64636f019dfa0bf077b824d93dfa1ca15a202097a4d6ad6be1744ef7868,44907,2026-03-31T23:35:52.804683,,failed,,HUMAUSDC,5m,6,,0.0,-26.0,
1740,20260331_233559_strat_gie_de_regime_adaptatif_sur_bchusd,C:\Users\o3-Pro\Documents\backtest_results\_builder_sessions\20260331_233559_strat_gie_de_regime_adaptatif_sur_bchusd\session_summary.json,C:\Users\o3-Pro\Documents\backtest_results\_builder_sessions\20260331_233559_strat_gie_de_regime_adaptatif_sur_bchusd,57ee28072ffe0b6c7d783aa375aa35e17467959e19fd82dabe392796926a33be,49543,2026-03-31T23:35:59.432193,,failed,,BCHUSDC,4h,6,,0.0,-26.0,
1741,20260331_234042_strat_gie_de_scalping_sur_galausdc_1d_in,C:\Users\o3-Pro\Documents\backtest_results\_builder_sessions\20260331_234042_strat_gie_de_scalping_sur_galausdc_1d_in\session_summary.json,C:\Users\o3-Pro\Documents\backtest_results\_builder_sessions\20260331_234042_strat_gie_de_scalping_sur_galausdc_1d_in,de7eabf66052893b7003ec40728c55cf1e98bbe333023f501da6aeafc1cd04e7,69847,2026-03-31T23:40:42.994690,,failed,,GALAUSDC,1d,9,,0.11584438615879873,35.803578602440446,
1742,20260331_234105_strat_gie_de_multi_factor_sur_neirousdc,C:\Users\o3-Pro\Documents\backtest_results\_builder_sessions\20260331_234105_strat_gie_de_multi_factor_sur_neirousdc\session_summary.json,C:\Users\o3-Pro\Documents\backtest_results\_builder_sessions\20260331_234105_strat_gie_de_multi_factor_sur_neirousdc,83e134e08212ee1fcc70dfcd62190cac13a9c5b5fe6ef44826f913cc1d0a004d,49754,2026-03-31T23:41:05.185934,,failed,,NEIROUSDC,1h,6,,0.0,-26.0,
1743,20260331_234727_strat_gie_de_breakout_sur_avntusdc_3m_in,C:\Users\o3-Pro\Documents\backtest_results\_builder_sessions\20260331_234727_strat_gie_de_breakout_sur_avntusdc_3m_in\session_summary.json,C:\Users\o3-Pro\Documents\backtest_results\_builder_sessions\20260331_234727_strat_gie_de_breakout_sur_avntusdc_3m_in,73b357e7a154b4af6e7d42c8ff2b01550c935575ed5a25a57542720b0bd8098e,42151,2026-03-31T23:47:27.129401,,failed,,AVNTUSDC,3m,6,,0.0,-26.0,
1744,20260331_234823_strat_gie_de_momentum_sur_memeusdc_5m_in,C:\Users\o3-Pro\Documents\backtest_results\_builder_sessions\20260331_234823_strat_gie_de_momentum_sur_memeusdc_5m_in\session_summary.json,C:\Users\o3-Pro\Documents\backtest_results\_builder_sessions\20260331_234823_strat_gie_de_momentum_sur_memeusdc_5m_in,e8da9846ae728532eb6129dbaadc4db70fbd6f4a36d64470399d6f7a79d7db7f,42116,2026-03-31T23:48:23.204896,,failed,,MEMEUSDC,5m,5,,0.0,-50.0,
1745,20260331_235050_strat_gie_de_trend_following_sur_kernelu,C:\Users\o3-Pro\Documents\backtest_results\_builder_sessions\20260331_235050_strat_gie_de_trend_following_sur_kernelu\session_summary.json,C:\Users\o3-Pro\Documents\backtest_results\_builder_sessions\20260331_235050_strat_gie_de_trend_following_sur_kernelu,ff003c1e040b3f6354952c8900b4080359d56fef1c1acae51aac6359eb35a9aa,53675,2026-03-31T23:50:50.251078,,failed,,MATICUSDC,15m,6,,0.0,-50.0,
1746,20260331_235205_strat_gie_de_mean_reversion_sur_xrpusdc,C:\Users\o3-Pro\Documents\backtest_results\_builder_sessions\20260331_235205_strat_gie_de_mean_reversion_sur_xrpusdc\session_summary.json,C:\Users\o3-Pro\Documents\backtest_results\_builder_sessions\20260331_235205_strat_gie_de_mean_reversion_sur_xrpusdc,0c1a9b396acea819014ce274d2f7c5e2b2d30b80e971be853eb185dcf468a161,37503,2026-03-31T23:52:05.950341,,failed,,HBARUSDC,3m,5,,0.0,-26.0,
1747,20260331_235739_strat_gie_de_scalping_sur_zkcusdc_1h_ind,C:\Users\o3-Pro\Documents\backtest_results\_builder_sessions\20260331_235739_strat_gie_de_scalping_sur_zkcusdc_1h_ind\session_summary.json,C:\Users\o3-Pro\Documents\backtest_results\_builder_sessions\20260331_235739_strat_gie_de_scalping_sur_zkcusdc_1h_ind,bcf5c1a1a4fb7a27a6dd6c2b1d0e0d8b52daa890ee73e3e673240242d62b0a11,70876,2026-03-31T23:57:39.635042,,failed,,ZKCUSDC,1h,9,,0.45871879621239814,-50.0,
1748,20260331_235927_strat_gie_de_regime_adaptatif_sur_cakeus,C:\Users\o3-Pro\Documents\backtest_results\_builder_sessions\20260331_235927_strat_gie_de_regime_adaptatif_sur_cakeus\session_summary.json,C:\Users\o3-Pro\Documents\backtest_results\_builder_sessions\20260331_235927_strat_gie_de_regime_adaptatif_sur_cakeus,039635779659bf99da25f45d6336dc2ae1ed8cdafed78e4a6c51290c7ab5509a,26193,2026-03-31T23:59:27.085842,,failed,,CAKEUSDC,5m,3,,0.0,-50.0,
1749,20260401_000250_strat_gie_de_multi_factor_sur_animeusdc,C:\Users\o3-Pro\Documents\backtest_results\_builder_sessions\20260401_000250_strat_gie_de_multi_factor_sur_animeusdc\session_summary.json,C:\Users\o3-Pro\Documents\backtest_results\_builder_sessions\20260401_000250_strat_gie_de_multi_factor_sur_animeusdc,b2dedef6aa825da647f70d267ab9a6a9fd039fb089c308ad77b0729e480ff19d,26317,2026-04-01T00:02:50.915660,,failed,,ANIMEUSDC,30m,3,,0.0,-50.0,
1750,20260401_000314_strat_gie_de_mean_reversion_sur_nearusdc,C:\Users\o3-Pro\Documents\backtest_results\_builder_sessions\20260401_000314_strat_gie_de_mean_reversion_sur_nearusdc\session_summary.json,C:\Users\o3-Pro\Documents\backtest_results\_builder_sessions\20260401_000314_strat_gie_de_mean_reversion_sur_nearusdc,e322e51d89e5f553b7ee5428eb6da477b59159ccfd17505c6a12aad5b6f3d5bc,31857,2026-04-01T00:03:14.201333,,failed,,NEARUSDC,3m,4,,0.0,-26.0,
1751,20260401_000519_strat_gie_de_scalping_sur_hemiusdc_15m_i,C:\Users\o3-Pro\Documents\backtest_results\_builder_sessions\20260401_000519_strat_gie_de_scalping_sur_hemiusdc_15m_i\session_summary.json,C:\Users\o3-Pro\Documents\backtest_results\_builder_sessions\20260401_000519_strat_gie_de_scalping_sur_hemiusdc_15m_i,669c9cf4237b8968555f08330b646b01a4b80b52a4c30fbca9054ca353002785,42341,2026-04-01T00:05:19.349031,,failed,,HEMIUSDC,15m,6,,0.0,-26.0,
1752,20260401_000646_strat_gie_de_breakout_sur_humausdc_30m_i,C:\Users\o3-Pro\Documents\backtest_results\_builder_sessions\20260401_000646_strat_gie_de_breakout_sur_humausdc_30m_i\session_summary.json,C:\Users\o3-Pro\Documents\backtest_results\_builder_sessions\20260401_000646_strat_gie_de_breakout_sur_humausdc_30m_i,cf47e504dba7eaede30a8656ebe56158a9bed565a5f58e23b251c60f58cda519,50511,2026-04-01T00:06:46.712952,,failed,,HUMAUSDC,30m,6,,0.0,-26.0,
1753,20260401_000920_strat_gie_de_regime_adaptatif_sur_jtousd,C:\Users\o3-Pro\Documents\backtest_results\_builder_sessions\20260401_000920_strat_gie_de_regime_adaptatif_sur_jtousd\session_summary.json,C:\Users\o3-Pro\Documents\backtest_results\_builder_sessions\20260401_000920_strat_gie_de_regime_adaptatif_sur_jtousd,fa2f8cc86f7137b4c3c1fbf82fb0b9185fc8c9437a0256238ecf4f895cf86181,51658,2026-04-01T00:09:20.758890,,failed,,MATICUSDC,15m,6,,0.0,-26.0,
1754,20260401_001125_strat_gie_de_mean_reversion_sur_xrpusdc,C:\Users\o3-Pro\Documents\backtest_results\_builder_sessions\20260401_001125_strat_gie_de_mean_reversion_sur_xrpusdc\session_summary.json,C:\Users\o3-Pro\Documents\backtest_results\_builder_sessions\20260401_001125_strat_gie_de_mean_reversion_sur_xrpusdc,e87c2dd63c00571a8ba8a0eb32cea4d656983dae275d9ed6a6401851bad689fc,43487,2026-04-01T00:11:25.058604,,failed,,HBARUSDC,3m,5,,0.0,-50.0,
1755,20260401_001446_strat_gie_de_scalping_sur_turbousdc_1d_i,C:\Users\o3-Pro\Documents\backtest_results\_builder_sessions\20260401_001446_strat_gie_de_scalping_sur_turbousdc_1d_i\session_summary.json,C:\Users\o3-Pro\Documents\backtest_results\_builder_sessions\20260401_001446_strat_gie_de_scalping_sur_turbousdc_1d_i,45320c50201f3fb09de639cecfe6185c53085917a4ec3e8f2f7dd8f9747aa6ef,44109,2026-04-01T00:14:46.118521,,failed,,TURBOUSDC,1d,6,,0.0,-26.0,
1756,20260401_001528_strat_gie_de_multi_factor_sur_xlmusdc_1d,C:\Users\o3-Pro\Documents\backtest_results\_builder_sessions\20260401_001528_strat_gie_de_multi_factor_sur_xlmusdc_1d\session_summary.json,C:\Users\o3-Pro\Documents\backtest_results\_builder_sessions\20260401_001528_strat_gie_de_multi_factor_sur_xlmusdc_1d,6de0628c978b95c8b280178e436c106203acab749c7b5423d65f454de8b42014,26930,2026-04-01T00:15:28.781365,,failed,,XLMUSDC,1d,3,,0.0,-50.0,
1757,20260401_001812_strat_gie_de_trend_following_sur_nomusdc,C:\Users\o3-Pro\Documents\backtest_results\_builder_sessions\20260401_001812_strat_gie_de_trend_following_sur_nomusdc\session_summary.json,C:\Users\o3-Pro\Documents\backtest_results\_builder_sessions\20260401_001812_strat_gie_de_trend_following_sur_nomusdc,269f792a3537831786502c7656986715506c4ffc9d7734caf1109532f9bdd039,40036,2026-04-01T00:18:12.102240,,max_iterations,,NOMUSDC,15m,10,,0.0,-50.0,
1758,20260401_001843_strat_gie_de_regime_adaptatif_sur_hbarus,C:\Users\o3-Pro\Documents\backtest_results\_builder_sessions\20260401_001843_strat_gie_de_regime_adaptatif_sur_hbarus\session_summary.json,C:\Users\o3-Pro\Documents\backtest_results\_builder_sessions\20260401_001843_strat_gie_de_regime_adaptatif_sur_hbarus,b49a6ff4106fde56de6d1f5eee0cc1077227d092acf896689650d4a43d330474,49349,2026-04-01T00:18:43.962104,,failed,,HBARUSDC,5m,6,,0.0,-26.0,
1759,20260401_002401_objective_generate_a_trading_strategy_w,C:\Users\o3-Pro\Documents\backtest_results\_builder_sessions\20260401_002401_objective_generate_a_trading_strategy_w\session_summary.json,C:\Users\o3-Pro\Documents\backtest_results\_builder_sessions\20260401_002401_objective_generate_a_trading_strategy_w,e4e07786feb8624f1a567713ae3475e4b918f5b273e912c7443707f36afa9910,73874,2026-04-01T00:24:01.212937,,failed,,FLOKIUSDC,1h,9,,0.5838574909890988,-26.0,
1760,20260401_002452_strat_gie_de_scalping_sur_hbarusdc_4h_in,C:\Users\o3-Pro\Documents\backtest_results\_builder_sessions\20260401_002452_strat_gie_de_scalping_sur_hbarusdc_4h_in\session_summary.json,C:\Users\o3-Pro\Documents\backtest_results\_builder_sessions\20260401_002452_strat_gie_de_scalping_sur_hbarusdc_4h_in,9b8926eaee69f4d11fae0250a9d2997197b6fe77ddc4f2ef4140da135587fea3,40799,2026-04-01T00:24:52.952334,,failed,,HBARUSDC,4h,6,,0.0,-50.0,
1761,20260401_002849_strat_gie_de_mean_reversion_sur_dolousdc,C:\Users\o3-Pro\Documents\backtest_results\_builder_sessions\20260401_002849_strat_gie_de_mean_reversion_sur_dolousdc\session_summary.json,C:\Users\o3-Pro\Documents\backtest_results\_builder_sessions\20260401_002849_strat_gie_de_mean_reversion_sur_dolousdc,cc7ca1f65168bb459d1137be730880e07e7139c845a1833805b4a38db6c011de,32885,2026-04-01T00:28:49.703420,,failed,,HBARUSDC,3m,4,,0.0,-50.0,
1762,20260401_003148_strat_gie_sur_rayusdc_30m_atteindre_un_r,C:\Users\o3-Pro\Documents\backtest_results\_builder_sessions\20260401_003148_strat_gie_sur_rayusdc_30m_atteindre_un_r\session_summary.json,C:\Users\o3-Pro\Documents\backtest_results\_builder_sessions\20260401_003148_strat_gie_sur_rayusdc_30m_atteindre_un_r,5d7ac9feb46a0c2fb2afcb12cfc7fba4ec78211d137508c3b41b8be51c452fb9,49176,2026-04-01T00:31:48.639254,,failed,,RAYUSDC,30m,6,,0.0,-26.0,
1763,20260401_003226_strat_gie_de_breakout_sur_api3usdc_1h_in,C:\Users\o3-Pro\Documents\backtest_results\_builder_sessions\20260401_003226_strat_gie_de_breakout_sur_api3usdc_1h_in\session_summary.json,C:\Users\o3-Pro\Documents\backtest_results\_builder_sessions\20260401_003226_strat_gie_de_breakout_sur_api3usdc_1h_in,5177749aaad5c0aa0c90b1d9d73ec8cf1b438e0d0167128b44c7870bfae86482,43396,2026-04-01T00:32:26.977976,,failed,,API3USDC,1h,6,,0.6802825191731867,-26.0,
1764,20260401_003632_strat_gie_sur_tstusdc_4h_maximiser_les_p,C:\Users\o3-Pro\Documents\backtest_results\_builder_sessions\20260401_003632_strat_gie_sur_tstusdc_4h_maximiser_les_p\session_summary.json,C:\Users\o3-Pro\Documents\backtest_results\_builder_sessions\20260401_003632_strat_gie_sur_tstusdc_4h_maximiser_les_p,b87af6a639bbf5076afabd9a87203de3b7e79def8aa0e78eb7cc8e28626b7246,47096,2026-04-01T00:36:32.778350,,failed,,TSTUSDC,4h,6,,0.0,-26.0,
1765,20260401_003702_strat_gie_de_momentum_sur_hbarusdc_30m_i,C:\Users\o3-Pro\Documents\backtest_results\_builder_sessions\20260401_003702_strat_gie_de_momentum_sur_hbarusdc_30m_i\session_summary.json,C:\Users\o3-Pro\Documents\backtest_results\_builder_sessions\20260401_003702_strat_gie_de_momentum_sur_hbarusdc_30m_i,ac7fb4c5489e54eb2d74c9c9cae1bf213b1ae130e447a62aef15bf542eb2cde4,42045,2026-04-01T00:37:02.461607,,failed,,HBARUSDC,30m,6,,0.0,-26.0,
1766,20260401_004055_strat_gie_de_scalping_sur_dydxusdc_5m_in,C:\Users\o3-Pro\Documents\backtest_results\_builder_sessions\20260401_004055_strat_gie_de_scalping_sur_dydxusdc_5m_in\session_summary.json,C:\Users\o3-Pro\Documents\backtest_results\_builder_sessions\20260401_004055_strat_gie_de_scalping_sur_dydxusdc_5m_in,aec60b297c64e164aac6ff58c3152e08dbe0d14596c26526cbe17c6d7f966f4e,35290,2026-04-01T00:40:55.236431,,failed,,DYDXUSDC,5m,4,,0.0,-50.0,
1767,20260401_004158_strat_gie_sur_runeusdc_1d_atteindre_un_r,C:\Users\o3-Pro\Documents\backtest_results\_builder_sessions\20260401_004158_strat_gie_sur_runeusdc_1d_atteindre_un_r\session_summary.json,C:\Users\o3-Pro\Documents\backtest_results\_builder_sessions\20260401_004158_strat_gie_sur_runeusdc_1d_atteindre_un_r,f2283c1dfd97841d1c0ad6f5c1243519ae4f733d751e2e14ad2b23cae6b4c49e,41352,2026-04-01T00:41:58.108466,,failed,,RUNEUSDC,1d,6,,0.0,-26.0,
1768,20260401_004511_strat_gie_de_multi_factor_sur_xlmusdc_1d,C:\Users\o3-Pro\Documents\backtest_results\_builder_sessions\20260401_004511_strat_gie_de_multi_factor_sur_xlmusdc_1d\session_summary.json,C:\Users\o3-Pro\Documents\backtest_results\_builder_sessions\20260401_004511_strat_gie_de_multi_factor_sur_xlmusdc_1d,6f6f57dab11a3a91a0f3e04df142be483a044bc9b2f228404086830c7d9fc4c4,35065,2026-04-01T00:45:11.712438,,failed,,HBARUSDC,3m,4,,0.0,-50.0,
1769,20260401_004612_strat_gie_de_mean_reversion_sur_hbarusdc,C:\Users\o3-Pro\Documents\backtest_results\_builder_sessions\20260401_004612_strat_gie_de_mean_reversion_sur_hbarusdc\session_summary.json,C:\Users\o3-Pro\Documents\backtest_results\_builder_sessions\20260401_004612_strat_gie_de_mean_reversion_sur_hbarusdc,4ad183d5b5cbeb3c89664f1249a22e6c134b5a6dfe8d6161a23c7849809c8663,46057,2026-04-01T00:46:12.444153,,failed,,MATICUSDC,15m,6,,0.0,-26.0,
1770,20260401_004925_strat_gie_de_trend_following_sur_zkcusdc,C:\Users\o3-Pro\Documents\backtest_results\_builder_sessions\20260401_004925_strat_gie_de_trend_following_sur_zkcusdc\session_summary.json,C:\Users\o3-Pro\Documents\backtest_results\_builder_sessions\20260401_004925_strat_gie_de_trend_following_sur_zkcusdc,d9d7c6daec02986add0c9903d6b97ae60215b1be7f1d4de2778f070054bbd59a,34452,2026-04-01T00:49:25.902234,,failed,,ZKCUSDC,15m,4,,0.5439136079903508,-50.0,
1771,20260401_005146_strat_gie_de_scalping_sur_xrpusdc_1d_ind,C:\Users\o3-Pro\Documents\backtest_results\_builder_sessions\20260401_005146_strat_gie_de_scalping_sur_xrpusdc_1d_ind\session_summary.json,C:\Users\o3-Pro\Documents\backtest_results\_builder_sessions\20260401_005146_strat_gie_de_scalping_sur_xrpusdc_1d_ind,e3ce4c118ff9ebc9d9181af025eab8b85cfa1339eaa31d1578309e38417a8c7f,34998,2026-04-01T00:51:46.583680,,failed,,XRPUSDC,1d,4,,0.4761479535487457,-50.0,
1772,20260401_005309_strat_gie_de_breakout_sur_penguusdc_3m_i,C:\Users\o3-Pro\Documents\backtest_results\_builder_sessions\20260401_005309_strat_gie_de_breakout_sur_penguusdc_3m_i\session_summary.json,C:\Users\o3-Pro\Documents\backtest_results\_builder_sessions\20260401_005309_strat_gie_de_breakout_sur_penguusdc_3m_i,8c91bde86a9c8c718096d11a9d07c7c1c8ceb0ae7d3dc3bd61efa2729e6f0c1b,48564,2026-04-01T00:53:09.549468,,failed,,PENGUUSDC,3m,6,,0.0,-50.0,
1773,20260401_005514_strat_gie_de_regime_adaptatif_sur_rayusd,C:\Users\o3-Pro\Documents\backtest_results\_builder_sessions\20260401_005514_strat_gie_de_regime_adaptatif_sur_rayusd\session_summary.json,C:\Users\o3-Pro\Documents\backtest_results\_builder_sessions\20260401_005514_strat_gie_de_regime_adaptatif_sur_rayusd,c0f9b71d4effff47dc987c2a1efda6d1873c21b62c28303e21bdfecfe36ab8c2,44377,2026-04-01T00:55:14.473761,,failed,,RAYUSDC,5m,6,,0.0,-50.0,
1774,20260401_005911_strat_gie_de_momentum_sur_bananausdc_15m,C:\Users\o3-Pro\Documents\backtest_results\_builder_sessions\20260401_005911_strat_gie_de_momentum_sur_bananausdc_15m\session_summary.json,C:\Users\o3-Pro\Documents\backtest_results\_builder_sessions\20260401_005911_strat_gie_de_momentum_sur_bananausdc_15m,78c092d1bd11df52eb12d4f5aeafbb1ffa472bc405300005abe0067e5e355355,33866,2026-04-01T00:59:11.951159,,failed,,BANANAUSDC,15m,4,,0.0,-50.0,
1775,20260401_005927_strat_gie_de_multi_factor_sur_dolousdc_1,C:\Users\o3-Pro\Documents\backtest_results\_builder_sessions\20260401_005927_strat_gie_de_multi_factor_sur_dolousdc_1\session_summary.json,C:\Users\o3-Pro\Documents\backtest_results\_builder_sessions\20260401_005927_strat_gie_de_multi_factor_sur_dolousdc_1,8caf16f5cdedea571a098697801540a5337685300574ee1fe3521eeae58cf92c,46219,2026-04-01T00:59:27.906355,,failed,,DOLOUSDC,1h,6,,0.0,-26.0,
1776,20260401_010257_strat_gie_de_scalping_sur_humausdc_1w_in,C:\Users\o3-Pro\Documents\backtest_results\_builder_sessions\20260401_010257_strat_gie_de_scalping_sur_humausdc_1w_in\session_summary.json,C:\Users\o3-Pro\Documents\backtest_results\_builder_sessions\20260401_010257_strat_gie_de_scalping_sur_humausdc_1w_in,d4d4bd6ce2138027ccacfa091d4810a4e2893df550a9fdce94f53f745abf750e,28515,2026-04-01T01:02:57.224717,,failed,,HBARUSDC,3m,3,,0.0,-50.0,
1777,20260401_010509_strat_gie_de_trend_following_sur_neirous,C:\Users\o3-Pro\Documents\backtest_results\_builder_sessions\20260401_010509_strat_gie_de_trend_following_sur_neirous\session_summary.json,C:\Users\o3-Pro\Documents\backtest_results\_builder_sessions\20260401_010509_strat_gie_de_trend_following_sur_neirous,1ff4faf73b37f17482657785ae91e48825f74f202d6d2e93e987a3cc0c23d075,25795,2026-04-01T01:05:09.580496,,failed,,MATICUSDC,15m,3,,0.0,-50.0,
1778,20260401_010642_strat_gie_de_breakout_sur_api3usdc_1h_in,C:\Users\o3-Pro\Documents\backtest_results\_builder_sessions\20260401_010642_strat_gie_de_breakout_sur_api3usdc_1h_in\session_summary.json,C:\Users\o3-Pro\Documents\backtest_results\_builder_sessions\20260401_010642_strat_gie_de_breakout_sur_api3usdc_1h_in,4c4625fa2fb2c30dac04210ae92fad005dbb0b486e3703ec4c845050354beff2,47787,2026-04-01T01:06:42.619031,,failed,,API3USDC,1h,6,,0.6802825191731867,-26.0,
1779,20260401_010832_strat_gie_de_multi_factor_sur_bfusdusdc,C:\Users\o3-Pro\Documents\backtest_results\_builder_sessions\20260401_010832_strat_gie_de_multi_factor_sur_bfusdusdc\session_summary.json,C:\Users\o3-Pro\Documents\backtest_results\_builder_sessions\20260401_010832_strat_gie_de_multi_factor_sur_bfusdusdc,4f4dac8f5234a29524ba54821e29a88d16707e4f0975a4b42dc299cf340486f0,37044,2026-04-01T01:08:32.851464,,failed,,BFUSDUSDC,1h,4,,0.0,-50.0,
1780,20260401_011130_strat_gie_de_momentum_sur_hmstrusdc_4h_i,C:\Users\o3-Pro\Documents\backtest_results\_builder_sessions\20260401_011130_strat_gie_de_momentum_sur_hmstrusdc_4h_i\session_summary.json,C:\Users\o3-Pro\Documents\backtest_results\_builder_sessions\20260401_011130_strat_gie_de_momentum_sur_hmstrusdc_4h_i,d71f2eb4d47d365814475c5f992a119846b3f37d2bd8075724b21ca511aeb5b8,34406,2026-04-01T01:11:30.159540,,failed,,HMSTRUSDC,4h,6,,0.0,-26.0,
1781,20260401_011231_strat_gie_de_trend_following_sur_omusdc,C:\Users\o3-Pro\Documents\backtest_results\_builder_sessions\20260401_011231_strat_gie_de_trend_following_sur_omusdc\session_summary.json,C:\Users\o3-Pro\Documents\backtest_results\_builder_sessions\20260401_011231_strat_gie_de_trend_following_sur_omusdc,5ace247638b724e46beaa71b87861a4f77fa101b7c9cb37f9a015112eedb81ec,42558,2026-04-01T01:12:31.250459,,failed,,OMUSDC,15m,5,,0.0,-50.0,
1782,20260401_011447_strat_gie_de_breakout_sur_euriusdc_1h_in,C:\Users\o3-Pro\Documents\backtest_results\_builder_sessions\20260401_011447_strat_gie_de_breakout_sur_euriusdc_1h_in\session_summary.json,C:\Users\o3-Pro\Documents\backtest_results\_builder_sessions\20260401_011447_strat_gie_de_breakout_sur_euriusdc_1h_in,a322fb428142bc461bde98e566bb84e573b82cabf191a13c32a358b82a175f94,48936,2026-04-01T01:14:47.198254,,failed,,EURIUSDC,1h,6,,0.0,-50.0,
1783,20260401_011649_strat_gie_de_scalping_sur_aptusdc_5m_ind,C:\Users\o3-Pro\Documents\backtest_results\_builder_sessions\20260401_011649_strat_gie_de_scalping_sur_aptusdc_5m_ind\session_summary.json,C:\Users\o3-Pro\Documents\backtest_results\_builder_sessions\20260401_011649_strat_gie_de_scalping_sur_aptusdc_5m_ind,c6dc9a06890a1ae85314b40dfa5707e50e3e11d1e39580855c74b2ad87e6c49c,51194,2026-04-01T01:16:49.787536,,failed,,APTUSDC,5m,6,,0.0,-50.0,
1784,20260401_011846_strat_gie_de_momentum_sur_dolousdc_4h_in,C:\Users\o3-Pro\Documents\backtest_results\_builder_sessions\20260401_011846_strat_gie_de_momentum_sur_dolousdc_4h_in\session_summary.json,C:\Users\o3-Pro\Documents\backtest_results\_builder_sessions\20260401_011846_strat_gie_de_momentum_sur_dolousdc_4h_in,35a26d54f85ed805c56f95ca93a4a1ad0d4157ea92b3a8900880e508b3cb84d6,40035,2026-04-01T01:18:46.910332,,failed,,HBARUSDC,3m,5,,0.0,-50.0,
1785,20260401_012420_strat_gie_de_multi_factor_sur_jtousdc_1h,C:\Users\o3-Pro\Documents\backtest_results\_builder_sessions\20260401_012420_strat_gie_de_multi_factor_sur_jtousdc_1h\session_summary.json,C:\Users\o3-Pro\Documents\backtest_results\_builder_sessions\20260401_012420_strat_gie_de_multi_factor_sur_jtousdc_1h,993ebdf98c4dc4af44f24e26deeba2c6ab1b191bf2853be5ee4fd3b1e5f04e8d,49423,2026-04-01T01:24:20.936081,,failed,,MATICUSDC,15m,6,,0.0,-26.0,
1786,20260401_012428_strat_gie_de_breakout_sur_galausdc_5m_in,C:\Users\o3-Pro\Documents\backtest_results\_builder_sessions\20260401_012428_strat_gie_de_breakout_sur_galausdc_5m_in\session_summary.json,C:\Users\o3-Pro\Documents\backtest_results\_builder_sessions\20260401_012428_strat_gie_de_breakout_sur_galausdc_5m_in,9370051499d86ff58ebf0f9b86729c02475eceeaa62afc587b01592a04bf2725,44597,2026-04-01T01:24:28.764733,,failed,,GALAUSDC,5m,5,,0.0,-50.0,
1787,20260401_012922_strat_gie_de_trend_following_sur_eigenus,C:\Users\o3-Pro\Documents\backtest_results\_builder_sessions\20260401_012922_strat_gie_de_trend_following_sur_eigenus\session_summary.json,C:\Users\o3-Pro\Documents\backtest_results\_builder_sessions\20260401_012922_strat_gie_de_trend_following_sur_eigenus,410d0e508cc11e4af999f14da44350fafc01d83b4c720c7cb9ac61c8299d2378,41839,2026-04-01T01:29:22.245512,,failed,,EIGENUSDC,30m,5,,0.0,-50.0,
1788,20260401_013022_strat_gie_de_regime_adaptatif_sur_hemius,C:\Users\o3-Pro\Documents\backtest_results\_builder_sessions\20260401_013022_strat_gie_de_regime_adaptatif_sur_hemius\session_summary.json,C:\Users\o3-Pro\Documents\backtest_results\_builder_sessions\20260401_013022_strat_gie_de_regime_adaptatif_sur_hemius,a8162bcc15bb8a60882d0ba09ec805757519250c1e40b5c57aa66e10afd9f243,62223,2026-04-01T01:30:22.176868,,failed,,HEMIUSDC,1h,7,,0.6472734630044574,-26.0,
1789,20260401_013537_strat_gie_de_momentum_sur_galausdc_30m_i,C:\Users\o3-Pro\Documents\backtest_results\_builder_sessions\20260401_013537_strat_gie_de_momentum_sur_galausdc_30m_i\session_summary.json,C:\Users\o3-Pro\Documents\backtest_results\_builder_sessions\20260401_013537_strat_gie_de_momentum_sur_galausdc_30m_i,dddf7562b5066195a67ca7abffb921bddeeb8f330c4655421f6db09d9781f18b,23765,2026-04-01T01:35:37.878419,,failed,,GALAUSDC,30m,3,,0.0,-50.0,
1790,20260401_013751_strat_gie_de_mean_reversion_sur_hbarusdc,C:\Users\o3-Pro\Documents\backtest_results\_builder_sessions\20260401_013751_strat_gie_de_mean_reversion_sur_hbarusdc\session_summary.json,C:\Users\o3-Pro\Documents\backtest_results\_builder_sessions\20260401_013751_strat_gie_de_mean_reversion_sur_hbarusdc,0702f988da15cb56e97713664024a0f9799ce550f15ef4445e17d6e49fcc113e,48884,2026-04-01T01:37:51.912232,,failed,,HBARUSDC,1w,6,,0.0,-26.0,
1791,20260401_013823_strat_gie_de_multi_factor_sur_zkcusdc_1w,C:\Users\o3-Pro\Documents\backtest_results\_builder_sessions\20260401_013823_strat_gie_de_multi_factor_sur_zkcusdc_1w\session_summary.json,C:\Users\o3-Pro\Documents\backtest_results\_builder_sessions\20260401_013823_strat_gie_de_multi_factor_sur_zkcusdc_1w,78c95e4a7be4845ee7cc13eb0d81ad05bb6ae3a85dd1433c02e952f7c5d25069,40598,2026-04-01T01:38:23.287154,,failed,,HBARUSDC,3m,5,,0.0,-50.0,
1792,20260401_014230_strat_gie_de_trend_following_sur_strkusd,C:\Users\o3-Pro\Documents\backtest_results\_builder_sessions\20260401_014230_strat_gie_de_trend_following_sur_strkusd\session_summary.json,C:\Users\o3-Pro\Documents\backtest_results\_builder_sessions\20260401_014230_strat_gie_de_trend_following_sur_strkusd,2b94df2a56c3ea40bdc2ab35a90f5bd5512106ffccfe0ef3f1f5b563f58f2d61,38721,2026-04-01T01:42:30.593031,,failed,,STRKUSDC,1h,5,,0.0,-50.0,
1793,20260401_014303_strat_gie_de_momentum_sur_avaxusdc_1d_in,C:\Users\o3-Pro\Documents\backtest_results\_builder_sessions\20260401_014303_strat_gie_de_momentum_sur_avaxusdc_1d_in\session_summary.json,C:\Users\o3-Pro\Documents\backtest_results\_builder_sessions\20260401_014303_strat_gie_de_momentum_sur_avaxusdc_1d_in,54d28e8a2eea32c9a6fa9885249d825b55f4b9cc6f3993abf67669eff195b92b,43576,2026-04-01T01:43:03.857669,,failed,,AVAXUSDC,1d,6,,0.0,-26.0,
1794,20260401_014623_strat_gie_de_regime_adaptatif_sur_mmtusd,C:\Users\o3-Pro\Documents\backtest_results\_builder_sessions\20260401_014623_strat_gie_de_regime_adaptatif_sur_mmtusd\session_summary.json,C:\Users\o3-Pro\Documents\backtest_results\_builder_sessions\20260401_014623_strat_gie_de_regime_adaptatif_sur_mmtusd,52dba8c1d195f7f6862852499797bda59f59d81c3a33b241a1556692b4acfabb,46761,2026-04-01T01:46:23.331387,,failed,,MATICUSDC,15m,6,,0.0,-26.0,
1795,20260401_014628_strat_gie_de_breakout_sur_kiteusdc_15m_i,C:\Users\o3-Pro\Documents\backtest_results\_builder_sessions\20260401_014628_strat_gie_de_breakout_sur_kiteusdc_15m_i\session_summary.json,C:\Users\o3-Pro\Documents\backtest_results\_builder_sessions\20260401_014628_strat_gie_de_breakout_sur_kiteusdc_15m_i,8a4948270543c01d3c25d304c2c5e8441f30b0befad6b4d6456632ffa378d2a5,16225,2026-04-01T01:46:28.967048,,success,,KITEUSDC,15m,2,,1.3716526599869159,-50.0,
1796,20260401_014800_generate_a_trading_strategy_that_generat,C:\Users\o3-Pro\Documents\backtest_results\_builder_sessions\20260401_014800_generate_a_trading_strategy_that_generat\session_summary.json,C:\Users\o3-Pro\Documents\backtest_results\_builder_sessions\20260401_014800_generate_a_trading_strategy_that_generat,4b67c52a9454d6d83c8fd249627d44bcbae22850196f75bfcadd5e9cb24cc185,36070,2026-04-01T01:48:00.912505,,failed,,LTCUSDC,4h,4,,0.0,-50.0,
1797,20260401_015158_strat_gie_de_trend_following_sur_bananau,C:\Users\o3-Pro\Documents\backtest_results\_builder_sessions\20260401_015158_strat_gie_de_trend_following_sur_bananau\session_summary.json,C:\Users\o3-Pro\Documents\backtest_results\_builder_sessions\20260401_015158_strat_gie_de_trend_following_sur_bananau,a7234e7e2ee292b562c4bef4ffff2ffae79657869576b4708276702e19931696,64875,2026-04-01T01:51:58.133427,,failed,,BANANAUSDC,4h,9,,0.5525916115843948,-26.0,
1798,20260401_015234_strat_gie_sur_arbusdc_30m_atteindre_un_n,C:\Users\o3-Pro\Documents\backtest_results\_builder_sessions\20260401_015234_strat_gie_sur_arbusdc_30m_atteindre_un_n\session_summary.json,C:\Users\o3-Pro\Documents\backtest_results\_builder_sessions\20260401_015234_strat_gie_sur_arbusdc_30m_atteindre_un_n,3246193578496ba7b8ae4299a1dbfac0dcbd2e19421040b194296307f0d08fd6,46104,2026-04-01T01:52:34.345084,,failed,,ARBUSDC,30m,6,,0.0,-26.0,
1799,20260401_015637_strat_gie_sur_algousdc_30m_gagner_un_max,C:\Users\o3-Pro\Documents\backtest_results\_builder_sessions\20260401_015637_strat_gie_sur_algousdc_30m_gagner_un_max\session_summary.json,C:\Users\o3-Pro\Documents\backtest_results\_builder_sessions\20260401_015637_strat_gie_sur_algousdc_30m_gagner_un_max,90f505230c4dc6d6e3ddf2cae90d1eae1c09223e1dbca1775adea6d171e4b6b9,33973,2026-04-01T01:56:37.323639,,failed,,ALGOUSDC,30m,4,,0.0,-50.0,
1800,20260401_015823_strat_gie_de_mean_reversion_sur_mmtusdc,C:\Users\o3-Pro\Documents\backtest_results\_builder_sessions\20260401_015823_strat_gie_de_mean_reversion_sur_mmtusdc\session_summary.json,C:\Users\o3-Pro\Documents\backtest_results\_builder_sessions\20260401_015823_strat_gie_de_mean_reversion_sur_mmtusdc,a769929460c1e2d563fb6ebc1c38abfc6fa7ddc1f593635de7919ed739a41cbf,45936,2026-04-01T01:58:23.349944,,failed,,MMTUSDC,30m,6,,0.0,-26.0,
1801,20260401_020033_strat_gie_sur_morphousdc_1h_maximiser_le,C:\Users\o3-Pro\Documents\backtest_results\_builder_sessions\20260401_020033_strat_gie_sur_morphousdc_1h_maximiser_le\session_summary.json,C:\Users\o3-Pro\Documents\backtest_results\_builder_sessions\20260401_020033_strat_gie_sur_morphousdc_1h_maximiser_le,958d6b02352bfa8dcd3baab9e5e29964d82782c70c2c46eff385e89a43d989a0,43965,2026-04-01T02:00:33.459552,,failed,,MORPHOUSDC,1h,6,,0.0,-26.0,
1802,20260401_020258_strat_gie_de_momentum_sur_skyusdc_1d_ind,C:\Users\o3-Pro\Documents\backtest_results\_builder_sessions\20260401_020258_strat_gie_de_momentum_sur_skyusdc_1d_ind\session_summary.json,C:\Users\o3-Pro\Documents\backtest_results\_builder_sessions\20260401_020258_strat_gie_de_momentum_sur_skyusdc_1d_ind,e95c9c510170ed63b59c8b5edde2bb8c8be8b5d06c6b0af0f7a16fcc18225220,68417,2026-04-01T02:02:58.898607,,failed,,SKYUSDC,1d,9,,1.3829871034556027,-26.0,
1803,20260401_020505_strat_gie_de_multi_factor_sur_zkcusdc_1h,C:\Users\o3-Pro\Documents\backtest_results\_builder_sessions\20260401_020505_strat_gie_de_multi_factor_sur_zkcusdc_1h\session_summary.json,C:\Users\o3-Pro\Documents\backtest_results\_builder_sessions\20260401_020505_strat_gie_de_multi_factor_sur_zkcusdc_1h,dec63ceb6653a78aa2055daef90f2fbff4ff7230a4eba398f20ab554c25b5d93,49688,2026-04-01T02:05:05.105309,,failed,,HBARUSDC,3m,6,,0.0,-26.0,
1804,20260401_020958_strat_gie_de_breakout_sur_xrpusdc_5m_ind,C:\Users\o3-Pro\Documents\backtest_results\_builder_sessions\20260401_020958_strat_gie_de_breakout_sur_xrpusdc_5m_ind\session_summary.json,C:\Users\o3-Pro\Documents\backtest_results\_builder_sessions\20260401_020958_strat_gie_de_breakout_sur_xrpusdc_5m_ind,3d9b070df78b0599eef9f9e050adcddfd1236a0a87f813e45bee50206c6fe701,28059,2026-04-01T02:09:58.898234,,failed,,MATICUSDC,15m,3,,0.0,-50.0,
1805,20260401_021107_strat_gie_de_trend_following_sur_zenusdc,C:\Users\o3-Pro\Documents\backtest_results\_builder_sessions\20260401_021107_strat_gie_de_trend_following_sur_zenusdc\session_summary.json,C:\Users\o3-Pro\Documents\backtest_results\_builder_sessions\20260401_021107_strat_gie_de_trend_following_sur_zenusdc,638c8aa720b2043888b783e8f69228a29f10a49ef93ff804257960ebc24dd05b,41121,2026-04-01T02:11:07.207472,,failed,,ZENUSDC,1h,5,,0.0,-50.0,
1806,20260401_021423_strat_gie_de_mean_reversion_sur_skyusdc,C:\Users\o3-Pro\Documents\backtest_results\_builder_sessions\20260401_021423_strat_gie_de_mean_reversion_sur_skyusdc\session_summary.json,C:\Users\o3-Pro\Documents\backtest_results\_builder_sessions\20260401_021423_strat_gie_de_mean_reversion_sur_skyusdc,372f12ec9baba90cad8fa2db0775c5081f52cdb519e8d855c7b3a3146601799e,75020,2026-04-01T02:14:23.191600,,max_iterations,,SKYUSDC,30m,10,,0.552973767489919,33.57465466083378,
1807,20260401_021603_strat_gie_de_multi_factor_sur_api3usdc_3,C:\Users\o3-Pro\Documents\backtest_results\_builder_sessions\20260401_021603_strat_gie_de_multi_factor_sur_api3usdc_3\session_summary.json,C:\Users\o3-Pro\Documents\backtest_results\_builder_sessions\20260401_021603_strat_gie_de_multi_factor_sur_api3usdc_3,617aa3fd2d859e396ab7d518ece9f5f3b482b25c4ae4565ff5671de268695b00,24838,2026-04-01T02:16:03.573548,,failed,,API3USDC,30m,3,,0.0,-50.0,
1808,20260401_021853_strat_gie_de_breakout_sur_zbtusdc_5m_ind,C:\Users\o3-Pro\Documents\backtest_results\_builder_sessions\20260401_021853_strat_gie_de_breakout_sur_zbtusdc_5m_ind\session_summary.json,C:\Users\o3-Pro\Documents\backtest_results\_builder_sessions\20260401_021853_strat_gie_de_breakout_sur_zbtusdc_5m_ind,f4b67ea43e64e0535eea2c8e656143c19314215506e06fe4c355b9d29b62cafe,33671,2026-04-01T02:18:53.179246,,failed,,ZBTUSDC,5m,4,,0.0,-50.0,
1809,20260401_022246_strat_gie_de_momentum_sur_initusdc_3m_in,C:\Users\o3-Pro\Documents\backtest_results\_builder_sessions\20260401_022246_strat_gie_de_momentum_sur_initusdc_3m_in\session_summary.json,C:\Users\o3-Pro\Documents\backtest_results\_builder_sessions\20260401_022246_strat_gie_de_momentum_sur_initusdc_3m_in,c7e51f3f5531b87ff99fa968bd468892e2e44fdc627970cdd8f633f413689a1f,47444,2026-04-01T02:22:46.853344,,failed,,HBARUSDC,3m,6,,0.0,-50.0,
1810,20260401_022354_strat_gie_sur_bchusdc_15m_maximiser_les,C:\Users\o3-Pro\Documents\backtest_results\_builder_sessions\20260401_022354_strat_gie_sur_bchusdc_15m_maximiser_les\session_summary.json,C:\Users\o3-Pro\Documents\backtest_results\_builder_sessions\20260401_022354_strat_gie_sur_bchusdc_15m_maximiser_les,5b67b6523c5d79061cb0ebbc3de5bd8487d892f0c795bf9c1074f6a748507934,49462,2026-04-01T02:23:54.548239,,failed,,BCHUSDC,15m,6,,0.0,-26.0,
1811,20260401_022616_strat_gie_de_scalping_sur_bananausdc_4h,C:\Users\o3-Pro\Documents\backtest_results\_builder_sessions\20260401_022616_strat_gie_de_scalping_sur_bananausdc_4h\session_summary.json,C:\Users\o3-Pro\Documents\backtest_results\_builder_sessions\20260401_022616_strat_gie_de_scalping_sur_bananausdc_4h,f40a3f8359b50493cd9eb32ea7e92d8112036ca0eee7a045b742783fa717b288,50124,2026-04-01T02:26:16.016392,,failed,,BANANAUSDC,4h,6,,0.8115313279293334,-50.0,
1812,20260401_022848_objective_generar_una_estrategia_de_tra,C:\Users\o3-Pro\Documents\backtest_results\_builder_sessions\20260401_022848_objective_generar_una_estrategia_de_tra\session_summary.json,C:\Users\o3-Pro\Documents\backtest_results\_builder_sessions\20260401_022848_objective_generar_una_estrategia_de_tra,b1651026d39fec992d5ea7e9a8f48a0c4a59bf26eaf62bc449d32c2aa9b3e8b3,58451,2026-04-01T02:28:48.172837,,failed,,MATICUSDC,4h,9,,0.23061992367408402,-26.0,
1813,20260401_023036_strat_gie_de_regime_adaptatif_sur_solusd,C:\Users\o3-Pro\Documents\backtest_results\_builder_sessions\20260401_023036_strat_gie_de_regime_adaptatif_sur_solusd\session_summary.json,C:\Users\o3-Pro\Documents\backtest_results\_builder_sessions\20260401_023036_strat_gie_de_regime_adaptatif_sur_solusd,52b53d901c79a315b3c29a2b4799d8779176ce6be020621975b22dd721133219,31612,2026-04-01T02:30:36.482636,,failed,,SOLUSDC,5m,4,,0.0,-50.0,
1814,20260401_023410_strat_gie_sur_ybusdc_5m_generate_a_uniqu,C:\Users\o3-Pro\Documents\backtest_results\_builder_sessions\20260401_023410_strat_gie_sur_ybusdc_5m_generate_a_uniqu\session_summary.json,C:\Users\o3-Pro\Documents\backtest_results\_builder_sessions\20260401_023410_strat_gie_sur_ybusdc_5m_generate_a_uniqu,62ce129b06fff71aae167c61ea25a20cc096813222672c6a857468c36daba081,44033,2026-04-01T02:34:10.330759,,failed,,YBUSDC,5m,5,,0.0,-50.0,
1815,20260401_023527_strat_gie_de_trend_following_sur_xrpusdc,C:\Users\o3-Pro\Documents\backtest_results\_builder_sessions\20260401_023527_strat_gie_de_trend_following_sur_xrpusdc\session_summary.json,C:\Users\o3-Pro\Documents\backtest_results\_builder_sessions\20260401_023527_strat_gie_de_trend_following_sur_xrpusdc,c1a84026dc996c4e6596f290550710d76a0d2608eac2592f7c3bb50bd6072371,43731,2026-04-01T02:35:27.149072,,failed,,XRPUSDC,30m,6,,0.0,-26.0,
1816,20260401_023927_strat_gie_de_momentum_sur_turbousdc_15m,C:\Users\o3-Pro\Documents\backtest_results\_builder_sessions\20260401_023927_strat_gie_de_momentum_sur_turbousdc_15m\session_summary.json,C:\Users\o3-Pro\Documents\backtest_results\_builder_sessions\20260401_023927_strat_gie_de_momentum_sur_turbousdc_15m,52ed25e4f391560584c592ed88fbe107c11c530476a0787d2258e6a8a0957ab9,48234,2026-04-01T02:39:27.587453,,failed,,HBARUSDC,3m,6,,0.0,-26.0,
1817,20260401_024035_strat_gie_sur_zenusdc_5m_atteindre_une_c,C:\Users\o3-Pro\Documents\backtest_results\_builder_sessions\20260401_024035_strat_gie_sur_zenusdc_5m_atteindre_une_c\session_summary.json,C:\Users\o3-Pro\Documents\backtest_results\_builder_sessions\20260401_024035_strat_gie_sur_zenusdc_5m_atteindre_une_c,20c514208759c0141f4aecac271be7f1accb117c734ee9459129ef7f8fbd29d7,51696,2026-04-01T02:40:35.634187,,failed,,ZENUSDC,5m,6,,0.0,-26.0,
1818,20260401_024354_strat_gie_de_mean_reversion_sur_zkcusdc,C:\Users\o3-Pro\Documents\backtest_results\_builder_sessions\20260401_024354_strat_gie_de_mean_reversion_sur_zkcusdc\session_summary.json,C:\Users\o3-Pro\Documents\backtest_results\_builder_sessions\20260401_024354_strat_gie_de_mean_reversion_sur_zkcusdc,2e5e76e3bd5edf3b2e6c86d1cae1a3bfaf2ba664f559a4820610c3f189ab807b,44111,2026-04-01T02:43:54.922488,,failed,,ZKCUSDC,15m,6,,0.0,-26.0,
1819,20260401_024421_strat_gie_de_scalping_sur_omusdc_3m_indi,C:\Users\o3-Pro\Documents\backtest_results\_builder_sessions\20260401_024421_strat_gie_de_scalping_sur_omusdc_3m_indi\session_summary.json,C:\Users\o3-Pro\Documents\backtest_results\_builder_sessions\20260401_024421_strat_gie_de_scalping_sur_omusdc_3m_indi,42d8c19c6c27e977431715539f0b5b7e2fc78486eea0c9bd49df2b24404e82ef,45929,2026-04-01T02:44:21.789324,,failed,,MATICUSDC,15m,6,,0.0,-26.0,
1820,20260401_024825_strat_gie_de_trend_following_sur_hmstrus,C:\Users\o3-Pro\Documents\backtest_results\_builder_sessions\20260401_024825_strat_gie_de_trend_following_sur_hmstrus\session_summary.json,C:\Users\o3-Pro\Documents\backtest_results\_builder_sessions\20260401_024825_strat_gie_de_trend_following_sur_hmstrus,9622c6540812a104eade61d0a9e128bd3da3275115df71e1d06f503d344b3459,40195,2026-04-01T02:48:25.526948,,failed,,HMSTRUSDC,1d,5,,0.0,-50.0,
1821,20260401_024943_strat_gie_de_regime_adaptatif_sur_animeu,C:\Users\o3-Pro\Documents\backtest_results\_builder_sessions\20260401_024943_strat_gie_de_regime_adaptatif_sur_animeu\session_summary.json,C:\Users\o3-Pro\Documents\backtest_results\_builder_sessions\20260401_024943_strat_gie_de_regime_adaptatif_sur_animeu,b9c7fde1b9b1a0ade8cf81e2922c93e2fa43cabdf4c19c828eed932493521385,72139,2026-04-01T02:49:43.340386,,failed,,ANIMEUSDC,1h,9,,0.9236532533702831,-26.0,
1822,20260401_025308_strat_gie_de_momentum_sur_bbusdc_30m_ind,C:\Users\o3-Pro\Documents\backtest_results\_builder_sessions\20260401_025308_strat_gie_de_momentum_sur_bbusdc_30m_ind\session_summary.json,C:\Users\o3-Pro\Documents\backtest_results\_builder_sessions\20260401_025308_strat_gie_de_momentum_sur_bbusdc_30m_ind,e517481d347b66844f39243c1d83145a59a75007d976cd448d11fd54854cadce,34074,2026-04-01T02:53:08.967097,,failed,,BBUSDC,30m,4,,0.0,-50.0,
1823,20260401_025620_strat_gie_de_mean_reversion_sur_neirousd,C:\Users\o3-Pro\Documents\backtest_results\_builder_sessions\20260401_025620_strat_gie_de_mean_reversion_sur_neirousd\session_summary.json,C:\Users\o3-Pro\Documents\backtest_results\_builder_sessions\20260401_025620_strat_gie_de_mean_reversion_sur_neirousd,bdd8adb66e17861dec5641bab45586b31af80eebf4c4281258b13427b1df7f5b,39685,2026-04-01T02:56:20.581468,,failed,,NEIROUSDC,5m,6,,0.0,-50.0,
1824,20260401_025654_strat_gie_de_scalping_sur_zenusdc_3m_ind,C:\Users\o3-Pro\Documents\backtest_results\_builder_sessions\20260401_025654_strat_gie_de_scalping_sur_zenusdc_3m_ind\session_summary.json,C:\Users\o3-Pro\Documents\backtest_results\_builder_sessions\20260401_025654_strat_gie_de_scalping_sur_zenusdc_3m_ind,9de9cfd1d9aab2c34a6eb634f71c487716e28e6a6346664477ea34403cda4f5f,47538,2026-04-01T02:56:54.755470,,failed,,HBARUSDC,3m,6,,0.0,-26.0,
1825,20260401_030000_strat_gie_de_multi_factor_sur_mitousdc_3,C:\Users\o3-Pro\Documents\backtest_results\_builder_sessions\20260401_030000_strat_gie_de_multi_factor_sur_mitousdc_3\session_summary.json,C:\Users\o3-Pro\Documents\backtest_results\_builder_sessions\20260401_030000_strat_gie_de_multi_factor_sur_mitousdc_3,8cab8b25d2133710f685d2da65d150d520ba4149ff043abb755b6790f70ebc9a,49595,2026-04-01T03:00:00.236124,,failed,,MITOUSDC,30m,6,,0.0,-26.0,
1826,20260401_030303_strat_gie_de_regime_adaptatif_sur_penguu,C:\Users\o3-Pro\Documents\backtest_results\_builder_sessions\20260401_030303_strat_gie_de_regime_adaptatif_sur_penguu\session_summary.json,C:\Users\o3-Pro\Documents\backtest_results\_builder_sessions\20260401_030303_strat_gie_de_regime_adaptatif_sur_penguu,3dd2821e9c40cde032a4278436a660f152936defa48c33e6d20fdcfc10426653,45880,2026-04-01T03:03:03.522289,,failed,,PENGUUSDC,1h,6,,0.0,-26.0,
1827,20260401_030528_strat_gie_de_trend_following_sur_tstusdc,C:\Users\o3-Pro\Documents\backtest_results\_builder_sessions\20260401_030528_strat_gie_de_trend_following_sur_tstusdc\session_summary.json,C:\Users\o3-Pro\Documents\backtest_results\_builder_sessions\20260401_030528_strat_gie_de_trend_following_sur_tstusdc,351dfd2c64d243b2bbe8601312ec953cc808cf83ecebcf6b0639ba86ff8d7c65,39812,2026-04-01T03:05:28.885131,,failed,,MATICUSDC,15m,5,,0.0,-50.0,
1828,20260401_030754_strat_gie_de_mean_reversion_sur_polusdc,C:\Users\o3-Pro\Documents\backtest_results\_builder_sessions\20260401_030754_strat_gie_de_mean_reversion_sur_polusdc\session_summary.json,C:\Users\o3-Pro\Documents\backtest_results\_builder_sessions\20260401_030754_strat_gie_de_mean_reversion_sur_polusdc,c6d9520aba74ff93225d572ec522468847752eec2f57774ed83e6ff65006bc44,40490,2026-04-01T03:07:54.496008,,failed,,POLUSDC,4h,5,,0.0,-50.0,
1829,20260401_030922_strat_gie_de_breakout_sur_bankusdc_1h_in,C:\Users\o3-Pro\Documents\backtest_results\_builder_sessions\20260401_030922_strat_gie_de_breakout_sur_bankusdc_1h_in\session_summary.json,C:\Users\o3-Pro\Documents\backtest_results\_builder_sessions\20260401_030922_strat_gie_de_breakout_sur_bankusdc_1h_in,5d94fea1d5e5fdef25f9c8639091bf42da04885def5815bad57bdc1918ec7fb5,19611,2026-04-01T03:09:22.979026,,success,,BANKUSDC,1h,2,,1.907779523393095,-50.0,
1830,20260401_031057_strat_gie_sur_2zusdc_4h_atteindre_un_roi,C:\Users\o3-Pro\Documents\backtest_results\_builder_sessions\20260401_031057_strat_gie_sur_2zusdc_4h_atteindre_un_roi\session_summary.json,C:\Users\o3-Pro\Documents\backtest_results\_builder_sessions\20260401_031057_strat_gie_sur_2zusdc_4h_atteindre_un_roi,faa2410e8859f38cdbcd3545da3b4ff7549798aed8aafc67c9d6cf0e98f5df99,34292,2026-04-01T03:10:57.804019,,success,,2ZUSDC,4h,4,,1.277727059577761,-50.0,
1831,20260401_031137_strat_gie_de_momentum_sur_ethusdc_4h_ind,C:\Users\o3-Pro\Documents\backtest_results\_builder_sessions\20260401_031137_strat_gie_de_momentum_sur_ethusdc_4h_ind\session_summary.json,C:\Users\o3-Pro\Documents\backtest_results\_builder_sessions\20260401_031137_strat_gie_de_momentum_sur_ethusdc_4h_ind,9717e0bf61d4ad84813c7f5833db8cd6d6f2989e3760d190aa3a9efb286878e1,25166,2026-04-01T03:11:37.877504,,failed,,ETHUSDC,4h,3,,0.0,-50.0,
1832,20260401_031330_strat_gie_sur_seiusdc_1d_generate_a_trad,C:\Users\o3-Pro\Documents\backtest_results\_builder_sessions\20260401_031330_strat_gie_sur_seiusdc_1d_generate_a_trad\session_summary.json,C:\Users\o3-Pro\Documents\backtest_results\_builder_sessions\20260401_031330_strat_gie_sur_seiusdc_1d_generate_a_trad,445fdd683c5a66834c2ccca6281089b762588c8861db31df95db4c70235aa2b6,45570,2026-04-01T03:13:30.385156,,failed,,SEIUSDC,1d,6,,0.0,-26.0,
1833,20260401_031434_strat_gie_de_regime_adaptatif_sur_xlmusd,C:\Users\o3-Pro\Documents\backtest_results\_builder_sessions\20260401_031434_strat_gie_de_regime_adaptatif_sur_xlmusd\session_summary.json,C:\Users\o3-Pro\Documents\backtest_results\_builder_sessions\20260401_031434_strat_gie_de_regime_adaptatif_sur_xlmusd,606f77de841f9a021575a1a57eb9add5d5ea1dc4c57d701dbef47a6e2f6674ec,54744,2026-04-01T03:14:34.701242,,failed,,HBARUSDC,3m,6,,0.0,-50.0,
1834,20260401_031729_generate_a_trading_strategy_that_incorpo,C:\Users\o3-Pro\Documents\backtest_results\_builder_sessions\20260401_031729_generate_a_trading_strategy_that_incorpo\session_summary.json,C:\Users\o3-Pro\Documents\backtest_results\_builder_sessions\20260401_031729_generate_a_trading_strategy_that_incorpo,beebaa1f559ea68c301f711570270fe30e2a127dc1c2d88188945bf4d791adc4,46548,2026-04-01T03:17:29.819547,,failed,,ICPUSDC,15m,6,,0.0,-26.0,
1835,20260401_032023_strat_gie_de_multi_factor_sur_bananausdc,C:\Users\o3-Pro\Documents\backtest_results\_builder_sessions\20260401_032023_strat_gie_de_multi_factor_sur_bananausdc\session_summary.json,C:\Users\o3-Pro\Documents\backtest_results\_builder_sessions\20260401_032023_strat_gie_de_multi_factor_sur_bananausdc,71587a6860552fdca8bc2d57ffa57e39212601da2246630474e4530a12e85a17,26753,2026-04-01T03:20:23.766595,,failed,,BANANAUSDC,1d,3,,0.0,-50.0,
1836,20260401_032136_strat_gie_sur_ethusdc_30m_optimize_tradi,C:\Users\o3-Pro\Documents\backtest_results\_builder_sessions\20260401_032136_strat_gie_sur_ethusdc_30m_optimize_tradi\session_summary.json,C:\Users\o3-Pro\Documents\backtest_results\_builder_sessions\20260401_032136_strat_gie_sur_ethusdc_30m_optimize_tradi,7bf250045c7d75fa14d8286c9b2302213127ece80eca0cc65f9788a67bc2f0a2,52371,2026-04-01T03:21:36.822858,,failed,,ETHUSDC,30m,6,,0.0,-50.0,
1837,20260401_032310_strat_gie_de_scalping_sur_qntusdc_4h_ind,C:\Users\o3-Pro\Documents\backtest_results\_builder_sessions\20260401_032310_strat_gie_de_scalping_sur_qntusdc_4h_ind\session_summary.json,C:\Users\o3-Pro\Documents\backtest_results\_builder_sessions\20260401_032310_strat_gie_de_scalping_sur_qntusdc_4h_ind,f57ec632139007a3bf30689cd752c8af308d5d786eac89c892e0e22b10562e57,10784,2026-04-01T03:23:10.292220,,success,,QNTUSDC,4h,1,,1.4500250917005149,100.0,
1838,20260401_032421_strat_gie_sur_eulusdc_5m_generate_a_trad,C:\Users\o3-Pro\Documents\backtest_results\_builder_sessions\20260401_032421_strat_gie_sur_eulusdc_5m_generate_a_trad\session_summary.json,C:\Users\o3-Pro\Documents\backtest_results\_builder_sessions\20260401_032421_strat_gie_sur_eulusdc_5m_generate_a_trad,0287c5559f5988e23b0b7184977e1b5ab7e7954135ea161b55950f1ca3c590e8,59698,2026-04-01T03:24:21.556704,,failed,,EULUSDC,5m,9,,0.0,-26.0,
1839,20260401_032723_generate_a_trading_strategy_that_incorpo,C:\Users\o3-Pro\Documents\backtest_results\_builder_sessions\20260401_032723_generate_a_trading_strategy_that_incorpo\session_summary.json,C:\Users\o3-Pro\Documents\backtest_results\_builder_sessions\20260401_032723_generate_a_trading_strategy_that_incorpo,8cb7945a251e9757933bbf992fb6737c3bc9543adf4b31ee4666e8b9c3731a5e,48314,2026-04-01T03:27:23.552272,,failed,,ANIMEUSDC,1h,6,,0.9236532533702831,85.64309673450114,
1840,20260401_033054_strat_gie_sur_ethusdc_1w_generate_a_trad,C:\Users\o3-Pro\Documents\backtest_results\_builder_sessions\20260401_033054_strat_gie_sur_ethusdc_1w_generate_a_trad\session_summary.json,C:\Users\o3-Pro\Documents\backtest_results\_builder_sessions\20260401_033054_strat_gie_sur_ethusdc_1w_generate_a_trad,f969763a33f02b5a7b84f3962f51587aa03201b426e6f7d5faa3437891cb526a,46388,2026-04-01T03:30:54.965510,,failed,,ETHUSDC,1w,6,,0.0,-26.0,
1841,20260401_033247_strat_gie_de_mean_reversion_sur_avntusdc,C:\Users\o3-Pro\Documents\backtest_results\_builder_sessions\20260401_033247_strat_gie_de_mean_reversion_sur_avntusdc\session_summary.json,C:\Users\o3-Pro\Documents\backtest_results\_builder_sessions\20260401_033247_strat_gie_de_mean_reversion_sur_avntusdc,68f7687b146e6b1f9760163c1e2d438460cdeb6625d61bf60609d89fb2f6fee9,49214,2026-04-01T03:32:47.935301,,failed,,MATICUSDC,15m,6,,0.0,-50.0,
1842,20260401_033515_strat_gie_sur_mirausdc_30m_generate_a_tr,C:\Users\o3-Pro\Documents\backtest_results\_builder_sessions\20260401_033515_strat_gie_sur_mirausdc_30m_generate_a_tr\session_summary.json,C:\Users\o3-Pro\Documents\backtest_results\_builder_sessions\20260401_033515_strat_gie_sur_mirausdc_30m_generate_a_tr,1fd11e6b5b3cbcfa309071074f089d08366b0aa45c118864a0edc32f81bf07ae,45087,2026-04-01T03:35:15.758502,,failed,,MIRAUSDC,30m,6,,0.0,-26.0,
1843,20260401_033723_strat_gie_de_regime_adaptatif_sur_neirou,C:\Users\o3-Pro\Documents\backtest_results\_builder_sessions\20260401_033723_strat_gie_de_regime_adaptatif_sur_neirou\session_summary.json,C:\Users\o3-Pro\Documents\backtest_results\_builder_sessions\20260401_033723_strat_gie_de_regime_adaptatif_sur_neirou,f046a808756fa7814c4c15d3ed7d83c4fbae9c30e159655c78a3b8ba3da20db5,50941,2026-04-01T03:37:23.300304,,failed,,NEIROUSDC,5m,6,,0.0,-26.0,
1844,20260401_033930_strat_gie_sur_aptusdc_30m_generate_a_tra,C:\Users\o3-Pro\Documents\backtest_results\_builder_sessions\20260401_033930_strat_gie_sur_aptusdc_30m_generate_a_tra\session_summary.json,C:\Users\o3-Pro\Documents\backtest_results\_builder_sessions\20260401_033930_strat_gie_sur_aptusdc_30m_generate_a_tra,c3fa5f5aab0ee84bd45fcf2ef1f4a939b42c16f10b94833fd4657dbe0b4603b2,33393,2026-04-01T03:39:30.391141,,failed,,APTUSDC,30m,4,,0.0,-50.0,
1845,20260401_034134_strat_gie_de_multi_factor_sur_jtousdc_30,C:\Users\o3-Pro\Documents\backtest_results\_builder_sessions\20260401_034134_strat_gie_de_multi_factor_sur_jtousdc_30\session_summary.json,C:\Users\o3-Pro\Documents\backtest_results\_builder_sessions\20260401_034134_strat_gie_de_multi_factor_sur_jtousdc_30,847739bda2cc2e3943947d83b4b5cbcc5b558e64a0ab80d76d673db5f8c62674,50101,2026-04-01T03:41:34.539428,,failed,,JTOUSDC,30m,6,,0.0,-50.0,
1846,20260401_034302_strat_gie_de_breakout_sur_turbousdc_1w_i,C:\Users\o3-Pro\Documents\backtest_results\_builder_sessions\20260401_034302_strat_gie_de_breakout_sur_turbousdc_1w_i\session_summary.json,C:\Users\o3-Pro\Documents\backtest_results\_builder_sessions\20260401_034302_strat_gie_de_breakout_sur_turbousdc_1w_i,29351dc2a274a4716636511d76f6c023e26a3e260e884d2e05c7e45b1ddc6645,24392,2026-04-01T03:43:02.320370,,failed,,HBARUSDC,3m,3,,0.0,-50.0,
1847,20260401_034638_strat_gie_de_trend_following_sur_penguus,C:\Users\o3-Pro\Documents\backtest_results\_builder_sessions\20260401_034638_strat_gie_de_trend_following_sur_penguus\session_summary.json,C:\Users\o3-Pro\Documents\backtest_results\_builder_sessions\20260401_034638_strat_gie_de_trend_following_sur_penguus,0c2dfe1e8215d2e2b1ec5eba161138d7b7b0514efec18b41f0a3662b3407f592,42251,2026-04-01T03:46:38.568617,,failed,,PENGUUSDC,1h,6,,0.2263221465383241,-26.0,
1848,20260401_034707_strat_gie_de_momentum_sur_omusdc_1d_indi,C:\Users\o3-Pro\Documents\backtest_results\_builder_sessions\20260401_034707_strat_gie_de_momentum_sur_omusdc_1d_indi\session_summary.json,C:\Users\o3-Pro\Documents\backtest_results\_builder_sessions\20260401_034707_strat_gie_de_momentum_sur_omusdc_1d_indi,a84ca079e28d87ab626bb23a93dbba2ef1679bbd159b6671dd6bef16f1518ed6,61688,2026-04-01T03:47:07.144650,,failed,,OMUSDC,1d,9,,0.31041501150522366,-26.0,
1849,20260401_034958_strat_gie_de_mean_reversion_sur_resolvus,C:\Users\o3-Pro\Documents\backtest_results\_builder_sessions\20260401_034958_strat_gie_de_mean_reversion_sur_resolvus\session_summary.json,C:\Users\o3-Pro\Documents\backtest_results\_builder_sessions\20260401_034958_strat_gie_de_mean_reversion_sur_resolvus,3f618d24a9045f7982a08c303766615f7e579d18a22c62bcecb45ed94704993f,50290,2026-04-01T03:49:58.799932,,failed,,RESOLVUSDC,5m,6,,0.0,-26.0,
1850,20260401_035235_strat_gie_de_breakout_sur_mmtusdc_15m_in,C:\Users\o3-Pro\Documents\backtest_results\_builder_sessions\20260401_035235_strat_gie_de_breakout_sur_mmtusdc_15m_in\session_summary.json,C:\Users\o3-Pro\Documents\backtest_results\_builder_sessions\20260401_035235_strat_gie_de_breakout_sur_mmtusdc_15m_in,5c65a28984d30cdfb5e8f67f4968484b3f187a71d39fa93570ee5e17a1876cdf,47168,2026-04-01T03:52:35.316332,,failed,,MATICUSDC,15m,6,,0.0,-26.0,
1851,20260401_035528_strat_gie_de_scalping_sur_nearusdc_1h_in,C:\Users\o3-Pro\Documents\backtest_results\_builder_sessions\20260401_035528_strat_gie_de_scalping_sur_nearusdc_1h_in\session_summary.json,C:\Users\o3-Pro\Documents\backtest_results\_builder_sessions\20260401_035528_strat_gie_de_scalping_sur_nearusdc_1h_in,64a7861ce2ed5135c07803048f49da8194ce59d41d90397fdf67a65a705d87d5,53807,2026-04-01T03:55:28.659532,,failed,,NEARUSDC,1h,6,,0.0,-50.0,
1852,20260401_035759_strat_gie_de_multi_factor_sur_uniusdc_3m,C:\Users\o3-Pro\Documents\backtest_results\_builder_sessions\20260401_035759_strat_gie_de_multi_factor_sur_uniusdc_3m\session_summary.json,C:\Users\o3-Pro\Documents\backtest_results\_builder_sessions\20260401_035759_strat_gie_de_multi_factor_sur_uniusdc_3m,a098acf7086f569da850d81a3b5839331ad19a8892c40a487c30a91904211f66,46640,2026-04-01T03:57:59.026488,,failed,,UNIUSDC,3m,6,,0.0,-50.0,
1853,20260401_040306_strat_gie_de_trend_following_sur_penguus,C:\Users\o3-Pro\Documents\backtest_results\_builder_sessions\20260401_040306_strat_gie_de_trend_following_sur_penguus\session_summary.json,C:\Users\o3-Pro\Documents\backtest_results\_builder_sessions\20260401_040306_strat_gie_de_trend_following_sur_penguus,44408f6c6df64392495d16dcb7e79a58a9d13f4eaa40bc8f3da70b106e99223d,27606,2026-04-01T04:03:06.854524,,running,,HBARUSDC,3m,4,,0.0,-26.0,
1854,20260401_040309_strat_gie_de_mean_reversion_sur_animeusd,C:\Users\o3-Pro\Documents\backtest_results\_builder_sessions\20260401_040309_strat_gie_de_mean_reversion_sur_animeusd\session_summary.json,C:\Users\o3-Pro\Documents\backtest_results\_builder_sessions\20260401_040309_strat_gie_de_mean_reversion_sur_animeusd,c81f81c707eaea3ea3fe73f4d4d6f954ee34e6cdb0cd9eb420f1b80c086db18a,35012,2026-04-01T04:03:09.105710,,running,,ANIMEUSDC,4h,5,,0.6771167514638476,-26.0,
1855,20260404_180429_strat_gie_de_scalping_sur_ltcusdc_30m_in,C:\Users\o3-Pro\Documents\backtest_results\_builder_sessions\20260404_180429_strat_gie_de_scalping_sur_ltcusdc_30m_in\session_summary.json,C:\Users\o3-Pro\Documents\backtest_results\_builder_sessions\20260404_180429_strat_gie_de_scalping_sur_ltcusdc_30m_in,c9909850eadbb033d7f0c8d54a1e62a32815159e5cd2f510e8de798918b51af7,29494,2026-04-04T18:04:29.479490,,failed,,LTCUSDC,30m,3,,0.0,-50.0,
1856,20260404_180632_strat_gie_de_momentum_sur_dotusdc_4h_ind,C:\Users\o3-Pro\Documents\backtest_results\_builder_sessions\20260404_180632_strat_gie_de_momentum_sur_dotusdc_4h_ind\session_summary.json,C:\Users\o3-Pro\Documents\backtest_results\_builder_sessions\20260404_180632_strat_gie_de_momentum_sur_dotusdc_4h_ind,755a22ba3bbd66d21adf2df12b983619119b80378ae0cc77e4a832ad053788de,41320,2026-04-04T18:06:32.755309,,failed,,DOTUSDC,4h,4,,0.09362056319981622,-50.0,
1857,20260404_181000_strat_gie_sur_susdc_1d_atteindre_un_rend,C:\Users\o3-Pro\Documents\backtest_results\_builder_sessions\20260404_181000_strat_gie_sur_susdc_1d_atteindre_un_rend\session_summary.json,C:\Users\o3-Pro\Documents\backtest_results\_builder_sessions\20260404_181000_strat_gie_sur_susdc_1d_atteindre_un_rend,e01edf55811be1d930fbae9651219729d1457f2e45c32e4a090f8cf5c91770b2,29695,2026-04-04T18:10:00.039384,,failed,,SUSDC,1d,4,,0.0,-50.0,
1858,20260404_181201_strat_gie_sur_fusdc_5m_maximiser_les_pro,C:\Users\o3-Pro\Documents\backtest_results\_builder_sessions\20260404_181201_strat_gie_sur_fusdc_5m_maximiser_les_pro\session_summary.json,C:\Users\o3-Pro\Documents\backtest_results\_builder_sessions\20260404_181201_strat_gie_sur_fusdc_5m_maximiser_les_pro,f99b16bb621d11f33c688196034faba1b597574a2dce74329d648bfae5e7c278,55113,2026-04-04T18:12:01.015978,,failed,,FUSDC,5m,6,,0.0,-50.0,
1859,20260404_181509_strat_gie_sur_ondousdc_1d_maximiser_les,C:\Users\o3-Pro\Documents\backtest_results\_builder_sessions\20260404_181509_strat_gie_sur_ondousdc_1d_maximiser_les\session_summary.json,C:\Users\o3-Pro\Documents\backtest_results\_builder_sessions\20260404_181509_strat_gie_sur_ondousdc_1d_maximiser_les,1f7cc9cf6b55ebc83672777107f129f2a0e1860b3f232a2a4220d0589ccd70f1,54701,2026-04-04T18:15:09.778494,,failed,,ONDOUSDC,1d,6,,0.0,-50.0,
1860,20260404_181837_strat_gie_sur_solusdc_30m_generate_a_tra,C:\Users\o3-Pro\Documents\backtest_results\_builder_sessions\20260404_181837_strat_gie_sur_solusdc_30m_generate_a_tra\session_summary.json,C:\Users\o3-Pro\Documents\backtest_results\_builder_sessions\20260404_181837_strat_gie_sur_solusdc_30m_generate_a_tra,63cf4ceb506dd7e36368457de17884ba7e621525e74eae13834f29b4da5a95df,45224,2026-04-04T18:18:37.816783,,failed,,SOLUSDC,30m,5,,0.35639523832535025,-50.0,
1861,20260404_182056_strat_gie_de_trend_following_sur_solusdc,C:\Users\o3-Pro\Documents\backtest_results\_builder_sessions\20260404_182056_strat_gie_de_trend_following_sur_solusdc\session_summary.json,C:\Users\o3-Pro\Documents\backtest_results\_builder_sessions\20260404_182056_strat_gie_de_trend_following_sur_solusdc,95e852c77a918be438827159d21751d98424df0c9772567b557400e41c77e69e,47304,2026-04-04T18:20:56.949342,,failed,,SOLUSDC,15m,6,,0.0,-100.0,
1862,20260404_182344_strat_gie_de_breakout_sur_bnbusdc_1h_ind,C:\Users\o3-Pro\Documents\backtest_results\_builder_sessions\20260404_182344_strat_gie_de_breakout_sur_bnbusdc_1h_ind\session_summary.json,C:\Users\o3-Pro\Documents\backtest_results\_builder_sessions\20260404_182344_strat_gie_de_breakout_sur_bnbusdc_1h_ind,914e4a97ec4a59b53ea4e415a1b06774c7b8c7d7830964d915df5334d1bd930d,46964,2026-04-04T18:23:44.177382,,failed,,BNBUSDC,1h,6,,0.0,-26.0,
1863,20260404_182547_strat_gie_de_scalping_sur_paxgusdc_1d_in,C:\Users\o3-Pro\Documents\backtest_results\_builder_sessions\20260404_182547_strat_gie_de_scalping_sur_paxgusdc_1d_in\session_summary.json,C:\Users\o3-Pro\Documents\backtest_results\_builder_sessions\20260404_182547_strat_gie_de_scalping_sur_paxgusdc_1d_in,279fa23705f8f3d96fd0a249422abf06576cbbebd95b5744949054b7f9647bcc,48160,2026-04-04T18:25:47.958331,,failed,,PAXGUSDC,1d,6,,0.0,-26.0,
1864,20260404_182826_strat_gie_de_momentum_sur_vetusdc_1h_ind,C:\Users\o3-Pro\Documents\backtest_results\_builder_sessions\20260404_182826_strat_gie_de_momentum_sur_vetusdc_1h_ind\session_summary.json,C:\Users\o3-Pro\Documents\backtest_results\_builder_sessions\20260404_182826_strat_gie_de_momentum_sur_vetusdc_1h_ind,5ab16effa6cfb16be69091288d3f26b75222cae0b07374b5b0bff6eaaa1b6ab0,50684,2026-04-04T18:28:26.909192,,failed,,VETUSDC,1h,6,,0.0,-26.0,
1865,20260404_183116_generate_a_trading_strategy_with_at_leas,C:\Users\o3-Pro\Documents\backtest_results\_builder_sessions\20260404_183116_generate_a_trading_strategy_with_at_leas\session_summary.json,C:\Users\o3-Pro\Documents\backtest_results\_builder_sessions\20260404_183116_generate_a_trading_strategy_with_at_leas,28f3fbe1ce050d4477c524dfd153644c0ebad00c5f89bb7b317d1f2953b39e9e,26448,2026-04-04T18:31:16.848928,,failed,,ATUSDC,30m,3,,0.0,-50.0,
1866,20260404_183252_strat_gie_sur_giggleusdc_5m_gagner_des_p,C:\Users\o3-Pro\Documents\backtest_results\_builder_sessions\20260404_183252_strat_gie_sur_giggleusdc_5m_gagner_des_p\session_summary.json,C:\Users\o3-Pro\Documents\backtest_results\_builder_sessions\20260404_183252_strat_gie_sur_giggleusdc_5m_gagner_des_p,f915bbc37f3110bcb66b9e5626631712ebbccbe3f6bb689d2434ef20ef071cbc,50321,2026-04-04T18:32:52.713751,,failed,,GIGGLEUSDC,5m,6,,0.0,-50.0,
1867,20260404_183514_strat_gie_sur_turtleusdc_4h_generate_a_t,C:\Users\o3-Pro\Documents\backtest_results\_builder_sessions\20260404_183514_strat_gie_sur_turtleusdc_4h_generate_a_t\session_summary.json,C:\Users\o3-Pro\Documents\backtest_results\_builder_sessions\20260404_183514_strat_gie_sur_turtleusdc_4h_generate_a_t,df1fd721887ab5b03e8eed72196ddb7dbdebe69fa1711cc29af3cd3d2a174e49,77217,2026-04-04T18:35:14.446569,,failed,,TURTLEUSDC,4h,9,,1.055785449229793,-26.0,
1868,20260404_183904_strat_gie_sur_kaiausdc_1d_maximiser_les,C:\Users\o3-Pro\Documents\backtest_results\_builder_sessions\20260404_183904_strat_gie_sur_kaiausdc_1d_maximiser_les\session_summary.json,C:\Users\o3-Pro\Documents\backtest_results\_builder_sessions\20260404_183904_strat_gie_sur_kaiausdc_1d_maximiser_les,46eaa61102dd3893af1bde256c95fef6741242fb06b8ba2b90f1112d7ac0c42c,39826,2026-04-04T18:39:04.372552,,failed,,KAIAUSDC,1d,5,,0.0,-26.0,
1869,20260404_184128_strat_gie_de_mean_reversion_sur_paxgusdc,C:\Users\o3-Pro\Documents\backtest_results\_builder_sessions\20260404_184128_strat_gie_de_mean_reversion_sur_paxgusdc\session_summary.json,C:\Users\o3-Pro\Documents\backtest_results\_builder_sessions\20260404_184128_strat_gie_de_mean_reversion_sur_paxgusdc,b88ea683ef6b8756836c5314e25f4b472dc3704279c53b856f69dacc1b7b7667,56118,2026-04-04T18:41:28.286247,,failed,,NEARUSDC,5m,6,,0.0,-26.0,
1870,20260404_184421_strat_gie_de_breakout_sur_ltcusdc_30m_in,C:\Users\o3-Pro\Documents\backtest_results\_builder_sessions\20260404_184421_strat_gie_de_breakout_sur_ltcusdc_30m_in\session_summary.json,C:\Users\o3-Pro\Documents\backtest_results\_builder_sessions\20260404_184421_strat_gie_de_breakout_sur_ltcusdc_30m_in,3e805fee4e647dadc47c99158c40c0e3b6dca9f145a76ebf3de317f9ecde9ca0,35243,2026-04-04T18:44:21.584012,,failed,,LTCUSDC,30m,4,,0.0,-50.0,
1871,20260404_184630_strat_gie_de_scalping_sur_bananas31usdc,C:\Users\o3-Pro\Documents\backtest_results\_builder_sessions\20260404_184630_strat_gie_de_scalping_sur_bananas31usdc\session_summary.json,C:\Users\o3-Pro\Documents\backtest_results\_builder_sessions\20260404_184630_strat_gie_de_scalping_sur_bananas31usdc,bcee11a652c42ce92b3ab42c6fdf818081451c31f5896becf3a1cc41d8a7f5cb,47724,2026-04-04T18:46:30.329135,,failed,,BANANAS31USDC,30m,5,,0.0,-50.0,
1872,20260404_184915_strat_gie_de_multi_factor_sur_paxgusdc_4,C:\Users\o3-Pro\Documents\backtest_results\_builder_sessions\20260404_184915_strat_gie_de_multi_factor_sur_paxgusdc_4\session_summary.json,C:\Users\o3-Pro\Documents\backtest_results\_builder_sessions\20260404_184915_strat_gie_de_multi_factor_sur_paxgusdc_4,62b86ed406a7153a9bef8068c10fd2a92bbb5e67ea0339e5298d31911676ca9a,65707,2026-04-04T18:49:15.488694,,failed,,PAXGUSDC,4h,9,,0.42245525467344414,-26.0,
1873,20260404_185322_strat_gie_de_regime_adaptatif_sur_bomeus,C:\Users\o3-Pro\Documents\backtest_results\_builder_sessions\20260404_185322_strat_gie_de_regime_adaptatif_sur_bomeus\session_summary.json,C:\Users\o3-Pro\Documents\backtest_results\_builder_sessions\20260404_185322_strat_gie_de_regime_adaptatif_sur_bomeus,a04e555653bc79f1fb1ad4796fcd883eaad736d805be32c55ecd176d0bb840cd,49646,2026-04-04T18:53:22.587016,,failed,,NEARUSDC,5m,6,,0.0,-26.0,
1874,20260404_185621_strat_gie_de_trend_following_sur_xplusdc,C:\Users\o3-Pro\Documents\backtest_results\_builder_sessions\20260404_185621_strat_gie_de_trend_following_sur_xplusdc\session_summary.json,C:\Users\o3-Pro\Documents\backtest_results\_builder_sessions\20260404_185621_strat_gie_de_trend_following_sur_xplusdc,797989adec0e1db7f0a2031e321109d4ea55e1d79575939d9bc0abd8738d30aa,51051,2026-04-04T18:56:21.223091,,failed,,XPLUSDC,15m,6,,0.0,-26.0,
1875,20260404_185913_strat_gie_de_breakout_sur_avaxusdc_15m_i,C:\Users\o3-Pro\Documents\backtest_results\_builder_sessions\20260404_185913_strat_gie_de_breakout_sur_avaxusdc_15m_i\session_summary.json,C:\Users\o3-Pro\Documents\backtest_results\_builder_sessions\20260404_185913_strat_gie_de_breakout_sur_avaxusdc_15m_i,d77a7f5db39042421384962537a0e1171164e27a7699513a3d2ad254d1e39834,30003,2026-04-04T18:59:13.913653,,failed,,AVAXUSDC,15m,3,,0.0,-50.0,
1876,20260404_190108_strat_gie_de_mean_reversion_sur_nomusdc,C:\Users\o3-Pro\Documents\backtest_results\_builder_sessions\20260404_190108_strat_gie_de_mean_reversion_sur_nomusdc\session_summary.json,C:\Users\o3-Pro\Documents\backtest_results\_builder_sessions\20260404_190108_strat_gie_de_mean_reversion_sur_nomusdc,77632bad931ce837f07697e44cbb9136a049b66314b7da100dce13720f8d1415,80296,2026-04-04T19:01:08.978295,,failed,,NOMUSDC,30m,9,,0.78793068363435,-26.0,
1877,20260404_190502_strat_gie_de_scalping_sur_vetusdc_1d_ind,C:\Users\o3-Pro\Documents\backtest_results\_builder_sessions\20260404_190502_strat_gie_de_scalping_sur_vetusdc_1d_ind\session_summary.json,C:\Users\o3-Pro\Documents\backtest_results\_builder_sessions\20260404_190502_strat_gie_de_scalping_sur_vetusdc_1d_ind,909621686d471423176f711340a0740943cf4551a823d3728171e27be0f543f1,49584,2026-04-04T19:05:02.305219,,failed,,NEARUSDC,5m,6,,0.0,-26.0,
1878,20260404_190728_strat_gie_de_momentum_sur_mitousdc_1h_in,C:\Users\o3-Pro\Documents\backtest_results\_builder_sessions\20260404_190728_strat_gie_de_momentum_sur_mitousdc_1h_in\session_summary.json,C:\Users\o3-Pro\Documents\backtest_results\_builder_sessions\20260404_190728_strat_gie_de_momentum_sur_mitousdc_1h_in,2ca39153bf2f8c559a5e4fb95d3304c5cebf77d795451980522f800d92b06a92,54825,2026-04-04T19:07:28.223416,,failed,,MITOUSDC,1h,6,,0.9048821723341165,-26.0,
1879,20260404_191027_strat_gie_de_breakout_sur_vetusdc_4h_ind,C:\Users\o3-Pro\Documents\backtest_results\_builder_sessions\20260404_191027_strat_gie_de_breakout_sur_vetusdc_4h_ind\session_summary.json,C:\Users\o3-Pro\Documents\backtest_results\_builder_sessions\20260404_191027_strat_gie_de_breakout_sur_vetusdc_4h_ind,19897f3f292c0811713088d11eb541745b75abc57367bd339d848b3725b5758b,47283,2026-04-04T19:10:27.686116,,failed,,VETUSDC,4h,6,,0.0,-26.0,
1880,20260404_191347_strat_gie_de_multi_factor_sur_mitousdc_1,C:\Users\o3-Pro\Documents\backtest_results\_builder_sessions\20260404_191347_strat_gie_de_multi_factor_sur_mitousdc_1\session_summary.json,C:\Users\o3-Pro\Documents\backtest_results\_builder_sessions\20260404_191347_strat_gie_de_multi_factor_sur_mitousdc_1,ad5687448a64d71db6b24b4504a78dbb58d098656db19fb080774acfd697a40c,47446,2026-04-04T19:13:47.870224,,failed,,MITOUSDC,15m,6,,0.0,-26.0,
1881,20260404_191601_strat_gie_de_scalping_sur_ltcusdc_5m_ind,C:\Users\o3-Pro\Documents\backtest_results\_builder_sessions\20260404_191601_strat_gie_de_scalping_sur_ltcusdc_5m_ind\session_summary.json,C:\Users\o3-Pro\Documents\backtest_results\_builder_sessions\20260404_191601_strat_gie_de_scalping_sur_ltcusdc_5m_ind,ac3c2e59de726bee5bac88fdfc26498b5cc30d51c72cf28ddda895e597e6fb19,48455,2026-04-04T19:16:01.249121,,failed,,NEARUSDC,5m,6,,0.0,-26.0,
1882,20260404_191851_strat_gie_de_mean_reversion_sur_paxgusdc,C:\Users\o3-Pro\Documents\backtest_results\_builder_sessions\20260404_191851_strat_gie_de_mean_reversion_sur_paxgusdc\session_summary.json,C:\Users\o3-Pro\Documents\backtest_results\_builder_sessions\20260404_191851_strat_gie_de_mean_reversion_sur_paxgusdc,5772b97c4c190ba3ab8a00ee64214059ed13f4b71f1c21b0b4f750bdb1117221,52237,2026-04-04T19:18:51.926652,,failed,,PAXGUSDC,1d,6,,0.0,-26.0,
1883,20260404_192133_strat_gie_de_breakout_sur_solusdc_1h_ind,C:\Users\o3-Pro\Documents\backtest_results\_builder_sessions\20260404_192133_strat_gie_de_breakout_sur_solusdc_1h_ind\session_summary.json,C:\Users\o3-Pro\Documents\backtest_results\_builder_sessions\20260404_192133_strat_gie_de_breakout_sur_solusdc_1h_ind,47b09f4814d7890bf233a9991b49f86a46ea3e56cc1aa48305d189b49fa6d9e1,44830,2026-04-04T19:21:33.547383,,failed,,SOLUSDC,1h,5,,0.0,-50.0,
1884,20260404_192401_strat_gie_de_trend_following_sur_dotusdc,C:\Users\o3-Pro\Documents\backtest_results\_builder_sessions\20260404_192401_strat_gie_de_trend_following_sur_dotusdc\session_summary.json,C:\Users\o3-Pro\Documents\backtest_results\_builder_sessions\20260404_192401_strat_gie_de_trend_following_sur_dotusdc,3c9c2f7d93e35f25a53fcf210b4fcb36f597a5358151682496ef4ccc7b261ae8,51852,2026-04-04T19:24:01.994618,,failed,,DOTUSDC,1d,6,,0.0,-26.0,
1885,20260404_192627_strat_gie_de_regime_adaptatif_sur_nomusd,C:\Users\o3-Pro\Documents\backtest_results\_builder_sessions\20260404_192627_strat_gie_de_regime_adaptatif_sur_nomusd\session_summary.json,C:\Users\o3-Pro\Documents\backtest_results\_builder_sessions\20260404_192627_strat_gie_de_regime_adaptatif_sur_nomusd,e41bfb2f8a501cefd4549fe5e42a860c1e153a07c1e06e1b8caa89050f56ab8d,39692,2026-04-04T19:26:27.004193,,failed,,NEARUSDC,5m,4,,0.0,-50.0,
1886,20260404_192909_strat_gie_de_momentum_sur_tiausdc_15m_in,C:\Users\o3-Pro\Documents\backtest_results\_builder_sessions\20260404_192909_strat_gie_de_momentum_sur_tiausdc_15m_in\session_summary.json,C:\Users\o3-Pro\Documents\backtest_results\_builder_sessions\20260404_192909_strat_gie_de_momentum_sur_tiausdc_15m_in,3bba4b9cfa59bd841dd84e0e738d0499d0ab9ee0fad42969b7867120ffc50179,45082,2026-04-04T19:29:09.317367,,failed,,TIAUSDC,15m,5,,0.0,-26.0,
1887,20260404_193231_strat_gie_de_multi_factor_sur_nomusdc_30,C:\Users\o3-Pro\Documents\backtest_results\_builder_sessions\20260404_193231_strat_gie_de_multi_factor_sur_nomusdc_30\session_summary.json,C:\Users\o3-Pro\Documents\backtest_results\_builder_sessions\20260404_193231_strat_gie_de_multi_factor_sur_nomusdc_30,75a103cdca9d875301ce56c26e3feaa33182d5898242c34bdd0faaefb2374f4c,47728,2026-04-04T19:32:31.859918,,failed,,NOMUSDC,30m,6,,0.0,-26.0,
1888,20260404_193500_strat_gie_de_breakout_sur_pumpusdc_15m_i,C:\Users\o3-Pro\Documents\backtest_results\_builder_sessions\20260404_193500_strat_gie_de_breakout_sur_pumpusdc_15m_i\session_summary.json,C:\Users\o3-Pro\Documents\backtest_results\_builder_sessions\20260404_193500_strat_gie_de_breakout_sur_pumpusdc_15m_i,a65be49e03d3820aae1d9fd6501c633c47029a55a0869b8ee77cf76fedefd702,43895,2026-04-04T19:35:00.952357,,failed,,PUMPUSDC,15m,5,,0.0,-26.0,
1889,20260404_193825_strat_gie_de_scalping_sur_ondousdc_15m_i,C:\Users\o3-Pro\Documents\backtest_results\_builder_sessions\20260404_193825_strat_gie_de_scalping_sur_ondousdc_15m_i\session_summary.json,C:\Users\o3-Pro\Documents\backtest_results\_builder_sessions\20260404_193825_strat_gie_de_scalping_sur_ondousdc_15m_i,1f6eaf944785b921ea413ff1a4576848ef05254839b46dfef53a00794c42cfb4,31403,2026-04-04T19:38:25.750747,,running,,NEARUSDC,5m,4,,0.0,-26.0,
1890,20260404_201351_strat_gie_de_trend_following_sur_tstusdc,C:\Users\o3-Pro\Documents\backtest_results\_builder_sessions\20260404_201351_strat_gie_de_trend_following_sur_tstusdc\session_summary.json,C:\Users\o3-Pro\Documents\backtest_results\_builder_sessions\20260404_201351_strat_gie_de_trend_following_sur_tstusdc,34f6c28c8d853ad7886fb33e2ca847a142995bed73abd35e18ceb2d6069b3af3,50787,2026-04-04T20:13:51.052451,,failed,,MKRUSDC,1h,6,,0.0,-26.0,
1891,20260404_201717_strat_gie_de_multi_factor_sur_filusdc_15,C:\Users\o3-Pro\Documents\backtest_results\_builder_sessions\20260404_201717_strat_gie_de_multi_factor_sur_filusdc_15\session_summary.json,C:\Users\o3-Pro\Documents\backtest_results\_builder_sessions\20260404_201717_strat_gie_de_multi_factor_sur_filusdc_15,cddb5798859ea52db2b8dcf4109446136e7757a5526bed6545945b239f233708,28309,2026-04-04T20:17:17.513700,,failed,,FILUSDC,15m,3,,0.0,-50.0,
1892,20260404_201922_strat_gie_de_regime_adaptatif_sur_cowusd,C:\Users\o3-Pro\Documents\backtest_results\_builder_sessions\20260404_201922_strat_gie_de_regime_adaptatif_sur_cowusd\session_summary.json,C:\Users\o3-Pro\Documents\backtest_results\_builder_sessions\20260404_201922_strat_gie_de_regime_adaptatif_sur_cowusd,5a608f106b5337d355cf97fa0dd301373191cfea565b82fc98b149869c4fe7b5,59832,2026-04-04T20:19:22.554431,,failed,,COWUSDC,1d,7,,1.94153244701158,-26.0,
1893,20260404_202249_strat_gie_de_momentum_sur_cfxusdc_4h_ind,C:\Users\o3-Pro\Documents\backtest_results\_builder_sessions\20260404_202249_strat_gie_de_momentum_sur_cfxusdc_4h_ind\session_summary.json,C:\Users\o3-Pro\Documents\backtest_results\_builder_sessions\20260404_202249_strat_gie_de_momentum_sur_cfxusdc_4h_ind,1b52b4522a1ff05f3de5c1a53fcdbf607b2941c9e6a9237d35084ae45334810a,45985,2026-04-04T20:22:49.595760,,failed,,CFXUSDC,4h,6,,0.5307858473520704,-50.0,
1894,20260404_202526_strat_gie_de_trend_following_sur_cfxusdc,C:\Users\o3-Pro\Documents\backtest_results\_builder_sessions\20260404_202526_strat_gie_de_trend_following_sur_cfxusdc\session_summary.json,C:\Users\o3-Pro\Documents\backtest_results\_builder_sessions\20260404_202526_strat_gie_de_trend_following_sur_cfxusdc,b5d12c5aa531847fe9a328468975ecd379408ddc6045275638ee787df3847060,29336,2026-04-04T20:25:26.741636,,failed,,MKRUSDC,1h,3,,0.0,-50.0,
1895,20260404_202714_strat_gie_de_scalping_sur_wlfiusdc_15m_i,C:\Users\o3-Pro\Documents\backtest_results\_builder_sessions\20260404_202714_strat_gie_de_scalping_sur_wlfiusdc_15m_i\session_summary.json,C:\Users\o3-Pro\Documents\backtest_results\_builder_sessions\20260404_202714_strat_gie_de_scalping_sur_wlfiusdc_15m_i,8b80c98b01847762272dfb9a648450724b382d50f354a050e90d7fa173238964,42502,2026-04-04T20:27:14.088763,,failed,,WLFIUSDC,15m,4,,0.0,-50.0,
1896,20260404_202958_strat_gie_de_regime_adaptatif_sur_ybusdc,C:\Users\o3-Pro\Documents\backtest_results\_builder_sessions\20260404_202958_strat_gie_de_regime_adaptatif_sur_ybusdc\session_summary.json,C:\Users\o3-Pro\Documents\backtest_results\_builder_sessions\20260404_202958_strat_gie_de_regime_adaptatif_sur_ybusdc,928cfa34d3b1dc9866bcf541e51649985b7d41dc3f6263f05a572ba8549a6bac,51970,2026-04-04T20:29:58.486676,,failed,,YBUSDC,5m,6,,0.0,-26.0,
1897,20260404_203359_strat_gie_de_multi_factor_sur_rsrusdc_30,C:\Users\o3-Pro\Documents\backtest_results\_builder_sessions\20260404_203359_strat_gie_de_multi_factor_sur_rsrusdc_30\session_summary.json,C:\Users\o3-Pro\Documents\backtest_results\_builder_sessions\20260404_203359_strat_gie_de_multi_factor_sur_rsrusdc_30,2eb9ac78f7bc9a197a71a0549f56b049382d6f365c28ec56d98635eb1763eee6,43783,2026-04-04T20:33:59.713552,,failed,,RSRUSDC,30m,5,,0.0,-26.0,
1898,20260404_203648_strat_gie_de_breakout_sur_synusdc_4h_ind,C:\Users\o3-Pro\Documents\backtest_results\_builder_sessions\20260404_203648_strat_gie_de_breakout_sur_synusdc_4h_ind\session_summary.json,C:\Users\o3-Pro\Documents\backtest_results\_builder_sessions\20260404_203648_strat_gie_de_breakout_sur_synusdc_4h_ind,7c9cd2180dfd83ac9aaad53009984122dacba0b2a949c72136d3655c1994c8ba,48650,2026-04-04T20:36:48.611011,,failed,,MKRUSDC,1h,6,,0.0,-26.0,
1899,20260404_203908_strat_gie_de_momentum_sur_uniusdc_1h_ind,C:\Users\o3-Pro\Documents\backtest_results\_builder_sessions\20260404_203908_strat_gie_de_momentum_sur_uniusdc_1h_ind\session_summary.json,C:\Users\o3-Pro\Documents\backtest_results\_builder_sessions\20260404_203908_strat_gie_de_momentum_sur_uniusdc_1h_ind,4cfc3d5a0c090d3f029b81486f0508187f0b17827c6689b642a7226864d0fe90,25930,2026-04-04T20:39:08.534703,,running,,UNIUSDC,1h,3,,0.0,-26.0,
1900,20260405_182052_strat_gie_de_regime_adaptatif_sur_atusdc,C:\Users\o3-Pro\Documents\backtest_results\_builder_sessions\20260405_182052_strat_gie_de_regime_adaptatif_sur_atusdc\session_summary.json,C:\Users\o3-Pro\Documents\backtest_results\_builder_sessions\20260405_182052_strat_gie_de_regime_adaptatif_sur_atusdc,86c185907c7239dfbfbd63d349c2a7e0a4621d6c12d846df879994c6d972cd3c,62749,2026-04-05T18:20:52.903435,,failed,,ATUSDC,15m,6,,0.0,-50.0,
1901,20260405_182345_strat_gie_de_mean_reversion_sur_zkcusdc,C:\Users\o3-Pro\Documents\backtest_results\_builder_sessions\20260405_182345_strat_gie_de_mean_reversion_sur_zkcusdc\session_summary.json,C:\Users\o3-Pro\Documents\backtest_results\_builder_sessions\20260405_182345_strat_gie_de_mean_reversion_sur_zkcusdc,05e22ea07697164d9a249445373d8bec076c4b4fca0dbfb509d84490935621ca,57742,2026-04-05T18:23:45.257525,,failed,,ZKCUSDC,4h,6,,0.652029156698328,-26.0,
1902,20260405_182702_strat_gie_de_scalping_sur_zkcusdc_15m_in,C:\Users\o3-Pro\Documents\backtest_results\_builder_sessions\20260405_182702_strat_gie_de_scalping_sur_zkcusdc_15m_in\session_summary.json,C:\Users\o3-Pro\Documents\backtest_results\_builder_sessions\20260405_182702_strat_gie_de_scalping_sur_zkcusdc_15m_in,ed7019fed1dbb9ec1d23ac0bced31511590618e5e3d3a6f05cb49290b560e60f,64465,2026-04-05T18:27:02.125205,,failed,,ZKCUSDC,15m,6,,0.5439136079903508,-50.0,
1903,20260405_182940_generate_a_trading_strategy_that_generat,C:\Users\o3-Pro\Documents\backtest_results\_builder_sessions\20260405_182940_generate_a_trading_strategy_that_generat\session_summary.json,C:\Users\o3-Pro\Documents\backtest_results\_builder_sessions\20260405_182940_generate_a_trading_strategy_that_generat,7a80622bbac6aa337f3a02069db44a7f99e1cbb10cd285f4cfba316577308c52,52229,2026-04-05T18:29:40.618932,,failed,,TRXUSDC,1h,5,,0.0,-50.0,
1904,20260405_183211_strat_gie_sur_zkcusdc_30m_maximiser_les,C:\Users\o3-Pro\Documents\backtest_results\_builder_sessions\20260405_183211_strat_gie_sur_zkcusdc_30m_maximiser_les\session_summary.json,C:\Users\o3-Pro\Documents\backtest_results\_builder_sessions\20260405_183211_strat_gie_sur_zkcusdc_30m_maximiser_les,53dd49564b530b2882e8d42c71474ff1654c37e0d245b59ec14320c65f7959e3,39944,2026-04-05T18:32:11.196267,,failed,,ZKCUSDC,30m,4,,0.0,-50.0,
1905,20260405_183458_strat_gie_sur_dotusdc_5m_generate_a_trad,C:\Users\o3-Pro\Documents\backtest_results\_builder_sessions\20260405_183458_strat_gie_sur_dotusdc_5m_generate_a_trad\session_summary.json,C:\Users\o3-Pro\Documents\backtest_results\_builder_sessions\20260405_183458_strat_gie_sur_dotusdc_5m_generate_a_trad,495a8c55b0d3392c671dbb4aff2052eeb80c44448f495d9454201f830875c6f2,44664,2026-04-05T18:34:58.124382,,running,,DOTUSDC,5m,5,,0.0,-26.0,
1906,20260405_191850_strat_gie_sur_trxusdc_1w_optimiser_une_s,C:\Users\o3-Pro\Documents\backtest_results\_builder_sessions\20260405_191850_strat_gie_sur_trxusdc_1w_optimiser_une_s\session_summary.json,C:\Users\o3-Pro\Documents\backtest_results\_builder_sessions\20260405_191850_strat_gie_sur_trxusdc_1w_optimiser_une_s,6010ac559667d1357e1299cfc197e3213dea7665bb74f5fa885194c303f942e8,143491,2026-04-05T19:18:50.871985,,running,,TRXUSDC,1w,1,,-inf,-inf,
1907,20260405_192008_strat_gie_sur_aptusdc_4h_generate_a_trad,C:\Users\o3-Pro\Documents\backtest_results\_builder_sessions\20260405_192008_strat_gie_sur_aptusdc_4h_generate_a_trad\session_summary.json,C:\Users\o3-Pro\Documents\backtest_results\_builder_sessions\20260405_192008_strat_gie_sur_aptusdc_4h_generate_a_trad,8d1f05fa23bee011cdb9fe7a16d8d2ad9d710c013f2553955994bc7a77c17f23,139715,2026-04-05T19:20:08.650422,,running,,APTUSDC,4h,1,,-inf,-inf,
1908,20260406_044359_strat_gie_sur_linkusdc_1d_texte_final_li,C:\Users\o3-Pro\Documents\backtest_results\_builder_sessions\20260406_044359_strat_gie_sur_linkusdc_1d_texte_final_li\session_summary.json,C:\Users\o3-Pro\Documents\backtest_results\_builder_sessions\20260406_044359_strat_gie_sur_linkusdc_1d_texte_final_li,29688765e39576a1ab73a22103ac6d6ddf00bc7bc4c9774f119cca1e322f7b91,245974,2026-04-06T04:43:59.325890,,failed,,LINKUSDC,1d,8,,0.6327011201863505,-50.0,
1909,20260406_085645_strat_gie_de_regime_adaptatif_sur_adausd,C:\Users\o3-Pro\Documents\backtest_results\_builder_sessions\20260406_085645_strat_gie_de_regime_adaptatif_sur_adausd\session_summary.json,C:\Users\o3-Pro\Documents\backtest_results\_builder_sessions\20260406_085645_strat_gie_de_regime_adaptatif_sur_adausd,d0569b9a5cd2c2e06e339fb62009f28dc2f3621404216f16f8ee360df092e7a8,107106,2026-04-06T08:56:45.125579,,max_iterations,,ADAUSDC,1d,10,,0.5742664318965562,85.17795232214885,
1910,20260406_090943_strat_gie_sur_atomusdc_1d_entrer_long_lo,C:\Users\o3-Pro\Documents\backtest_results\_builder_sessions\20260406_090943_strat_gie_sur_atomusdc_1d_entrer_long_lo\session_summary.json,C:\Users\o3-Pro\Documents\backtest_results\_builder_sessions\20260406_090943_strat_gie_sur_atomusdc_1d_entrer_long_lo,ca78ad3d24f222531bdb99e806bc64cb0e3bfd22c3bda3338712cfc853d59cf6,230609,2026-04-06T09:09:43.552883,,failed,,ATOMUSDC,1d,9,,0.252385379654637,-26.0,
1911,20260406_091957_strat_gie_sur_btcusdc_4h_acheter_en_cas,C:\Users\o3-Pro\Documents\backtest_results\_builder_sessions\20260406_091957_strat_gie_sur_btcusdc_4h_acheter_en_cas\session_summary.json,C:\Users\o3-Pro\Documents\backtest_results\_builder_sessions\20260406_091957_strat_gie_sur_btcusdc_4h_acheter_en_cas,1eb713792058605cc6d04c553402754846866950e71f44a9dda9bfc5828dc8ff,154720,2026-04-06T09:19:57.607913,,failed,,BTCUSDC,4h,6,,0.0,-50.0,
1912,20260406_092934_strat_gie_sur_suiusdc_30m_acheter_sur_su,C:\Users\o3-Pro\Documents\backtest_results\_builder_sessions\20260406_092934_strat_gie_sur_suiusdc_30m_acheter_sur_su\session_summary.json,C:\Users\o3-Pro\Documents\backtest_results\_builder_sessions\20260406_092934_strat_gie_sur_suiusdc_30m_acheter_sur_su,a24882ec9199c133d684e1645755396e73b370c7b5f5a17572ceeef225744707,200831,2026-04-06T09:29:34.878779,,failed,,SUIUSDC,30m,6,,0.0,-26.0,
1913,20260406_093454_strat_gie_de_trend_following_sur_suiusdc,C:\Users\o3-Pro\Documents\backtest_results\_builder_sessions\20260406_093454_strat_gie_de_trend_following_sur_suiusdc\session_summary.json,C:\Users\o3-Pro\Documents\backtest_results\_builder_sessions\20260406_093454_strat_gie_de_trend_following_sur_suiusdc,fc5f0bca367093665b5ed77f7ca60f8b8cd232fc3e60e9e3bdc9a1c001bfe7fc,55092,2026-04-06T09:34:54.800458,,failed,,SUIUSDC,1h,6,,0.0,-50.0,
1914,20260406_094134_strat_gie_de_breakout_sur_arbusdc_1d_ind,C:\Users\o3-Pro\Documents\backtest_results\_builder_sessions\20260406_094134_strat_gie_de_breakout_sur_arbusdc_1d_ind\session_summary.json,C:\Users\o3-Pro\Documents\backtest_results\_builder_sessions\20260406_094134_strat_gie_de_breakout_sur_arbusdc_1d_ind,8516dabb538d683c3fd8bad2a9fc2f62fe37617dc98b5b13c79ac1a2286d968e,91338,2026-04-06T09:41:34.009390,,failed,,ARBUSDC,1d,9,,0.821424925598628,-26.0,
1915,20260406_095236_strat_gie_de_multi_factor_sur_ltcusdc_1d,C:\Users\o3-Pro\Documents\backtest_results\_builder_sessions\20260406_095236_strat_gie_de_multi_factor_sur_ltcusdc_1d\session_summary.json,C:\Users\o3-Pro\Documents\backtest_results\_builder_sessions\20260406_095236_strat_gie_de_multi_factor_sur_ltcusdc_1d,7e39252a5cd9c6d85bf582f4b5abcd192eccd68de76e7a8ce24ac9ff3a78a84c,31675,2026-04-06T09:52:36.010588,,running,,LTCUSDC,1d,3,,0.0,-50.0,
1916,20260406_101450_the_output_you_provided_is_a_json_object,C:\Users\o3-Pro\Documents\backtest_results\_builder_sessions\20260406_101450_the_output_you_provided_is_a_json_object\session_summary.json,C:\Users\o3-Pro\Documents\backtest_results\_builder_sessions\20260406_101450_the_output_you_provided_is_a_json_object,e551308bfe121a80570a735fe7419bdcd62ec6c059c7a47eedb75a6ad1544347,106170,2026-04-06T10:14:50.933390,,failed,,SOLUSDC,1h,6,,0.2518411072048357,-91.3307288518973,
1917,20260406_102024_this_is_a_json_object_returned_by_an_ai,C:\Users\o3-Pro\Documents\backtest_results\_builder_sessions\20260406_102024_this_is_a_json_object_returned_by_an_ai\session_summary.json,C:\Users\o3-Pro\Documents\backtest_results\_builder_sessions\20260406_102024_this_is_a_json_object_returned_by_an_ai,685a767175f43f17789f061f4d2a344dd42637d18a73242c32ed9e20c89f539a,102039,2026-04-06T10:20:24.594798,,failed,,INJUSDC,1d,5,,0.0,-50.0,
1918,20260406_102702_the_provided_json_object_seems_to_be_a_r,C:\Users\o3-Pro\Documents\backtest_results\_builder_sessions\20260406_102702_the_provided_json_object_seems_to_be_a_r\session_summary.json,C:\Users\o3-Pro\Documents\backtest_results\_builder_sessions\20260406_102702_the_provided_json_object_seems_to_be_a_r,b99a3f74c0a4b19e63d1b8e69d218c1a886fee9544b7603a5095e85cb34b5cbe,191205,2026-04-06T10:27:02.462734,,running,,SOLUSDC,4h,4,,0.2796840731651291,45.53547560200604,
1919,20260406_204534_sur_le_march_suiusdc_avec_un_timeframe_d,C:\Users\o3-Pro\Documents\backtest_results\_builder_sessions\20260406_204534_sur_le_march_suiusdc_avec_un_timeframe_d\session_summary.json,C:\Users\o3-Pro\Documents\backtest_results\_builder_sessions\20260406_204534_sur_le_march_suiusdc_avec_un_timeframe_d,3f2778078cf3360f0f5082da87f1f5af24ccec5ea247e49cc3b19b50db9bb0a7,152406,2026-04-06T20:45:34.857070,,failed,,SUIUSDC,1d,1,,-20.0,-100.0,
1920,20260406_204714_sur_le_march_atomusdc_au_timeframe_1d_je,C:\Users\o3-Pro\Documents\backtest_results\_builder_sessions\20260406_204714_sur_le_march_atomusdc_au_timeframe_1d_je\session_summary.json,C:\Users\o3-Pro\Documents\backtest_results\_builder_sessions\20260406_204714_sur_le_march_atomusdc_au_timeframe_1d_je,01e931ee3c4859b184c1f195a3223005c4e9b6f577e1313d5abeeb47955c9022,212733,2026-04-06T20:47:14.011340,,failed,,ATOMUSDC,1d,2,,0.0,-100.0,
1921,20260406_204916_prendre_position_longue_lorsque_la_moyen,C:\Users\o3-Pro\Documents\backtest_results\_builder_sessions\20260406_204916_prendre_position_longue_lorsque_la_moyen\session_summary.json,C:\Users\o3-Pro\Documents\backtest_results\_builder_sessions\20260406_204916_prendre_position_longue_lorsque_la_moyen,38366f2f515b0ababa12a1e8600de0c70a8914d03da44261408f09a962d8a1e6,162136,2026-04-06T20:49:16.930545,,success,,LINKUSDC,1w,5,,1.1595063462105644,100.0,
1922,20260406_205656_strat_gie_sur_dotusdc_4h_identify_trend,C:\Users\o3-Pro\Documents\backtest_results\_builder_sessions\20260406_205656_strat_gie_sur_dotusdc_4h_identify_trend\session_summary.json,C:\Users\o3-Pro\Documents\backtest_results\_builder_sessions\20260406_205656_strat_gie_sur_dotusdc_4h_identify_trend,0213fedf6138cc2daf8b67de1a1d3cfb4207d3ed60ba7d0df621cfdf944b58f3,156863,2026-04-06T20:56:56.716076,,failed,,DOTUSDC,4h,2,,0.0,-26.0,
1923,20260406_205851_capture_les_opportunit_s_d_achat_ou_de_v,C:\Users\o3-Pro\Documents\backtest_results\_builder_sessions\20260406_205851_capture_les_opportunit_s_d_achat_ou_de_v\session_summary.json,C:\Users\o3-Pro\Documents\backtest_results\_builder_sessions\20260406_205851_capture_les_opportunit_s_d_achat_ou_de_v,580d7f30740646703319bb9c3370c3f6faa49d7f5dad81a73981d2d065cf9c95,224101,2026-04-06T20:58:51.399830,,failed,,DOTUSDC,1d,6,,0.35546088809763293,74.41820635936236,
1924,20260406_210529_entrer_en_position_longue_lorsque_nearus,C:\Users\o3-Pro\Documents\backtest_results\_builder_sessions\20260406_210529_entrer_en_position_longue_lorsque_nearus\session_summary.json,C:\Users\o3-Pro\Documents\backtest_results\_builder_sessions\20260406_210529_entrer_en_position_longue_lorsque_nearus,be03c54b570e114929b96597c28fec6e7f0c0dcf2eca4ab51a0147aa70866c64,187622,2026-04-06T21:05:29.920626,,failed,,NEARUSDC,1d,2,,-0.18271080484161728,-44.118562360474755,
1925,20260406_210744_strat_gie_sur_atomusdc_1w_capture_l_impu,C:\Users\o3-Pro\Documents\backtest_results\_builder_sessions\20260406_210744_strat_gie_sur_atomusdc_1w_capture_l_impu\session_summary.json,C:\Users\o3-Pro\Documents\backtest_results\_builder_sessions\20260406_210744_strat_gie_sur_atomusdc_1w_capture_l_impu,d202b2404034264401760399d1a712b565af963b7d21aa5ece7a399924451fe1,144449,2026-04-06T21:07:44.079995,,failed,,ATOMUSDC,1w,3,,0.4082253497787522,20.108487036099945,
1926,20260406_211259_strat_gie_de_regime_adaptatif_sur_btcusd,C:\Users\o3-Pro\Documents\backtest_results\_builder_sessions\20260406_211259_strat_gie_de_regime_adaptatif_sur_btcusd\session_summary.json,C:\Users\o3-Pro\Documents\backtest_results\_builder_sessions\20260406_211259_strat_gie_de_regime_adaptatif_sur_btcusd,58b80381c42b1191afce3195a6201f344702588bebdf9219ddd2b293c39991e8,22957,2026-04-06T21:12:59.216609,,running,,BTCUSDC,1h,2,,-0.09335743021433017,-100.0,
1927,20260407_183502_strat_gie_de_mean_reversion_sur_arbusdc,C:\Users\o3-Pro\Documents\backtest_results\_builder_sessions\20260407_183502_strat_gie_de_mean_reversion_sur_arbusdc\session_summary.json,C:\Users\o3-Pro\Documents\backtest_results\_builder_sessions\20260407_183502_strat_gie_de_mean_reversion_sur_arbusdc,38097a1911deaf34f2c14f920e56dfb32fdc1d59696b54eea3d47a0baab157cf,14048,2026-04-07T18:35:02.540043,,running,,ARBUSDC,1d,1,,0.29110904950160826,-83.19142911321818,
1928,20260407_214507_strat_gie_de_trend_following_sur_xrpusdc,C:\Users\o3-Pro\Documents\backtest_results\_builder_sessions\20260407_214507_strat_gie_de_trend_following_sur_xrpusdc\session_summary.json,C:\Users\o3-Pro\Documents\backtest_results\_builder_sessions\20260407_214507_strat_gie_de_trend_following_sur_xrpusdc,be0b3398efd53a81cbd5db5c539fc310f8132d2d511f0ecfa1be445a5c151650,22688,2026-04-07T21:45:07.022096,,running,,XRPUSDC,4h,2,,0.0,-50.0,
1929,20260407_221638_strat_gie_de_mean_reversion_sur_ethusdc,C:\Users\o3-Pro\Documents\backtest_results\_builder_sessions\20260407_221638_strat_gie_de_mean_reversion_sur_ethusdc\session_summary.json,C:\Users\o3-Pro\Documents\backtest_results\_builder_sessions\20260407_221638_strat_gie_de_mean_reversion_sur_ethusdc,074daee1044f8b8559bfd91cdae9d2c3412105928883e55c8c458a9030bab4e7,80843,2026-04-07T22:16:38.477145,,max_iterations,,ETHUSDC,1d,10,,0.34566855847883904,-26.0,
1930,20260408_021820_strat_gie_de_momentum_sur_adausdc_1d_ind,C:\Users\o3-Pro\Documents\backtest_results\_builder_sessions\20260408_021820_strat_gie_de_momentum_sur_adausdc_1d_ind\session_summary.json,C:\Users\o3-Pro\Documents\backtest_results\_builder_sessions\20260408_021820_strat_gie_de_momentum_sur_adausdc_1d_ind,414d402f7641810e3fa767b15f7f76f30c573515534d3983754c7a60f363fca5,235142,2026-04-08T02:18:20.287193,,max_iterations,,ADAUSDC,1d,10,,0.6954443073989546,-26.0,
1931,20260408_033210_strat_gie_de_breakout_sur_xrpusdc_4h_ind,C:\Users\o3-Pro\Documents\backtest_results\_builder_sessions\20260408_033210_strat_gie_de_breakout_sur_xrpusdc_4h_ind\session_summary.json,C:\Users\o3-Pro\Documents\backtest_results\_builder_sessions\20260408_033210_strat_gie_de_breakout_sur_xrpusdc_4h_ind,7e2ce5c5944366ea9b323d2a39133bda9d8bb9475ae4cba641936296919f449e,148914,2026-04-08T03:32:10.441032,,running,,XRPUSDC,4h,5,,0.5564580806397864,37.059890144200544,
1932,20260408_133545_strat_gie_de_regime_adaptatif_sur_filusd,C:\Users\o3-Pro\Documents\backtest_results\_builder_sessions\20260408_133545_strat_gie_de_regime_adaptatif_sur_filusd\session_summary.json,C:\Users\o3-Pro\Documents\backtest_results\_builder_sessions\20260408_133545_strat_gie_de_regime_adaptatif_sur_filusd,99508b34eccbdfdc527f59f73bb9674515eb6f9421538d060af9999f4855bd4e,225698,2026-04-08T13:35:45.276961,,max_iterations,,FILUSDC,1d,10,,0.5808958653276638,38.5672464732986,
1933,20260408_160109_objective_style_symbol_btcusdc_timefram,C:\Users\o3-Pro\Documents\backtest_results\_builder_sessions\20260408_160109_objective_style_symbol_btcusdc_timefram\session_summary.json,C:\Users\o3-Pro\Documents\backtest_results\_builder_sessions\20260408_160109_objective_style_symbol_btcusdc_timefram,25c39d7bb94a26f51db0a69a791a3e46c3b5dfe98dae43a41ac11e0282d3a556,214625,2026-04-08T16:01:09.604836,,running,,BTCUSDC,1w,5,,0.48766474717909086,48.47889121494964,
1934,20260408_174540_strat_gie_de_scalping_sur_adausdc_1w_ind,C:\Users\o3-Pro\Documents\backtest_results\_builder_sessions\20260408_174540_strat_gie_de_scalping_sur_adausdc_1w_ind\session_summary.json,C:\Users\o3-Pro\Documents\backtest_results\_builder_sessions\20260408_174540_strat_gie_de_scalping_sur_adausdc_1w_ind,f6959a7cc611a5bced0392d62bec234ecd1d94c0b28705a2078ec6891d5d52fe,180182,2026-04-08T17:45:40.946535,,failed,,ADAUSDC,1w,5,,1.4153925075931366,100.0,
1935,20260409_004456_strat_gie_sur_adausdc_4h_exploiter_les_d,C:\Users\o3-Pro\Documents\backtest_results\_builder_sessions\20260409_004456_strat_gie_sur_adausdc_4h_exploiter_les_d\session_summary.json,C:\Users\o3-Pro\Documents\backtest_results\_builder_sessions\20260409_004456_strat_gie_sur_adausdc_4h_exploiter_les_d,f080e8339541792abee70de8f3817fae88cdce747dd73b50da6bb198ab6054a5,170985,2026-04-09T00:44:56.698438,,failed,,ADAUSDC,4h,3,,0.0,-26.0,
1936,20260409_004904_strat_gie_de_breakout_sur_suiusdc_4h_ind,C:\Users\o3-Pro\Documents\backtest_results\_builder_sessions\20260409_004904_strat_gie_de_breakout_sur_suiusdc_4h_ind\session_summary.json,C:\Users\o3-Pro\Documents\backtest_results\_builder_sessions\20260409_004904_strat_gie_de_breakout_sur_suiusdc_4h_ind,45627021f87dcda7d090abcfb105fb3d8dfa33983d85edf11f7976dc16b815a5,85779,2026-04-09T00:49:04.070674,,running,,SUIUSDC,4h,9,,0.9698429062241084,100.0,
1937,20260409_153937_trend_following_mean_reversion_btc_1h_av,C:\Users\o3-Pro\Documents\backtest_results\_builder_sessions\20260409_153937_trend_following_mean_reversion_btc_1h_av\session_summary.json,C:\Users\o3-Pro\Documents\backtest_results\_builder_sessions\20260409_153937_trend_following_mean_reversion_btc_1h_av,232bf555c973788eb5af074c2daec7484ef0978f137b707bcf764c68e7642d3f,16250,2026-04-09T15:39:37.993242,,failed,,BTCUSDC,1h,9,,-inf,-inf,
1938,20260409_154612_trend_following_mean_reversion_btc_1h_av,C:\Users\o3-Pro\Documents\backtest_results\_builder_sessions\20260409_154612_trend_following_mean_reversion_btc_1h_av\session_summary.json,C:\Users\o3-Pro\Documents\backtest_results\_builder_sessions\20260409_154612_trend_following_mean_reversion_btc_1h_av,75cb9a724ca64a645d064f8870f66e98e445a7d8d26633b8ae7b47f196d7cf25,48732,2026-04-09T15:46:12.938217,,failed,,BTCUSDC,1h,9,,0.0,-26.0,
1939,20260409_155838_trend_following_mean_reversion_btc_1h_av,C:\Users\o3-Pro\Documents\backtest_results\_builder_sessions\20260409_155838_trend_following_mean_reversion_btc_1h_av\session_summary.json,C:\Users\o3-Pro\Documents\backtest_results\_builder_sessions\20260409_155838_trend_following_mean_reversion_btc_1h_av,ddc026b37e7ce256b0f73170ae9cc0fe0361201556ce8a55643883d08884fe44,11908,2026-04-09T15:58:38.259011,,running,,BTCUSDC,1h,6,,-inf,-inf,
1940,20260409_160340_trend_following_mean_reversion_btc_1h_av,C:\Users\o3-Pro\Documents\backtest_results\_builder_sessions\20260409_160340_trend_following_mean_reversion_btc_1h_av\session_summary.json,C:\Users\o3-Pro\Documents\backtest_results\_builder_sessions\20260409_160340_trend_following_mean_reversion_btc_1h_av,1fea666d0e35516c796e94d48fa69166f0520d46d01a5d749e08689de2724b15,5443,2026-04-09T16:03:40.613236,,running,,BTCUSDC,1h,2,,-inf,-inf,
1941,20260409_160524_trend_following_mean_reversion_btc_1h_av,C:\Users\o3-Pro\Documents\backtest_results\_builder_sessions\20260409_160524_trend_following_mean_reversion_btc_1h_av\session_summary.json,C:\Users\o3-Pro\Documents\backtest_results\_builder_sessions\20260409_160524_trend_following_mean_reversion_btc_1h_av,0cb835602e0dc1782d08c461c7cb0c317f835323ea88856c0658764e8921d7e6,44379,2026-04-09T16:05:24.284857,,failed,,BTCUSDC,1h,6,,0.0,-26.0,
1942,20260409_165323_trend_following_mean_reversion_btc_1h_av,C:\Users\o3-Pro\Documents\backtest_results\_builder_sessions\20260409_165323_trend_following_mean_reversion_btc_1h_av\session_summary.json,C:\Users\o3-Pro\Documents\backtest_results\_builder_sessions\20260409_165323_trend_following_mean_reversion_btc_1h_av,f014aa9e6209a2f3bbe82d8440394e32b9948319b90c0b1a8df91ab30ffda88e,29302,2026-04-09T16:53:23.156032,,failed,,BTCUSDC,1h,4,,0.0,-26.0,
1943,20260409_170058_trend_following_mean_reversion_btc_1h_av,C:\Users\o3-Pro\Documents\backtest_results\_builder_sessions\20260409_170058_trend_following_mean_reversion_btc_1h_av\session_summary.json,C:\Users\o3-Pro\Documents\backtest_results\_builder_sessions\20260409_170058_trend_following_mean_reversion_btc_1h_av,854bb768a188dbeae01c78d1574937f27986b5384cd6d07fbf7d83a9640ba89e,35553,2026-04-09T17:00:58.966472,,failed,,BTCUSDC,1h,6,,0.0,-26.0,
1944,20260409_170739_trend_following_mean_reversion_btc_1h_av,C:\Users\o3-Pro\Documents\backtest_results\_builder_sessions\20260409_170739_trend_following_mean_reversion_btc_1h_av\session_summary.json,C:\Users\o3-Pro\Documents\backtest_results\_builder_sessions\20260409_170739_trend_following_mean_reversion_btc_1h_av,db8d6bafa1589c11cfd6fde5b1845b2114e6ea9e29505573295152167a221ae2,29097,2026-04-09T17:07:39.745936,,failed,,BTCUSDC,1h,6,,0.0,-26.0,
1945,20260409_171905_trend_following_mean_reversion_btc_1h_av,C:\Users\o3-Pro\Documents\backtest_results\_builder_sessions\20260409_171905_trend_following_mean_reversion_btc_1h_av\session_summary.json,C:\Users\o3-Pro\Documents\backtest_results\_builder_sessions\20260409_171905_trend_following_mean_reversion_btc_1h_av,8a523d0f42607487baf8b254c556ed59f289a103d23033fd0c9611454da3a2d6,30705,2026-04-09T17:19:05.967414,,failed,,BTCUSDC,1h,6,,0.0,-100.0,
1946,20260409_181810_btc_1h_avec_logique_simple_et_robuste_de,C:\Users\o3-Pro\Documents\backtest_results\_builder_sessions\20260409_181810_btc_1h_avec_logique_simple_et_robuste_de\session_summary.json,C:\Users\o3-Pro\Documents\backtest_results\_builder_sessions\20260409_181810_btc_1h_avec_logique_simple_et_robuste_de,6e9ee96a5e5bee5fdbad4e6b9950d706dd1b82374cd57dae3ac82027189fca4c,10437,2026-04-09T18:18:10.257148,,failed,,BTCUSDC,1h,1,,0.0,-26.0,
1947,20260409_181940_btc_1h_avec_logique_simple_et_robuste_de,C:\Users\o3-Pro\Documents\backtest_results\_builder_sessions\20260409_181940_btc_1h_avec_logique_simple_et_robuste_de\session_summary.json,C:\Users\o3-Pro\Documents\backtest_results\_builder_sessions\20260409_181940_btc_1h_avec_logique_simple_et_robuste_de,cb2f643a35580e91b469b1b95a82d5dd1497d291a3a71b309df02ae76823d87a,20140,2026-04-09T18:19:40.539341,,failed,,BTCUSDC,1h,2,,0.0,-26.0,
1948,20260409_182151_btc_1h_avec_logique_simple_et_robuste_de,C:\Users\o3-Pro\Documents\backtest_results\_builder_sessions\20260409_182151_btc_1h_avec_logique_simple_et_robuste_de\session_summary.json,C:\Users\o3-Pro\Documents\backtest_results\_builder_sessions\20260409_182151_btc_1h_avec_logique_simple_et_robuste_de,a418c34f172cc1f5b78445544c43f85143e9cc4f468599b65f94eb53ad1f66f9,11344,2026-04-09T18:21:51.777128,,failed,,BTCUSDC,1h,1,,-0.1298247484733912,-100.0,
1949,20260409_182326_btc_1h_avec_logique_simple_et_robuste_de,C:\Users\o3-Pro\Documents\backtest_results\_builder_sessions\20260409_182326_btc_1h_avec_logique_simple_et_robuste_de\session_summary.json,C:\Users\o3-Pro\Documents\backtest_results\_builder_sessions\20260409_182326_btc_1h_avec_logique_simple_et_robuste_de,ff066999c84436b64a83c3b197d1085f57d22f0da2f90923ad4fb2252801e691,19878,2026-04-09T18:23:26.940084,,failed,,BTCUSDC,1h,2,,0.9003179964528298,96.03282482654947,
1950,20260409_183315_btc_1h_avec_logique_simple_et_robuste_de,C:\Users\o3-Pro\Documents\backtest_results\_builder_sessions\20260409_183315_btc_1h_avec_logique_simple_et_robuste_de\session_summary.json,C:\Users\o3-Pro\Documents\backtest_results\_builder_sessions\20260409_183315_btc_1h_avec_logique_simple_et_robuste_de,9baa20b366c08a2cb9709b143b96cdab4594cbc11f8ec333a85291a15a694d18,20724,2026-04-09T18:33:15.648371,,failed,,BTCUSDC,1h,2,,-0.1393482319772981,-100.0,
1951,20260409_183641_btc_1h_avec_logique_simple_et_robuste_de,C:\Users\o3-Pro\Documents\backtest_results\_builder_sessions\20260409_183641_btc_1h_avec_logique_simple_et_robuste_de\session_summary.json,C:\Users\o3-Pro\Documents\backtest_results\_builder_sessions\20260409_183641_btc_1h_avec_logique_simple_et_robuste_de,ac29b929b1e2b71254674cad6f7765bff048afe16e1a6c0dafd06fc6c49fe77f,18750,2026-04-09T18:36:41.706247,,failed,,BTCUSDC,1h,2,,0.0,-26.0,
1952,20260409_191322_strat_gie_de_multi_factor_sur_linkusdc_1,C:\Users\o3-Pro\Documents\backtest_results\_builder_sessions\20260409_191322_strat_gie_de_multi_factor_sur_linkusdc_1\session_summary.json,C:\Users\o3-Pro\Documents\backtest_results\_builder_sessions\20260409_191322_strat_gie_de_multi_factor_sur_linkusdc_1,25d28d7b9d13627e657a17deb526fd00967a5c9ce4ed425561800c7637252cf8,53614,2026-04-09T19:13:22.808782,,failed,,LINKUSDC,1d,6,,0.0,-26.0,
1953,20260409_191834_strat_gie_de_regime_adaptatif_sur_btcusd,C:\Users\o3-Pro\Documents\backtest_results\_builder_sessions\20260409_191834_strat_gie_de_regime_adaptatif_sur_btcusd\session_summary.json,C:\Users\o3-Pro\Documents\backtest_results\_builder_sessions\20260409_191834_strat_gie_de_regime_adaptatif_sur_btcusd,b92324919ff5feef29eb9b77ab51be35585dbda777cc228be2367b12aa3dce8e,34644,2026-04-09T19:18:34.145041,,running,,BTCUSDC,1h,4,,0.0,-100.0,
1954,20260409_211520_strat_gie_de_trend_following_sur_avaxusd,C:\Users\o3-Pro\Documents\backtest_results\_builder_sessions\20260409_211520_strat_gie_de_trend_following_sur_avaxusd\session_summary.json,C:\Users\o3-Pro\Documents\backtest_results\_builder_sessions\20260409_211520_strat_gie_de_trend_following_sur_avaxusd,2b953a9f8bcb014324f224d537e94816e72151140ba5ee7b1364eb437ba644ba,45726,2026-04-09T21:15:20.364951,,running,,AVAXUSDC,1d,5,,0.365794532878511,8.053043240527217,
1955,20260409_212415_strat_gie_de_breakout_sur_opusdc_1d_indi,C:\Users\o3-Pro\Documents\backtest_results\_builder_sessions\20260409_212415_strat_gie_de_breakout_sur_opusdc_1d_indi\session_summary.json,C:\Users\o3-Pro\Documents\backtest_results\_builder_sessions\20260409_212415_strat_gie_de_breakout_sur_opusdc_1d_indi,50b9b6e5d0aab2ffe17ec8623e9fb6ec8461f7222be5d1fa0b1062dfe64d7067,30051,2026-04-09T21:24:15.859303,,running,,OPUSDC,1d,3,,0.0,-50.0,
1956,20260409_235156_strat_gie_de_multi_factor_sur_xrpusdc_1w,C:\Users\o3-Pro\Documents\backtest_results\_builder_sessions\20260409_235156_strat_gie_de_multi_factor_sur_xrpusdc_1w\session_summary.json,C:\Users\o3-Pro\Documents\backtest_results\_builder_sessions\20260409_235156_strat_gie_de_multi_factor_sur_xrpusdc_1w,1301f3445e333d3e486320df1329e6368d187a20cc9b1c3618927cf3cdd0667e,52549,2026-04-09T23:51:56.711402,,failed,,XRPUSDC,1w,6,,0.2945866726430483,-26.0,
1957,20260410_000142_strat_gie_de_regime_adaptatif_sur_nearus,C:\Users\o3-Pro\Documents\backtest_results\_builder_sessions\20260410_000142_strat_gie_de_regime_adaptatif_sur_nearus\session_summary.json,C:\Users\o3-Pro\Documents\backtest_results\_builder_sessions\20260410_000142_strat_gie_de_regime_adaptatif_sur_nearus,ba666363bc3a0c14aeb11e7b251c0988c5cdeb1c70f6c941bf8d211f04bacea7,143333,2026-04-10T00:01:42.075629,,failed,,NEARUSDC,1d,3,,0.0,-26.0,
1958,20260410_001211_strat_gie_de_scalping_sur_xrpusdc_4h_ind,C:\Users\o3-Pro\Documents\backtest_results\_builder_sessions\20260410_001211_strat_gie_de_scalping_sur_xrpusdc_4h_ind\session_summary.json,C:\Users\o3-Pro\Documents\backtest_results\_builder_sessions\20260410_001211_strat_gie_de_scalping_sur_xrpusdc_4h_ind,143170a3c3b51836895eee2f7fcabd31f59c82eb2d6624223f18c0d7d512923c,214103,2026-04-10T00:12:11.999047,,failed,,XRPUSDC,4h,10,,0.49975945039728586,70.57182194399411,
1959,20260410_004020_strat_gie_de_momentum_sur_ethusdc_1h_ind,C:\Users\o3-Pro\Documents\backtest_results\_builder_sessions\20260410_004020_strat_gie_de_momentum_sur_ethusdc_1h_ind\session_summary.json,C:\Users\o3-Pro\Documents\backtest_results\_builder_sessions\20260410_004020_strat_gie_de_momentum_sur_ethusdc_1h_ind,4813a1c0f77aacd96239011fcea1af6880fab1173152c2eb855e312d31d4bf76,153087,2026-04-10T00:40:20.269950,,failed,,ETHUSDC,1h,6,,0.0,-100.0,
1960,20260410_010242_strat_gie_de_breakout_sur_ethusdc_4h_ind,C:\Users\o3-Pro\Documents\backtest_results\_builder_sessions\20260410_010242_strat_gie_de_breakout_sur_ethusdc_4h_ind\session_summary.json,C:\Users\o3-Pro\Documents\backtest_results\_builder_sessions\20260410_010242_strat_gie_de_breakout_sur_ethusdc_4h_ind,5ffa0a4b5a1e47b6e96e483dcc9fc64d763b8f185ac04a15c10b910d16354716,188802,2026-04-10T01:02:42.024457,,running,,ETHUSDC,4h,1,,-20.0,-100.0,
1961,20260410_010622_strat_gie_de_mean_reversion_sur_trxusdc,C:\Users\o3-Pro\Documents\backtest_results\_builder_sessions\20260410_010622_strat_gie_de_mean_reversion_sur_trxusdc\session_summary.json,C:\Users\o3-Pro\Documents\backtest_results\_builder_sessions\20260410_010622_strat_gie_de_mean_reversion_sur_trxusdc,c9d7796d4c3a8f95d5e7813362c7745705c755c28c54a6605e064c45b75e9dd7,56557,2026-04-10T01:06:22.146733,,failed,,TRXUSDC,1w,6,,0.044604809322561854,-63.55041881164537,
1962,20260410_012744_strat_gie_de_trend_following_sur_linkusd,C:\Users\o3-Pro\Documents\backtest_results\_builder_sessions\20260410_012744_strat_gie_de_trend_following_sur_linkusd\session_summary.json,C:\Users\o3-Pro\Documents\backtest_results\_builder_sessions\20260410_012744_strat_gie_de_trend_following_sur_linkusd,d50207cbe7b37dc4941259c4c231eb0ff23ef9a7ed6217d4862ec958ece1f8b6,91822,2026-04-10T01:27:44.127671,,failed,,LINKUSDC,1d,10,,0.6696430162580667,-58.11390098463279,
1963,20260410_020106_strat_gie_de_multi_factor_sur_atomusdc_1,C:\Users\o3-Pro\Documents\backtest_results\_builder_sessions\20260410_020106_strat_gie_de_multi_factor_sur_atomusdc_1\session_summary.json,C:\Users\o3-Pro\Documents\backtest_results\_builder_sessions\20260410_020106_strat_gie_de_multi_factor_sur_atomusdc_1,b8abee423ba2404c63d6e3947a6a12efde7e6be6f20a5926e4135c7baf64c54d,87082,2026-04-10T02:01:06.880062,,failed,,ATOMUSDC,1w,10,,1.124445333221599,52.626045133980895,
1964,20260410_021509_strat_gie_de_regime_adaptatif_sur_ethusd,C:\Users\o3-Pro\Documents\backtest_results\_builder_sessions\20260410_021509_strat_gie_de_regime_adaptatif_sur_ethusd\session_summary.json,C:\Users\o3-Pro\Documents\backtest_results\_builder_sessions\20260410_021509_strat_gie_de_regime_adaptatif_sur_ethusd,6541eb77155cf2eeb246ebeb8711fcd150573ab3069ad0f68dd58e6cfef47acd,29030,2026-04-10T02:15:09.660774,,running,,ETHUSDC,30m,3,,0.7076354143363649,27.328943116569732,
1965,20260410_151504_strat_gie_de_scalping_sur_btcusdc_1w_ind,C:\Users\o3-Pro\Documents\backtest_results\_builder_sessions\20260410_151504_strat_gie_de_scalping_sur_btcusdc_1w_ind\session_summary.json,C:\Users\o3-Pro\Documents\backtest_results\_builder_sessions\20260410_151504_strat_gie_de_scalping_sur_btcusdc_1w_ind,d05811da5ffb4159ad74899a3a35bd69128f6cbac4c54568ff695ff4741aefc7,132522,2026-04-10T15:15:04.225297,,success,,BTCUSDC,1w,1,,1.0644281711923527,61.774891935240625,
1966,20260410_151811_strat_gie_de_regime_adaptatif_sur_aptusd,C:\Users\o3-Pro\Documents\backtest_results\_builder_sessions\20260410_151811_strat_gie_de_regime_adaptatif_sur_aptusd\session_summary.json,C:\Users\o3-Pro\Documents\backtest_results\_builder_sessions\20260410_151811_strat_gie_de_regime_adaptatif_sur_aptusd,de7b1686b32daa86d0bf34f5754e892ced0e5e0c2655911e9bfa43c400daa480,150627,2026-04-10T15:18:11.990142,,running,,APTUSDC,1d,9,,0.0,-50.0,
1967,20260410_161130_strat_gie_sur_aptusdc_1d_strat_gie_de_tr,C:\Users\o3-Pro\Documents\backtest_results\_builder_sessions\20260410_161130_strat_gie_sur_aptusdc_1d_strat_gie_de_tr\session_summary.json,C:\Users\o3-Pro\Documents\backtest_results\_builder_sessions\20260410_161130_strat_gie_sur_aptusdc_1d_strat_gie_de_tr,13a36112af373742d02e80a02f7853aad8a1bb83a0b4d79d490bc44b32ac86a9,141024,2026-04-10T16:11:30.853376,,running,,APTUSDC,1d,2,,0.7703550324388145,88.11664794659463,
1968,20260410_185348_strat_gie_de_scalping_sur_linkusdc_1d_in,C:\Users\o3-Pro\Documents\backtest_results\_builder_sessions\20260410_185348_strat_gie_de_scalping_sur_linkusdc_1d_in\session_summary.json,C:\Users\o3-Pro\Documents\backtest_results\_builder_sessions\20260410_185348_strat_gie_de_scalping_sur_linkusdc_1d_in,9d5d5e3694bb0a83fc2a1f52ffcd89574b37324556ba097762ad9417585b5865,143080,2026-04-10T18:53:48.404803,,running,,LINKUSDC,1d,3,,0.0,-26.0,
1969,20260411_005915_strat_gie_de_regime_adaptatif_sur_filusd,C:\Users\o3-Pro\Documents\backtest_results\_builder_sessions\20260411_005915_strat_gie_de_regime_adaptatif_sur_filusd\session_summary.json,C:\Users\o3-Pro\Documents\backtest_results\_builder_sessions\20260411_005915_strat_gie_de_regime_adaptatif_sur_filusd,ac6a8149ebb0a65fae8006f902b416e5d6529a8351d15253a24b813737f3b3e9,165056,2026-04-11T00:59:15.492629,,running,,FILUSDC,1d,3,,0.9011098736162931,-50.0,
1970,20260411_035154_strat_gie_de_breakout_sur_btcusdc_1w_ind,C:\Users\o3-Pro\Documents\backtest_results\_builder_sessions\20260411_035154_strat_gie_de_breakout_sur_btcusdc_1w_ind\session_summary.json,C:\Users\o3-Pro\Documents\backtest_results\_builder_sessions\20260411_035154_strat_gie_de_breakout_sur_btcusdc_1w_ind,c2847b12c26251cadffc0dd244a57a55e03af815e2321ecdaf8e566eb86a66eb,257954,2026-04-11T03:51:54.081987,,max_iterations,,BTCUSDC,1w,10,,1.4345664980203428,100.0,
1971,20260411_041242_strat_gie_de_regime_adaptatif_sur_suiusd,C:\Users\o3-Pro\Documents\backtest_results\_builder_sessions\20260411_041242_strat_gie_de_regime_adaptatif_sur_suiusd\session_summary.json,C:\Users\o3-Pro\Documents\backtest_results\_builder_sessions\20260411_041242_strat_gie_de_regime_adaptatif_sur_suiusd,5f68209d7dee5b27fb0339d360374e5d42c86f639dde8ae7da61ef75cb8e5b86,241252,2026-04-11T04:12:42.278398,,max_iterations,,SUIUSDC,4h,10,,0.5471110640969425,58.93005533385305,
1972,20260411_043011_strat_gie_de_mean_reversion_sur_bnbusdc,C:\Users\o3-Pro\Documents\backtest_results\_builder_sessions\20260411_043011_strat_gie_de_mean_reversion_sur_bnbusdc\session_summary.json,C:\Users\o3-Pro\Documents\backtest_results\_builder_sessions\20260411_043011_strat_gie_de_mean_reversion_sur_bnbusdc,e66a6d48e8441435d313d1ebe07def4df776f882fcf35c16f2ee206c7d3b0459,290243,2026-04-11T04:30:11.803404,,max_iterations,,BNBUSDC,4h,10,,0.7506037185535985,94.70108554897087,
1973,20260411_045104_strat_gie_de_multi_factor_sur_trxusdc_1d,C:\Users\o3-Pro\Documents\backtest_results\_builder_sessions\20260411_045104_strat_gie_de_multi_factor_sur_trxusdc_1d\session_summary.json,C:\Users\o3-Pro\Documents\backtest_results\_builder_sessions\20260411_045104_strat_gie_de_multi_factor_sur_trxusdc_1d,db26518a3cd77a6edafa8539c641ff3bb95812b96aca78ed21069415b75b602e,266688,2026-04-11T04:51:04.175019,,max_iterations,,TRXUSDC,1d,10,,0.664301155378913,100.0,
1974,20260411_050320_strat_gie_de_breakout_sur_ltcusdc_1w_ind,C:\Users\o3-Pro\Documents\backtest_results\_builder_sessions\20260411_050320_strat_gie_de_breakout_sur_ltcusdc_1w_ind\session_summary.json,C:\Users\o3-Pro\Documents\backtest_results\_builder_sessions\20260411_050320_strat_gie_de_breakout_sur_ltcusdc_1w_ind,d849a7d1a5ccffcad1e6bfcc59554721f923c74b1dfc289eee712b76f9ba88b0,295208,2026-04-11T05:03:20.281974,,max_iterations,,LTCUSDC,1w,10,,0.9247867587654403,45.060580076330666,
1975,20260411_052714_strat_gie_de_trend_following_sur_injusdc,C:\Users\o3-Pro\Documents\backtest_results\_builder_sessions\20260411_052714_strat_gie_de_trend_following_sur_injusdc\session_summary.json,C:\Users\o3-Pro\Documents\backtest_results\_builder_sessions\20260411_052714_strat_gie_de_trend_following_sur_injusdc,6c799c4ace1fff18543af04834d55bb4fe7956ffa8ba80d57990bdf294104a20,250598,2026-04-11T05:27:14.869142,,max_iterations,,INJUSDC,1d,10,,0.7476507980734284,100.0,
1976,20260411_055312_strat_gie_de_regime_adaptatif_sur_trxusd,C:\Users\o3-Pro\Documents\backtest_results\_builder_sessions\20260411_055312_strat_gie_de_regime_adaptatif_sur_trxusd\session_summary.json,C:\Users\o3-Pro\Documents\backtest_results\_builder_sessions\20260411_055312_strat_gie_de_regime_adaptatif_sur_trxusd,329899917aa49c9a8bd51b61b3bf4c1db91e76bfa74472ccb223dbcde43305cc,192395,2026-04-11T05:53:12.370133,,success,,TRXUSDC,1w,5,,1.2233737537700047,76.76708936206975,
1977,20260411_060529_strat_gie_de_scalping_sur_xrpusdc_1w_ind,C:\Users\o3-Pro\Documents\backtest_results\_builder_sessions\20260411_060529_strat_gie_de_scalping_sur_xrpusdc_1w_ind\session_summary.json,C:\Users\o3-Pro\Documents\backtest_results\_builder_sessions\20260411_060529_strat_gie_de_scalping_sur_xrpusdc_1w_ind,3af136da461e4aff4c2cdfe42115690d5ebafc8c252514c84ad834695164dfed,277632,2026-04-11T06:05:29.314708,,max_iterations,,XRPUSDC,1w,10,,1.433762482095988,100.0,
1978,20260411_061850_strat_gie_de_momentum_sur_injusdc_1d_ind,C:\Users\o3-Pro\Documents\backtest_results\_builder_sessions\20260411_061850_strat_gie_de_momentum_sur_injusdc_1d_ind\session_summary.json,C:\Users\o3-Pro\Documents\backtest_results\_builder_sessions\20260411_061850_strat_gie_de_momentum_sur_injusdc_1d_ind,ba54b66f9e6de1fc3348013abd069b3c4f7848ade9637e918e6814c5c55d2149,146340,2026-04-11T06:18:50.045368,,success,,INJUSDC,1d,2,,1.188614764908034,100.0,
1979,20260411_062426_strat_gie_de_multi_factor_sur_solusdc_1d,C:\Users\o3-Pro\Documents\backtest_results\_builder_sessions\20260411_062426_strat_gie_de_multi_factor_sur_solusdc_1d\session_summary.json,C:\Users\o3-Pro\Documents\backtest_results\_builder_sessions\20260411_062426_strat_gie_de_multi_factor_sur_solusdc_1d,9cbf20607aee04236f953c9c802c383c12d7d791ae30129067ec830b6355feba,256980,2026-04-11T06:24:26.923734,,max_iterations,,SOLUSDC,1d,10,,0.9310645629629563,83.35482015908104,
1980,20260411_064346_strat_gie_de_breakout_sur_bnbusdc_1d_ind,C:\Users\o3-Pro\Documents\backtest_results\_builder_sessions\20260411_064346_strat_gie_de_breakout_sur_bnbusdc_1d_ind\session_summary.json,C:\Users\o3-Pro\Documents\backtest_results\_builder_sessions\20260411_064346_strat_gie_de_breakout_sur_bnbusdc_1d_ind,c6f353f627a940ddfc2a1de07b5b206d4b11f8daa95ab55a0d9289a947b724c2,252101,2026-04-11T06:43:46.426832,,max_iterations,,BNBUSDC,1d,10,,0.7304536729465833,60.64529215878775,
1981,20260411_070714_strat_gie_de_regime_adaptatif_sur_solusd,C:\Users\o3-Pro\Documents\backtest_results\_builder_sessions\20260411_070714_strat_gie_de_regime_adaptatif_sur_solusd\session_summary.json,C:\Users\o3-Pro\Documents\backtest_results\_builder_sessions\20260411_070714_strat_gie_de_regime_adaptatif_sur_solusd,e041af2a105d0f162daaf4db0559a44e9961f80eb17790c85c482dbbef0d97b6,312141,2026-04-11T07:07:14.188259,,failed,,SOLUSDC,4h,9,,0.4483992434793193,-100.0,
1982,20260411_072534_strat_gie_de_momentum_sur_ltcusdc_1w_ind,C:\Users\o3-Pro\Documents\backtest_results\_builder_sessions\20260411_072534_strat_gie_de_momentum_sur_ltcusdc_1w_ind\session_summary.json,C:\Users\o3-Pro\Documents\backtest_results\_builder_sessions\20260411_072534_strat_gie_de_momentum_sur_ltcusdc_1w_ind,e6af9001843bf3d37244057b19214c56a1dce0c9b4075166daf300b82091d9a9,282152,2026-04-11T07:25:34.788797,,max_iterations,,LTCUSDC,1w,10,,1.3704962105117142,100.0,
1983,20260411_074648_strat_gie_de_multi_factor_sur_suiusdc_4h,C:\Users\o3-Pro\Documents\backtest_results\_builder_sessions\20260411_074648_strat_gie_de_multi_factor_sur_suiusdc_4h\session_summary.json,C:\Users\o3-Pro\Documents\backtest_results\_builder_sessions\20260411_074648_strat_gie_de_multi_factor_sur_suiusdc_4h,5b0e2f33070fb22e88531f0b71373fc0a78dfb38d2b30a17d19591c8594114f6,223108,2026-04-11T07:46:48.621678,,success,,SUIUSDC,4h,2,,1.0089560667354742,100.0,
1984,20260411_074849_strat_gie_de_breakout_sur_bnbusdc_1w_ind,C:\Users\o3-Pro\Documents\backtest_results\_builder_sessions\20260411_074849_strat_gie_de_breakout_sur_bnbusdc_1w_ind\session_summary.json,C:\Users\o3-Pro\Documents\backtest_results\_builder_sessions\20260411_074849_strat_gie_de_breakout_sur_bnbusdc_1w_ind,1e09f7dec274fa45436567f71a25eafd94892eb27d44aa007f114c15ecb787af,198770,2026-04-11T07:48:49.742046,,success,,BNBUSDC,1w,5,,1.1973394852673434,100.0,
1985,20260411_080214_strat_gie_de_mean_reversion_sur_btcusdc,C:\Users\o3-Pro\Documents\backtest_results\_builder_sessions\20260411_080214_strat_gie_de_mean_reversion_sur_btcusdc\session_summary.json,C:\Users\o3-Pro\Documents\backtest_results\_builder_sessions\20260411_080214_strat_gie_de_mean_reversion_sur_btcusdc,6d19f424fbcd4503696e22f9ba22f0aab38e1ba55bccefdfb31b546a49f19571,271404,2026-04-11T08:02:14.900765,,max_iterations,,BTCUSDC,1w,10,,1.5956505764678317,34.58716835664055,
1986,20260411_083204_strat_gie_de_trend_following_sur_filusdc,C:\Users\o3-Pro\Documents\backtest_results\_builder_sessions\20260411_083204_strat_gie_de_trend_following_sur_filusdc\session_summary.json,C:\Users\o3-Pro\Documents\backtest_results\_builder_sessions\20260411_083204_strat_gie_de_trend_following_sur_filusdc,d07c4c20f719c91fde5a8162f7216f446d4c0ae5258a38c975f6e261fb505037,247311,2026-04-11T08:32:04.203231,,max_iterations,,FILUSDC,1d,10,,0.6383149929206445,-100.0,
1987,20260411_085426_strat_gie_de_multi_factor_sur_trxusdc_1d,C:\Users\o3-Pro\Documents\backtest_results\_builder_sessions\20260411_085426_strat_gie_de_multi_factor_sur_trxusdc_1d\session_summary.json,C:\Users\o3-Pro\Documents\backtest_results\_builder_sessions\20260411_085426_strat_gie_de_multi_factor_sur_trxusdc_1d,068663b1d9d398a1be155f7cdf86721f108c6b1a4713ff7b208e8ebd6ea5a0fa,267593,2026-04-11T08:54:26.586242,,max_iterations,,TRXUSDC,1d,10,,0.9615800034856476,100.0,
1988,20260411_090624_strat_gie_de_scalping_sur_adausdc_1w_ind,C:\Users\o3-Pro\Documents\backtest_results\_builder_sessions\20260411_090624_strat_gie_de_scalping_sur_adausdc_1w_ind\session_summary.json,C:\Users\o3-Pro\Documents\backtest_results\_builder_sessions\20260411_090624_strat_gie_de_scalping_sur_adausdc_1w_ind,b970eab1a17ffda237de22f930638daf922b0af1941b64d88330c6d37571662c,308494,2026-04-11T09:06:24.370902,,max_iterations,,ADAUSDC,1w,10,,2.131970240949234,100.0,
1989,20260411_092128_strat_gie_de_trend_following_sur_injusdc,C:\Users\o3-Pro\Documents\backtest_results\_builder_sessions\20260411_092128_strat_gie_de_trend_following_sur_injusdc\session_summary.json,C:\Users\o3-Pro\Documents\backtest_results\_builder_sessions\20260411_092128_strat_gie_de_trend_following_sur_injusdc,caa3417b9f4f743fe53d8a943e4de10d47e7aa826a274fd8c624ffd2174b9f7f,212191,2026-04-11T09:21:28.221367,,failed,,INJUSDC,1d,6,,0.0,-26.0,
1990,20260411_094209_strat_gie_de_breakout_sur_ltcusdc_1w_ind,C:\Users\o3-Pro\Documents\backtest_results\_builder_sessions\20260411_094209_strat_gie_de_breakout_sur_ltcusdc_1w_ind\session_summary.json,C:\Users\o3-Pro\Documents\backtest_results\_builder_sessions\20260411_094209_strat_gie_de_breakout_sur_ltcusdc_1w_ind,2a6d03712b7c8b8d449e8d9296feab7d4ce42211838495d1fb524d0e89edf413,269327,2026-04-11T09:42:09.828703,,max_iterations,,LTCUSDC,1w,10,,1.3034734859157675,100.0,
1991,20260411_095839_strat_gie_de_multi_factor_sur_xrpusdc_4h,C:\Users\o3-Pro\Documents\backtest_results\_builder_sessions\20260411_095839_strat_gie_de_multi_factor_sur_xrpusdc_4h\session_summary.json,C:\Users\o3-Pro\Documents\backtest_results\_builder_sessions\20260411_095839_strat_gie_de_multi_factor_sur_xrpusdc_4h,33896df0ea6680171f2190dc607e6445db4b7cdf3628d766321e83677fc2fbd0,259694,2026-04-11T09:58:39.009830,,max_iterations,,XRPUSDC,4h,10,,0.5003211723431954,-0.08911933905084979,
1992,20260411_101916_strat_gie_de_regime_adaptatif_sur_bnbusd,C:\Users\o3-Pro\Documents\backtest_results\_builder_sessions\20260411_101916_strat_gie_de_regime_adaptatif_sur_bnbusd\session_summary.json,C:\Users\o3-Pro\Documents\backtest_results\_builder_sessions\20260411_101916_strat_gie_de_regime_adaptatif_sur_bnbusd,d2d7191ccb9465fc5958346c5ec7e04a727bf012c11892ecfd59decd3eee9868,190303,2026-04-11T10:19:16.926532,,success,,BNBUSDC,1w,4,,2.613348036589837,100.0,
1993,20260411_122829_strat_gie_de_scalping_sur_filusdc_1d_ind,C:\Users\o3-Pro\Documents\backtest_results\_builder_sessions\20260411_122829_strat_gie_de_scalping_sur_filusdc_1d_ind\session_summary.json,C:\Users\o3-Pro\Documents\backtest_results\_builder_sessions\20260411_122829_strat_gie_de_scalping_sur_filusdc_1d_ind,93cf610a1dd00974bd001a6a34170c80011ad31acdf28e94956a682c131d711f,305874,2026-04-11T12:28:29.545626,,max_iterations,,FILUSDC,1d,10,,0.8882761562446787,97.86313872194376,
1994,20260411_123936_strat_gie_de_trend_following_sur_opusdc,C:\Users\o3-Pro\Documents\backtest_results\_builder_sessions\20260411_123936_strat_gie_de_trend_following_sur_opusdc\session_summary.json,C:\Users\o3-Pro\Documents\backtest_results\_builder_sessions\20260411_123936_strat_gie_de_trend_following_sur_opusdc,2450afbaf7fa5c32aef231817f24b7eea3d01844fca9dcbc3d7c16c068b57788,264313,2026-04-11T12:39:36.197456,,running,,OPUSDC,1d,8,,0.6369516263528451,18.80377373607707,
1995,20260411_160410_strat_gie_de_mean_reversion_sur_aptusdc,C:\Users\o3-Pro\Documents\backtest_results\_builder_sessions\20260411_160410_strat_gie_de_mean_reversion_sur_aptusdc\session_summary.json,C:\Users\o3-Pro\Documents\backtest_results\_builder_sessions\20260411_160410_strat_gie_de_mean_reversion_sur_aptusdc,9056e3572ce652174e4072a4623885e763b40e896e82baac0267e588f54e8931,189964,2026-04-11T16:04:10.659806,,running,,APTUSDC,1d,2,,0.0,-50.0,
1996,20260411_165017_strat_gie_de_breakout_sur_xrpusdc_1d_ind,C:\Users\o3-Pro\Documents\backtest_results\_builder_sessions\20260411_165017_strat_gie_de_breakout_sur_xrpusdc_1d_ind\session_summary.json,C:\Users\o3-Pro\Documents\backtest_results\_builder_sessions\20260411_165017_strat_gie_de_breakout_sur_xrpusdc_1d_ind,41ce271c6d10b9ad074d44abe9c69b4562d39cd01bc720596bf14ac55f2465a6,131162,2026-04-11T16:50:17.417883,,running,,XRPUSDC,1d,2,,0.4397741877839115,71.83549886605455,
1997,20260411_175312_strat_gie_de_trend_following_sur_suiusdc,C:\Users\o3-Pro\Documents\backtest_results\_builder_sessions\20260411_175312_strat_gie_de_trend_following_sur_suiusdc\session_summary.json,C:\Users\o3-Pro\Documents\backtest_results\_builder_sessions\20260411_175312_strat_gie_de_trend_following_sur_suiusdc,ea989658da66179c65f7f6b770be68a2e2a69bf077a72231ad09fe6f093e349f,146681,2026-04-11T17:53:12.178367,,running,,SUIUSDC,4h,4,,0.5723750762632956,73.31544875480313,
1998,20260411_184926_strat_gie_de_multi_factor_sur_suiusdc_1h,C:\Users\o3-Pro\Documents\backtest_results\_builder_sessions\20260411_184926_strat_gie_de_multi_factor_sur_suiusdc_1h\session_summary.json,C:\Users\o3-Pro\Documents\backtest_results\_builder_sessions\20260411_184926_strat_gie_de_multi_factor_sur_suiusdc_1h,0a002b3ffd2a10ef6e1d87747e87b3947cf43707d2b88731b22f46c1ad7e9178,198563,2026-04-11T18:49:26.994536,,failed,,SUIUSDC,1h,6,,0.0,-26.0,
1999,20260411_190003_strat_gie_de_momentum_sur_xrpusdc_1d_ind,C:\Users\o3-Pro\Documents\backtest_results\_builder_sessions\20260411_190003_strat_gie_de_momentum_sur_xrpusdc_1d_ind\session_summary.json,C:\Users\o3-Pro\Documents\backtest_results\_builder_sessions\20260411_190003_strat_gie_de_momentum_sur_xrpusdc_1d_ind,ea35c3969d62e42dbab8e88d4eed9ca339f130d5619fd4a8f1b4e17957fe5933,155069,2026-04-11T19:00:03.195205,,failed,,XRPUSDC,1d,4,,0.4397741877839115,-50.0,
2000,20260411_191051_strat_gie_de_breakout_sur_adausdc_1w_ind,C:\Users\o3-Pro\Documents\backtest_results\_builder_sessions\20260411_191051_strat_gie_de_breakout_sur_adausdc_1w_ind\session_summary.json,C:\Users\o3-Pro\Documents\backtest_results\_builder_sessions\20260411_191051_strat_gie_de_breakout_sur_adausdc_1w_ind,5d8e9a4bca538cbab77b00c0b67974c6121a2c9f9c03be162ae8815f622ea025,196981,2026-04-11T19:10:51.547648,,success,,ADAUSDC,1w,7,,1.8236315722751069,100.0,
2001,20260411_192757_strat_gie_de_regime_adaptatif_sur_arbusd,C:\Users\o3-Pro\Documents\backtest_results\_builder_sessions\20260411_192757_strat_gie_de_regime_adaptatif_sur_arbusd\session_summary.json,C:\Users\o3-Pro\Documents\backtest_results\_builder_sessions\20260411_192757_strat_gie_de_regime_adaptatif_sur_arbusd,f26856861b02a7692f8fb28a4167578390afdd2aa254d9edfa41a7c2fd3a4e7b,270302,2026-04-11T19:27:57.079715,,max_iterations,,ARBUSDC,4h,10,,0.6550459353560304,-50.0,
2002,20260411_194737_strat_gie_sur_ethusdc_1d_texte_final_lis,C:\Users\o3-Pro\Documents\backtest_results\_builder_sessions\20260411_194737_strat_gie_sur_ethusdc_1d_texte_final_lis\session_summary.json,C:\Users\o3-Pro\Documents\backtest_results\_builder_sessions\20260411_194737_strat_gie_sur_ethusdc_1d_texte_final_lis,3d62b99de3eb98f6b3077fe562b03cdb1fd12cfc325afd8e795133a1007d7b95,221249,2026-04-11T19:47:37.232679,,running,,ETHUSDC,1d,8,,0.34039975757350976,-26.0,
2003,20260411_203944_strat_gie_de_momentum_sur_dotusdc_1d_ind,C:\Users\o3-Pro\Documents\backtest_results\_builder_sessions\20260411_203944_strat_gie_de_momentum_sur_dotusdc_1d_ind\session_summary.json,C:\Users\o3-Pro\Documents\backtest_results\_builder_sessions\20260411_203944_strat_gie_de_momentum_sur_dotusdc_1d_ind,e698fe015cfe83fd5f63b1fa75ef9165f83f5185dc3a62a915c6e9f5f47b06d6,155897,2026-04-11T20:39:44.991602,,running,,DOTUSDC,1d,1,,-inf,-inf,
2004,20260411_211129_strat_gie_de_scalping_sur_suiusdc_1d_ind,C:\Users\o3-Pro\Documents\backtest_results\_builder_sessions\20260411_211129_strat_gie_de_scalping_sur_suiusdc_1d_ind\session_summary.json,C:\Users\o3-Pro\Documents\backtest_results\_builder_sessions\20260411_211129_strat_gie_de_scalping_sur_suiusdc_1d_ind,a7eae1f3f07ab76accfda059192d6df898a7f5f4066b1edbd815a28694c69f0d,199271,2026-04-11T21:11:29.721938,,success,,SUIUSDC,1d,3,,1.3037911758792582,100.0,
2005,20260411_223053_strat_gie_de_multi_factor_sur_linkusdc_1,C:\Users\o3-Pro\Documents\backtest_results\_builder_sessions\20260411_223053_strat_gie_de_multi_factor_sur_linkusdc_1\session_summary.json,C:\Users\o3-Pro\Documents\backtest_results\_builder_sessions\20260411_223053_strat_gie_de_multi_factor_sur_linkusdc_1,4368a9f8739a181eed03b1a2d834fc3d0c126193b3b8b4a86b2306c0221b36b8,241227,2026-04-11T22:30:53.835782,,failed,,LINKUSDC,1d,9,,0.6089551541635511,87.17958952996598,
2006,20260412_012012_strat_gie_de_momentum_sur_atomusdc_1d_in,C:\Users\o3-Pro\Documents\backtest_results\_builder_sessions\20260412_012012_strat_gie_de_momentum_sur_atomusdc_1d_in\session_summary.json,C:\Users\o3-Pro\Documents\backtest_results\_builder_sessions\20260412_012012_strat_gie_de_momentum_sur_atomusdc_1d_in,31175beeb386134d2dd80da0f8118d60e2cff8af0daeea2d5dc5a5538371e470,238416,2026-04-12T01:20:12.295780,,running,,ATOMUSDC,1d,5,,0.2421489500003175,-10.708338430799309,
2007,20260412_024404_strat_gie_de_mean_reversion_sur_nearusdc,C:\Users\o3-Pro\Documents\backtest_results\_builder_sessions\20260412_024404_strat_gie_de_mean_reversion_sur_nearusdc\session_summary.json,C:\Users\o3-Pro\Documents\backtest_results\_builder_sessions\20260412_024404_strat_gie_de_mean_reversion_sur_nearusdc,9df0113da94bc95a9dd68b949575abecab46d55ace1afec92dc84af3ab3f2c8e,146073,2026-04-12T02:44:04.934930,,running,,NEARUSDC,4h,3,,0.2510597808657376,-90.39735928509243,
2008,20260412_150507_strat_gie_de_scalping_sur_suiusdc_30m_in,C:\Users\o3-Pro\Documents\backtest_results\_builder_sessions\20260412_150507_strat_gie_de_scalping_sur_suiusdc_30m_in\session_summary.json,C:\Users\o3-Pro\Documents\backtest_results\_builder_sessions\20260412_150507_strat_gie_de_scalping_sur_suiusdc_30m_in,ed5672a6e947cfa84aa4ba2dfba8308fe8484db9b2d80a560f02ef163fef9af1,36341,2026-04-12T15:05:07.833600,,running,,SUIUSDC,30m,1,,-20.0,-100.0,
2009,20260412_152539_pr_voir_des_reversals_de_tendance_sur_bt,C:\Users\o3-Pro\Documents\backtest_results\_builder_sessions\20260412_152539_pr_voir_des_reversals_de_tendance_sur_bt\session_summary.json,C:\Users\o3-Pro\Documents\backtest_results\_builder_sessions\20260412_152539_pr_voir_des_reversals_de_tendance_sur_bt,0c0de3ec09e395b8e72e3c28f2f34eac6d6e483c037d9479fb8ada14ea4b68e2,61859,2026-04-12T15:25:39.238171,,running,,BTCUSDC,30m,3,,0.011652120955846694,-21.574032118067628,
2010,20260412_194500_ram_tres_mission_autonome_pause_entre_ru,C:\Users\o3-Pro\Documents\backtest_results\_builder_sessions\20260412_194500_ram_tres_mission_autonome_pause_entre_ru\session_summary.json,C:\Users\o3-Pro\Documents\backtest_results\_builder_sessions\20260412_194500_ram_tres_mission_autonome_pause_entre_ru,be8405bbeec08038720160f668bbeca8368c79dd44546161865a7be67ef5f817,204829,2026-04-12T19:45:00.107773,,failed,,ADAUSDC,1d,9,,0.35912984304946444,36.22763160685908,
2011,20260413_002130_strat_gie_sur_solusdc_30m_generate_a_tra,C:\Users\o3-Pro\Documents\backtest_results\_builder_sessions\20260413_002130_strat_gie_sur_solusdc_30m_generate_a_tra\session_summary.json,C:\Users\o3-Pro\Documents\backtest_results\_builder_sessions\20260413_002130_strat_gie_sur_solusdc_30m_generate_a_tra,f7238bf617616ef29e7549f2b09044278c7092120fac540c3487ba5384b49c66,154471,2026-04-13T00:21:30.229723,,failed,,SOLUSDC,30m,4,,0.0,-50.0,
2012,20260413_002357_strat_gie_sur_btcusdc_1w_objective_gener,C:\Users\o3-Pro\Documents\backtest_results\_builder_sessions\20260413_002357_strat_gie_sur_btcusdc_1w_objective_gener\session_summary.json,C:\Users\o3-Pro\Documents\backtest_results\_builder_sessions\20260413_002357_strat_gie_sur_btcusdc_1w_objective_gener,27ca0cf2bdacbca3ec6fcb7abcba525813059b02ca91d34ad89ab9fde6ca1415,128095,2026-04-13T00:23:57.080325,,running,,BTCUSDC,1w,1,,-inf,-inf,
2013,20260413_151923_strat_gie_de_scalping_sur_injusdc_1d_ind,C:\Users\o3-Pro\Documents\backtest_results\_builder_sessions\20260413_151923_strat_gie_de_scalping_sur_injusdc_1d_ind\session_summary.json,C:\Users\o3-Pro\Documents\backtest_results\_builder_sessions\20260413_151923_strat_gie_de_scalping_sur_injusdc_1d_ind,a82c48a516c0858d0a73279b4756deea23d787f25b2bfecff221c4446927ce07,131222,2026-04-13T15:19:23.889083,,running,,INJUSDC,1d,1,,-20.0,-100.0,
2014,20260413_205942_strat_gie_sur_ltcusdc_1w_acheter_lors_de,C:\Users\o3-Pro\Documents\backtest_results\_builder_sessions\20260413_205942_strat_gie_sur_ltcusdc_1w_acheter_lors_de\session_summary.json,C:\Users\o3-Pro\Documents\backtest_results\_builder_sessions\20260413_205942_strat_gie_sur_ltcusdc_1w_acheter_lors_de,e37c82fa64cf320f16587224590f04c582c7d977629f541afbc8d025e33a388b,215027,2026-04-13T20:59:42.128337,,failed,,LTCUSDC,1w,7,,1.0843168437071742,-26.0,
2015,20260413_210546_strat_gie_sur_adausdc_1d_acheter_lorsque,C:\Users\o3-Pro\Documents\backtest_results\_builder_sessions\20260413_210546_strat_gie_sur_adausdc_1d_acheter_lorsque\session_summary.json,C:\Users\o3-Pro\Documents\backtest_results\_builder_sessions\20260413_210546_strat_gie_sur_adausdc_1d_acheter_lorsque,0e706db793a45885651f5fd86c659b64789a4028e2a1ed5b6aa347aef5f0ba96,237144,2026-04-13T21:05:46.565654,,failed,,ADAUSDC,1d,8,,0.44472703152177706,-26.0,
2016,20260413_211300_strat_gie_de_multi_factor_sur_linkusdc_1,C:\Users\o3-Pro\Documents\backtest_results\_builder_sessions\20260413_211300_strat_gie_de_multi_factor_sur_linkusdc_1\session_summary.json,C:\Users\o3-Pro\Documents\backtest_results\_builder_sessions\20260413_211300_strat_gie_de_multi_factor_sur_linkusdc_1,d34bcff86eba6ee877483cb29d648e5d516e99e45dc84fcc7c50cbd6c364096a,111160,2026-04-13T21:13:00.744021,,failed,,LINKUSDC,1w,7,,1.1944570819505658,-26.0,
2017,20260413_211820_strat_gie_de_breakout_sur_adausdc_1w_ind,C:\Users\o3-Pro\Documents\backtest_results\_builder_sessions\20260413_211820_strat_gie_de_breakout_sur_adausdc_1w_ind\session_summary.json,C:\Users\o3-Pro\Documents\backtest_results\_builder_sessions\20260413_211820_strat_gie_de_breakout_sur_adausdc_1w_ind,dcee7d01798ef507632e3ca80cf52aba298793819f029680930093c3747a5733,28472,2026-04-13T21:18:20.402385,,running,,ADAUSDC,1w,2,,0.0,-26.0,
2018,20260414_060404_strat_gie_de_scalping_sur_ethusdc_1d_ind,C:\Users\o3-Pro\Documents\backtest_results\_builder_sessions\20260414_060404_strat_gie_de_scalping_sur_ethusdc_1d_ind\session_summary.json,C:\Users\o3-Pro\Documents\backtest_results\_builder_sessions\20260414_060404_strat_gie_de_scalping_sur_ethusdc_1d_ind,111d714d132ecb20629a15f30b110b94cadf3b9659d1cd4079eeb433a1ec2c89,79671,2026-04-14T06:04:04.270473,,failed,,ETHUSDC,1d,6,,0.23852901029266751,1.7175332497255482,
2019,20260414_074246_strat_gie_de_mean_reversion_sur_ethusdc,C:\Users\o3-Pro\Documents\backtest_results\_builder_sessions\20260414_074246_strat_gie_de_mean_reversion_sur_ethusdc\session_summary.json,C:\Users\o3-Pro\Documents\backtest_results\_builder_sessions\20260414_074246_strat_gie_de_mean_reversion_sur_ethusdc,1a414aff366393b811ef2222ec3a8cca7a8174f4c90e44df1edac05e1c5c7d5f,17632,2026-04-14T07:42:46.368782,,running,,ETHUSDC,30m,1,,0.0,-50.0,
2020,20260414_183452_strat_gie_de_breakout_sur_bnbusdc_1d_ind,C:\Users\o3-Pro\Documents\backtest_results\_builder_sessions\20260414_183452_strat_gie_de_breakout_sur_bnbusdc_1d_ind\session_summary.json,C:\Users\o3-Pro\Documents\backtest_results\_builder_sessions\20260414_183452_strat_gie_de_breakout_sur_bnbusdc_1d_ind,7adbed062ab4e76e5ff125b43b374a20204ca4edc5d7ae4ed1b6331a1b08df35,28957,2026-04-14T18:34:52.925062,,running,,BNBUSDC,1d,2,,0.4349693679782132,-26.0,
2021,20260414_184251_strat_gie_de_mean_reversion_sur_solusdc,C:\Users\o3-Pro\Documents\backtest_results\_builder_sessions\20260414_184251_strat_gie_de_mean_reversion_sur_solusdc\session_summary.json,C:\Users\o3-Pro\Documents\backtest_results\_builder_sessions\20260414_184251_strat_gie_de_mean_reversion_sur_solusdc,1180bd1b3341860c18a8594aecfd58c384f23ee8490bff9aec654c0d72b331ac,83164,2026-04-14T18:42:51.503467,,failed,,SOLUSDC,30m,6,,0.0,-50.0,
2022,20260414_194901_strat_gie_de_regime_adaptatif_sur_trxusd,C:\Users\o3-Pro\Documents\backtest_results\_builder_sessions\20260414_194901_strat_gie_de_regime_adaptatif_sur_trxusd\session_summary.json,C:\Users\o3-Pro\Documents\backtest_results\_builder_sessions\20260414_194901_strat_gie_de_regime_adaptatif_sur_trxusd,ca2236ade290b7b9c638bc4e26fe4d4f77d21ef073415a6242737e46c4c5e34a,187868,2026-04-14T19:49:01.215966,,running,,TRXUSDC,1d,1,,0.0,-50.0,
2023,20260415_023712_strat_gie_de_scalping_sur_trxusdc_1d_ind,C:\Users\o3-Pro\Documents\backtest_results\_builder_sessions\20260415_023712_strat_gie_de_scalping_sur_trxusdc_1d_ind\session_summary.json,C:\Users\o3-Pro\Documents\backtest_results\_builder_sessions\20260415_023712_strat_gie_de_scalping_sur_trxusdc_1d_ind,2596948d201fa7442212433880cdd804eb9d35298c9939e22a0789d81d44228a,133633,2026-04-15T02:37:12.118787,,running,,TRXUSDC,1d,1,,0.0,-50.0,
2024,20260415_035246_strat_gie_de_trend_following_sur_injusdc,C:\Users\o3-Pro\Documents\backtest_results\_builder_sessions\20260415_035246_strat_gie_de_trend_following_sur_injusdc\session_summary.json,C:\Users\o3-Pro\Documents\backtest_results\_builder_sessions\20260415_035246_strat_gie_de_trend_following_sur_injusdc,4ca2dad49f10dc2e31020a37a084ed1f3dfe29a5450187e1b8bdc7bd8f8c30c9,148210,2026-04-15T03:52:46.777816,,running,,INJUSDC,1d,4,,0.6209480057616588,69.7972330370498,
2025,20260415_140004_strat_gie_de_regime_adaptatif_sur_dotusd,C:\Users\o3-Pro\Documents\backtest_results\_builder_sessions\20260415_140004_strat_gie_de_regime_adaptatif_sur_dotusd\session_summary.json,C:\Users\o3-Pro\Documents\backtest_results\_builder_sessions\20260415_140004_strat_gie_de_regime_adaptatif_sur_dotusd,8b83c3a38086808c9c4f22419fb8df7affecf9017ed10e51859dab66169da666,147121,2026-04-15T14:00:04.770721,,running,,DOTUSDC,1d,3,,0.0,-50.0,
2026,20260415_144200_strat_gie_de_scalping_sur_bnbusdc_4h_ind,C:\Users\o3-Pro\Documents\backtest_results\_builder_sessions\20260415_144200_strat_gie_de_scalping_sur_bnbusdc_4h_ind\session_summary.json,C:\Users\o3-Pro\Documents\backtest_results\_builder_sessions\20260415_144200_strat_gie_de_scalping_sur_bnbusdc_4h_ind,b76ffe9e4edf24bdbdf9e734e8a404026b2a5033bbbd7ca9d89855f5dce145df,233373,2026-04-15T14:42:00.334576,,failed,,BNBUSDC,4h,6,,0.28232720522514493,16.98395923079285,
2027,20260415_163011_strat_gie_de_mean_reversion_sur_injusdc,C:\Users\o3-Pro\Documents\backtest_results\_builder_sessions\20260415_163011_strat_gie_de_mean_reversion_sur_injusdc\session_summary.json,C:\Users\o3-Pro\Documents\backtest_results\_builder_sessions\20260415_163011_strat_gie_de_mean_reversion_sur_injusdc,a38c5a5d1b8a20ef0496c76df970368fe5dd1a0cd5175b2080762bd5d868df90,265628,2026-04-15T16:30:11.143028,,failed,,INJUSDC,1d,9,,0.6209480057616588,69.7972330370498,
2028,20260415_172440_strat_gie_de_multi_factor_sur_adausdc_1d,C:\Users\o3-Pro\Documents\backtest_results\_builder_sessions\20260415_172440_strat_gie_de_multi_factor_sur_adausdc_1d\session_summary.json,C:\Users\o3-Pro\Documents\backtest_results\_builder_sessions\20260415_172440_strat_gie_de_multi_factor_sur_adausdc_1d,0db503b2b3fc64c882e6b8726771693cd710293eda3811f1de3471f1ede2c28b,101268,2026-04-15T17:24:40.588669,,failed,,ADAUSDC,1d,8,,0.35912984304946444,36.22763160685908,
2029,20260415_183001_strat_gie_de_momentum_sur_arbusdc_4h_ind,C:\Users\o3-Pro\Documents\backtest_results\_builder_sessions\20260415_183001_strat_gie_de_momentum_sur_arbusdc_4h_ind\session_summary.json,C:\Users\o3-Pro\Documents\backtest_results\_builder_sessions\20260415_183001_strat_gie_de_momentum_sur_arbusdc_4h_ind,c108d2110ba9352a44bd7c5ea155ef6be285badde550fa97475e945dd85d2fb5,99804,2026-04-15T18:30:01.113882,,failed,,ARBUSDC,4h,8,,0.39677003897046037,6.775392064345297,
2030,20260415_193849_strat_gie_de_scalping_sur_xrpusdc_1d_ind,C:\Users\o3-Pro\Documents\backtest_results\_builder_sessions\20260415_193849_strat_gie_de_scalping_sur_xrpusdc_1d_ind\session_summary.json,C:\Users\o3-Pro\Documents\backtest_results\_builder_sessions\20260415_193849_strat_gie_de_scalping_sur_xrpusdc_1d_ind,ff79d0a1c3383e19391136484243bea2536d8f309c1567663d6ce51385d2a657,224681,2026-04-15T19:38:49.380809,,failed,,XRPUSDC,1d,9,,0.4397741877839115,71.83549886605455,
2031,20260415_205255_strat_gie_de_breakout_sur_xrpusdc_4h_ind,C:\Users\o3-Pro\Documents\backtest_results\_builder_sessions\20260415_205255_strat_gie_de_breakout_sur_xrpusdc_4h_ind\session_summary.json,C:\Users\o3-Pro\Documents\backtest_results\_builder_sessions\20260415_205255_strat_gie_de_breakout_sur_xrpusdc_4h_ind,215f14738630bcea52e048991c06e14adee95065e1afaa1fa94b6dd400e26ab5,236029,2026-04-15T20:52:55.347117,,failed,,XRPUSDC,4h,7,,0.45077793277670397,16.607060051689658,
2032,20260415_215504_strat_gie_de_regime_adaptatif_sur_adausd,C:\Users\o3-Pro\Documents\backtest_results\_builder_sessions\20260415_215504_strat_gie_de_regime_adaptatif_sur_adausd\session_summary.json,C:\Users\o3-Pro\Documents\backtest_results\_builder_sessions\20260415_215504_strat_gie_de_regime_adaptatif_sur_adausd,62ba81db8c6496dad0d6b48536657d0080612500b02fe4b2ab3b1acd96d28d1c,184152,2026-04-15T21:55:04.044572,,failed,,ADAUSDC,4h,6,,0.0,-50.0,
2033,20260415_224432_strat_gie_de_multi_factor_sur_aptusdc_4h,C:\Users\o3-Pro\Documents\backtest_results\_builder_sessions\20260415_224432_strat_gie_de_multi_factor_sur_aptusdc_4h\session_summary.json,C:\Users\o3-Pro\Documents\backtest_results\_builder_sessions\20260415_224432_strat_gie_de_multi_factor_sur_aptusdc_4h,d2fd31838379b81ebe66921327db09c0c244b2c06d76afcb2d07ac3b5b67a619,100856,2026-04-15T22:44:32.292741,,failed,,APTUSDC,4h,9,,0.4488707580595808,41.575791979144626,
2034,20260415_233838_strat_gie_de_scalping_sur_avaxusdc_1d_in,C:\Users\o3-Pro\Documents\backtest_results\_builder_sessions\20260415_233838_strat_gie_de_scalping_sur_avaxusdc_1d_in\session_summary.json,C:\Users\o3-Pro\Documents\backtest_results\_builder_sessions\20260415_233838_strat_gie_de_scalping_sur_avaxusdc_1d_in,4d9369331b759a329e087050ae11662ee0b9cc5b66a0cc2db412622cd5778dfd,69300,2026-04-15T23:38:38.104138,,failed,,AVAXUSDC,1d,6,,0.0,-26.0,
2035,20260416_002032_strat_gie_de_breakout_sur_adausdc_1d_ind,C:\Users\o3-Pro\Documents\backtest_results\_builder_sessions\20260416_002032_strat_gie_de_breakout_sur_adausdc_1d_ind\session_summary.json,C:\Users\o3-Pro\Documents\backtest_results\_builder_sessions\20260416_002032_strat_gie_de_breakout_sur_adausdc_1d_ind,358363b67f6411a946b199281a4498bb0ae1770cbdf2914279bf6ad8eb342abe,108369,2026-04-16T00:20:32.321778,,failed,,ADAUSDC,1d,9,,0.35912984304946444,36.22763160685908,
2036,20260416_012330_strat_gie_de_mean_reversion_sur_adausdc,C:\Users\o3-Pro\Documents\backtest_results\_builder_sessions\20260416_012330_strat_gie_de_mean_reversion_sur_adausdc\session_summary.json,C:\Users\o3-Pro\Documents\backtest_results\_builder_sessions\20260416_012330_strat_gie_de_mean_reversion_sur_adausdc,67309c5a90c1403fec110b6db3e6eab97053491928ea723e6a47de5c1b4b79eb,73079,2026-04-16T01:23:30.664866,,failed,,ADAUSDC,4h,6,,-20.0,-100.0,
2037,20260416_020740_strat_gie_de_trend_following_sur_trxusdc,C:\Users\o3-Pro\Documents\backtest_results\_builder_sessions\20260416_020740_strat_gie_de_trend_following_sur_trxusdc\session_summary.json,C:\Users\o3-Pro\Documents\backtest_results\_builder_sessions\20260416_020740_strat_gie_de_trend_following_sur_trxusdc,ddcfca75b99b9c1b5cae7bc0c23c9df9bbc064f827e807aca072d047afc8e80f,169963,2026-04-16T02:07:40.405411,,running,,TRXUSDC,1d,4,,0.46734627530179024,53.58270631932494,
2038,20260416_034922_strat_gie_de_mean_reversion_sur_bnbusdc,C:\Users\o3-Pro\Documents\backtest_results\_builder_sessions\20260416_034922_strat_gie_de_mean_reversion_sur_bnbusdc\session_summary.json,C:\Users\o3-Pro\Documents\backtest_results\_builder_sessions\20260416_034922_strat_gie_de_mean_reversion_sur_bnbusdc,9c8a08dd3dc3cb7b9c8aac6943711018bc69ca5901fffe677b1e94bc1356c7a7,159180,2026-04-16T03:49:22.385062,,max_iterations,gpt-oss:120b-cloud,BNBUSDC,1d,10,1.0,0.32227404679660987,45.91525063842182,
2039,20260416_040842_strat_gie_de_momentum_sur_trxusdc_1d_ind,C:\Users\o3-Pro\Documents\backtest_results\_builder_sessions\20260416_040842_strat_gie_de_momentum_sur_trxusdc_1d_ind\session_summary.json,C:\Users\o3-Pro\Documents\backtest_results\_builder_sessions\20260416_040842_strat_gie_de_momentum_sur_trxusdc_1d_ind,4ec2270c542282ee94e7bb9cdc585c8e49a48b6e1b2dec5b9f3688918d361837,311971,2026-04-16T04:08:42.330122,,max_iterations,gpt-oss:120b-cloud,TRXUSDC,1d,10,0.6,0.5854318087005674,21.023017079440336,
2040,20260416_042420_strat_gie_de_multi_factor_sur_avaxusdc_1,C:\Users\o3-Pro\Documents\backtest_results\_builder_sessions\20260416_042420_strat_gie_de_multi_factor_sur_avaxusdc_1\session_summary.json,C:\Users\o3-Pro\Documents\backtest_results\_builder_sessions\20260416_042420_strat_gie_de_multi_factor_sur_avaxusdc_1,ad78ef953e9972d5c0772c0473ad8520abf981f488c49a4c11c0ea872bea293b,219467,2026-04-16T04:24:20.596168,,running,gpt-oss:120b-cloud,AVAXUSDC,1d,1,1.0,0.8007227070946736,86.79235868599069,
2041,20260416_073036_strat_gie_sur_filusdc_1d_strat_gie_visan,C:\Users\o3-Pro\Documents\backtest_results\_builder_sessions\20260416_073036_strat_gie_sur_filusdc_1d_strat_gie_visan\session_summary.json,C:\Users\o3-Pro\Documents\backtest_results\_builder_sessions\20260416_073036_strat_gie_sur_filusdc_1d_strat_gie_visan,c9b831da1896a0b7b063ca1d532ae219075e5e6e68e1de98412264772ce8271d,189907,2026-04-16T07:30:36.524209,,failed,deepseek-r1:32b,FILUSDC,1d,9,1.0,-inf,-inf,
2042,20260416_080906_strat_gie_sur_ltcusdc_1d_identifier_des,C:\Users\o3-Pro\Documents\backtest_results\_builder_sessions\20260416_080906_strat_gie_sur_ltcusdc_1d_identifier_des\session_summary.json,C:\Users\o3-Pro\Documents\backtest_results\_builder_sessions\20260416_080906_strat_gie_sur_ltcusdc_1d_identifier_des,520dfac8f81a78cfd95c6dafa50b679c15c2b764b7f016ba2d00d3f5546e5806,129813,2026-04-16T08:09:06.090962,,running,deepseek-r1:32b,LTCUSDC,1d,1,1.0,0.0,-26.0,
2043,20260416_151802_strat_gie_sur_solusdc_4h_maximiser_les_r,C:\Users\o3-Pro\Documents\backtest_results\_builder_sessions\20260416_151802_strat_gie_sur_solusdc_4h_maximiser_les_r\session_summary.json,C:\Users\o3-Pro\Documents\backtest_results\_builder_sessions\20260416_151802_strat_gie_sur_solusdc_4h_maximiser_les_r,b3f6b6a89efacbf939f8dcfb3233afbb0729659696bc85d5c876090f08117b47,137942,2026-04-16T15:18:02.418469,,running,deepseek-r1:32b,SOLUSDC,4h,2,1.0,0.0,-26.0,
2044,20260416_165800_strat_gie_sur_bnbusdc_4h_capture_les_opp,C:\Users\o3-Pro\Documents\backtest_results\_builder_sessions\20260416_165800_strat_gie_sur_bnbusdc_4h_capture_les_opp\session_summary.json,C:\Users\o3-Pro\Documents\backtest_results\_builder_sessions\20260416_165800_strat_gie_sur_bnbusdc_4h_capture_les_opp,17d836679fdf40673d524c24853b600d221c3794f745b6a050b38846224bb4ed,311551,2026-04-16T16:58:00.166362,,failed,deepseek-r1-distill:14b,BNBUSDC,4h,6,1.0,0.9005056161220464,32.63374686511375,
2045,20260416_170811_strat_gie_de_trend_following_sur_dotusdc,C:\Users\o3-Pro\Documents\backtest_results\_builder_sessions\20260416_170811_strat_gie_de_trend_following_sur_dotusdc\session_summary.json,C:\Users\o3-Pro\Documents\backtest_results\_builder_sessions\20260416_170811_strat_gie_de_trend_following_sur_dotusdc,d24b1f0f7c7ce3c0f17d74d6d17406616a263f35d7b5a03624c3ffc64950f638,61105,2026-04-16T17:08:11.669198,,running,deepseek-r1-distill:14b,DOTUSDC,4h,4,0.25,0.8489042244296775,-26.0,
2046,20260416_171707_strat_gie_de_regime_adaptatif_sur_btcusd,C:\Users\o3-Pro\Documents\backtest_results\_builder_sessions\20260416_171707_strat_gie_de_regime_adaptatif_sur_btcusd\session_summary.json,C:\Users\o3-Pro\Documents\backtest_results\_builder_sessions\20260416_171707_strat_gie_de_regime_adaptatif_sur_btcusd,7c184b72300edb07fb0fa8ab4097ce0114596c3fac08f2837a58887159f25a8e,23449,2026-04-16T17:17:07.213106,,running,gemma4:31b,BTCUSDC,1h,2,0.0,-20.0,-100.0,
2047,20260418_051808_strat_gie_de_trend_following_sur_nearusd,C:\Users\o3-Pro\Documents\backtest_results\_builder_sessions\20260418_051808_strat_gie_de_trend_following_sur_nearusd\session_summary.json,C:\Users\o3-Pro\Documents\backtest_results\_builder_sessions\20260418_051808_strat_gie_de_trend_following_sur_nearusd,e3547621e99d81199a42a86fe273d655ca48039fa6b6c7e48534d050236c3f61,104308,2026-04-18T05:18:08.369482,,failed,gemma4:31b,NEARUSDC,1d,9,0.0,0.6929117067543792,34.655853217242495,
2048,20260418_065103_strat_gie_de_momentum_sur_linkusdc_1d_in,C:\Users\o3-Pro\Documents\backtest_results\_builder_sessions\20260418_065103_strat_gie_de_momentum_sur_linkusdc_1d_in\session_summary.json,C:\Users\o3-Pro\Documents\backtest_results\_builder_sessions\20260418_065103_strat_gie_de_momentum_sur_linkusdc_1d_in,51b861a033fb6f9b95cfd56dcb989d0da1227c036aaddd48d31c47fc718d2341,103020,2026-04-18T06:51:03.676185,,failed,gemma4:31b,LINKUSDC,1d,9,0.0,0.7975098901313739,91.97569329142402,
2049,20260418_075911_capter_les_retournements_de_tendance_sur,C:\Users\o3-Pro\Documents\backtest_results\_builder_sessions\20260418_075911_capter_les_retournements_de_tendance_sur\session_summary.json,C:\Users\o3-Pro\Documents\backtest_results\_builder_sessions\20260418_075911_capter_les_retournements_de_tendance_sur,8968549a01bd48584cac86e835efdf0d1ec2fd80b34369a46f1f39e72c86ba92,133759,2026-04-18T07:59:11.368979,,running,gemma4:31b,FILUSDC,1d,1,0.0,0.0,-50.0,
2050,20260418_082212_strat_gie_de_regime_adaptatif_sur_avaxus,C:\Users\o3-Pro\Documents\backtest_results\_builder_sessions\20260418_082212_strat_gie_de_regime_adaptatif_sur_avaxus\session_summary.json,C:\Users\o3-Pro\Documents\backtest_results\_builder_sessions\20260418_082212_strat_gie_de_regime_adaptatif_sur_avaxus,10825172c272d5471bf307146b9e91e4e4fcc0996ef7ba73b9ae684e46c5b760,113343,2026-04-18T08:22:12.043395,,max_iterations,gemma4:31b,AVAXUSDC,4h,10,0.0,0.8796342015441162,86.00838949524285,
2051,20260418_100556_capter_des_retournements_de_tendance_sur,C:\Users\o3-Pro\Documents\backtest_results\_builder_sessions\20260418_100556_capter_des_retournements_de_tendance_sur\session_summary.json,C:\Users\o3-Pro\Documents\backtest_results\_builder_sessions\20260418_100556_capter_des_retournements_de_tendance_sur,0869494cbbf51a98198cbfdc6b05b878c38efcd5e1e65767e972ca359d3e91b8,164631,2026-04-18T10:05:56.165265,,failed,gemma4:31b,SUIUSDC,1h,6,0.0,-5.0,-87.19047619047619,
2052,20260418_171338_sur_le_march_filusdc_au_timeframe_1d_je,C:\Users\o3-Pro\Documents\backtest_results\_builder_sessions\20260418_171338_sur_le_march_filusdc_au_timeframe_1d_je\session_summary.json,C:\Users\o3-Pro\Documents\backtest_results\_builder_sessions\20260418_171338_sur_le_march_filusdc_au_timeframe_1d_je,e3b4ed6c298a3878a630a10ee8d4eaf8e20c84f0c47ac40520cd9d665bc07f39,267329,2026-04-18T17:13:38.246923,,max_iterations,deepseek-r1-distill:14b,FILUSDC,1d,10,0.7,0.8022501158791757,95.4401620583108,
2053,20260418_172856_capter_des_retournements_de_tendance_sur,C:\Users\o3-Pro\Documents\backtest_results\_builder_sessions\20260418_172856_capter_des_retournements_de_tendance_sur\session_summary.json,C:\Users\o3-Pro\Documents\backtest_results\_builder_sessions\20260418_172856_capter_des_retournements_de_tendance_sur,9f380c008c171749607c41715074dbf642629747bd49bfb53c82471545460427,201203,2026-04-18T17:28:56.477214,,success,gemma4:31b,DOTUSDC,4h,4,0.25,1.023528597651559,-26.0,
2054,20260418_181746_capturer_des_retournements_de_tendance_s,C:\Users\o3-Pro\Documents\backtest_results\_builder_sessions\20260418_181746_capturer_des_retournements_de_tendance_s\session_summary.json,C:\Users\o3-Pro\Documents\backtest_results\_builder_sessions\20260418_181746_capturer_des_retournements_de_tendance_s,f122512c684281046e7d78887394804839edafbf1b38e72f9427d90ea83b36e3,125303,2026-04-18T18:17:46.726003,,running,gemma4:31b,SOLUSDC,4h,2,0.0,-5.0,-87.19047619047619,
2055,20260419_002458_d_tecter_les_cassures_de_consolidation_s,C:\Users\o3-Pro\Documents\backtest_results\_builder_sessions\20260419_002458_d_tecter_les_cassures_de_consolidation_s\session_summary.json,C:\Users\o3-Pro\Documents\backtest_results\_builder_sessions\20260419_002458_d_tecter_les_cassures_de_consolidation_s,cea8527250d64272eae26a10174b42082a8c8354e048d2f92da86fcda0147cd9,263959,2026-04-19T00:24:58.558733,,running,gemma4:26b,SOLUSDC,30m,3,0.0,0.0,-50.0,
2056,20260419_004329_based_on_the_provided_logs_the_system_ge,C:\Users\o3-Pro\Documents\backtest_results\_builder_sessions\20260419_004329_based_on_the_provided_logs_the_system_ge\session_summary.json,C:\Users\o3-Pro\Documents\backtest_results\_builder_sessions\20260419_004329_based_on_the_provided_logs_the_system_ge,26976ed0141a5eddf4bac6d9b552fff963894272cb02f5d25cd73ba507750ed6,246689,2026-04-19T00:43:29.697211,,failed,gemma4:26b,AVAXUSDC,1d,9,0.0,0.6066970278978902,42.42307009237294,
2057,20260419_010856_test_a_mean_reversion_breakout_strategy,C:\Users\o3-Pro\Documents\backtest_results\_builder_sessions\20260419_010856_test_a_mean_reversion_breakout_strategy\session_summary.json,C:\Users\o3-Pro\Documents\backtest_results\_builder_sessions\20260419_010856_test_a_mean_reversion_breakout_strategy,08978ef48798dd66d930d6ebb3ce7e3f7ca60e4aa5ecd91f660111b26b32869e,50585,2026-04-19T01:08:56.291756,,running,nemotron-orchestrator-8b:latest,APTUSDC,1d,3,0.0,0.43996694261117625,27.557315627168748,
2058,20260419_015149_strat_gie_de_regime_adaptatif_sur_injusd,C:\Users\o3-Pro\Documents\backtest_results\_builder_sessions\20260419_015149_strat_gie_de_regime_adaptatif_sur_injusd\session_summary.json,C:\Users\o3-Pro\Documents\backtest_results\_builder_sessions\20260419_015149_strat_gie_de_regime_adaptatif_sur_injusd,e8bd686c9f83e31a38841c9295e63d462814fe9c679795ffa1c5185751488c6b,97999,2026-04-19T01:51:49.983173,,failed,nemotron-orchestrator-8b:latest,INJUSDC,1d,3,0.3333333333333333,0.0,-50.0,
2059,20260419_022035_strat_gie_de_multi_factor_sur_trxusdc_1d,C:\Users\o3-Pro\Documents\backtest_results\_builder_sessions\20260419_022035_strat_gie_de_multi_factor_sur_trxusdc_1d\session_summary.json,C:\Users\o3-Pro\Documents\backtest_results\_builder_sessions\20260419_022035_strat_gie_de_multi_factor_sur_trxusdc_1d,826e46149a9a0ff3a6cba078ec459ffa04c3d7ef4d33c796be474ee1f947d2f7,47296,2026-04-19T02:20:35.759283,,running,nemotron-orchestrator-8b:latest,TRXUSDC,1d,3,0.0,0.1911870252918858,-24.180374486773765,
2060,20260419_044026_strat_gie_de_mean_reversion_sur_opusdc_1,C:\Users\o3-Pro\Documents\backtest_results\_builder_sessions\20260419_044026_strat_gie_de_mean_reversion_sur_opusdc_1\session_summary.json,C:\Users\o3-Pro\Documents\backtest_results\_builder_sessions\20260419_044026_strat_gie_de_mean_reversion_sur_opusdc_1,6e03ea849eb597e73409625dde2dfe57e6d2468b1e4441f4bcdf13d062b090c5,167202,2026-04-19T04:40:26.153725,,failed,glm-5:cloud,OPUSDC,1d,10,1.0,0.7673158157043077,87.77649656585983,
2061,20260419_050735_strat_gie_de_momentum_sur_suiusdc_4h_uti,C:\Users\o3-Pro\Documents\backtest_results\_builder_sessions\20260419_050735_strat_gie_de_momentum_sur_suiusdc_4h_uti\session_summary.json,C:\Users\o3-Pro\Documents\backtest_results\_builder_sessions\20260419_050735_strat_gie_de_momentum_sur_suiusdc_4h_uti,689e1a408c8d1dfe7ae374a4c9595ae3eba9372b5547963a7e1a539826794591,52986,2026-04-19T05:07:35.356258,,running,gemma4:26b,ADAUSDC,1d,4,0.0,0.6384360435151235,55.50578373270032,
2062,20260419_052826_strat_gie_de_trend_following_sur_arbusdc,C:\Users\o3-Pro\Documents\backtest_results\_builder_sessions\20260419_052826_strat_gie_de_trend_following_sur_arbusdc\session_summary.json,C:\Users\o3-Pro\Documents\backtest_results\_builder_sessions\20260419_052826_strat_gie_de_trend_following_sur_arbusdc,71483190cd661bdd43fec20e72d4097a028c8827357ba25a88e9fe874f67a818,27672,2026-04-19T05:28:26.728623,,running,gemma4:26b,ARBUSDC,4h,2,0.5,0.20456676122181866,-86.71414096056886,
2063,20260419_054821_capturer_des_retournements_de_tendance_s,C:\Users\o3-Pro\Documents\backtest_results\_builder_sessions\20260419_054821_capturer_des_retournements_de_tendance_s\session_summary.json,C:\Users\o3-Pro\Documents\backtest_results\_builder_sessions\20260419_054821_capturer_des_retournements_de_tendance_s,ddda5dd2eb24bba7ef21853915df9e178b8c83bffafca2dbd6da64ff6442a093,42000,2026-04-19T05:48:21.023161,,running,nemotron-orchestrator-8b:latest,FILUSDC,1d,2,0.0,0.6517122080714263,90.87242083259426,
2064,20260419_064037_strat_gie_de_momentum_sur_bomeusdc_en_1h,C:\Users\o3-Pro\Documents\backtest_results\_builder_sessions\20260419_064037_strat_gie_de_momentum_sur_bomeusdc_en_1h\session_summary.json,C:\Users\o3-Pro\Documents\backtest_results\_builder_sessions\20260419_064037_strat_gie_de_momentum_sur_bomeusdc_en_1h,4aacbc9fdd32581fda0976062adc0c7df344b8074c470ed9744c47392d802505,29053,2026-04-19T06:40:37.865824,,running,gemma4:26b,ADAUSDC,1d,2,0.5,0.511608373314977,33.69456243489487,
2065,20260419_071058_strat_gie_de_trend_following_sur_suiusdc,C:\Users\o3-Pro\Documents\backtest_results\_builder_sessions\20260419_071058_strat_gie_de_trend_following_sur_suiusdc\session_summary.json,C:\Users\o3-Pro\Documents\backtest_results\_builder_sessions\20260419_071058_strat_gie_de_trend_following_sur_suiusdc,7d61472ff2e6c07b9251aef22bb088f236c32eaa56f7a6f4d5d3351161026d33,157242,2026-04-19T07:10:58.807356,,failed,glm-5:cloud,SUIUSDC,4h,10,0.7,0.5880927387145454,30.297467265527175,
2066,20260419_072239_exploiter_les_inversions_de_tendance_sur,C:\Users\o3-Pro\Documents\backtest_results\_builder_sessions\20260419_072239_exploiter_les_inversions_de_tendance_sur\session_summary.json,C:\Users\o3-Pro\Documents\backtest_results\_builder_sessions\20260419_072239_exploiter_les_inversions_de_tendance_sur,6ee9d7be74d49e14f3d2043a3dd5b2b9b87e4197d9fda59399a078e8a5df488b,262744,2026-04-19T07:22:39.319532,,running,glm-5:cloud,LINKUSDC,1d,5,0.0,0.40071821875764274,48.934464555861254,
2067,20260419_073343_strat_gie_sur_dotusdc_4h_identifier_les,C:\Users\o3-Pro\Documents\backtest_results\_builder_sessions\20260419_073343_strat_gie_sur_dotusdc_4h_identifier_les\session_summary.json,C:\Users\o3-Pro\Documents\backtest_results\_builder_sessions\20260419_073343_strat_gie_sur_dotusdc_4h_identifier_les,e4dca0370b275dba431e9b3d9d44d36916f7492a764f26461832aee90d8e999a,230707,2026-04-19T07:33:43.188277,,running,qwen3-coder:480b-cloud,DOTUSDC,4h,3,0.6666666666666666,1.0010424800798838,100.0,
2068,20260419_074406_strat_gie_sur_ltcusdc_1d_d_tecter_les_mo,C:\Users\o3-Pro\Documents\backtest_results\_builder_sessions\20260419_074406_strat_gie_sur_ltcusdc_1d_d_tecter_les_mo\session_summary.json,C:\Users\o3-Pro\Documents\backtest_results\_builder_sessions\20260419_074406_strat_gie_sur_ltcusdc_1d_d_tecter_les_mo,f8ca1dba03f4d3ad9ebf4e38a581af345f3bd8194f051ae1b13e8fca2930641c,194767,2026-04-19T07:44:06.851192,,running,cogito-2.1:671b-cloud,LTCUSDC,1d,2,0.0,0.39261243177849586,-10.623034110996684,
2069,20260419_075625_exploiter_les_divergences_entre_le_ethus,C:\Users\o3-Pro\Documents\backtest_results\_builder_sessions\20260419_075625_exploiter_les_divergences_entre_le_ethus\session_summary.json,C:\Users\o3-Pro\Documents\backtest_results\_builder_sessions\20260419_075625_exploiter_les_divergences_entre_le_ethus,ce74a74f4eccc4d5c2ebaecb6986df9ca183699cc04a7ca64e308660c3629545,184304,2026-04-19T07:56:25.215233,,failed,devstral-2:123b-cloud,ETHUSDC,4h,4,0.5,0.0,-50.0,
2070,20260419_080332_strat_gie_sur_injusdc_1d_exploiter_les_d,C:\Users\o3-Pro\Documents\backtest_results\_builder_sessions\20260419_080332_strat_gie_sur_injusdc_1d_exploiter_les_d\session_summary.json,C:\Users\o3-Pro\Documents\backtest_results\_builder_sessions\20260419_080332_strat_gie_sur_injusdc_1d_exploiter_les_d,e739ec4f58c179c8b774911fc13eab8803f90014ba740676083f8899fe4745f7,253604,2026-04-19T08:03:32.324085,,running,devstral-2:123b-cloud,INJUSDC,1d,8,0.25,0.7082190059877241,-50.0,
2071,20260419_081225_capturer_les_retournements_de_tendance_s,C:\Users\o3-Pro\Documents\backtest_results\_builder_sessions\20260419_081225_capturer_les_retournements_de_tendance_s\session_summary.json,C:\Users\o3-Pro\Documents\backtest_results\_builder_sessions\20260419_081225_capturer_les_retournements_de_tendance_s,2f9b0bb5e9c7a9bcaf3419a51e2d15f6793cbbb01dd61261873498649babb666,233987,2026-04-19T08:12:25.430627,,failed,gemma4:26b,AVAXUSDC,1d,9,0.1111111111111111,0.490312020123992,-50.0,
2072,20260419_092542_strat_gie_de_breakout_sur_injusdc_1d_ind,C:\Users\o3-Pro\Documents\backtest_results\_builder_sessions\20260419_092542_strat_gie_de_breakout_sur_injusdc_1d_ind\session_summary.json,C:\Users\o3-Pro\Documents\backtest_results\_builder_sessions\20260419_092542_strat_gie_de_breakout_sur_injusdc_1d_ind,3ae8b625de0c648c95edc94afa2a93bd65d1830d2ca644212660df01c3a06433,106135,2026-04-19T09:25:42.503237,,failed,gemma4:26b,INJUSDC,1d,9,0.0,0.6917679229900247,69.79723303704984,
2073,20260419_101721_strat_gie_de_regime_adaptatif_sur_btcusd,C:\Users\o3-Pro\Documents\backtest_results\_builder_sessions\20260419_101721_strat_gie_de_regime_adaptatif_sur_btcusd\session_summary.json,C:\Users\o3-Pro\Documents\backtest_results\_builder_sessions\20260419_101721_strat_gie_de_regime_adaptatif_sur_btcusd,95a7b004679f31de515039bc25caa259113fcff1188f7796a5d503086da80869,63808,2026-04-19T10:17:21.805106,,failed,gemma4:26b,BTCUSDC,15m,6,0.0,0.0,-26.0,
2074,20260419_104344_strat_gie_de_scalping_sur_avaxusdc_4h_in,C:\Users\o3-Pro\Documents\backtest_results\_builder_sessions\20260419_104344_strat_gie_de_scalping_sur_avaxusdc_4h_in\session_summary.json,C:\Users\o3-Pro\Documents\backtest_results\_builder_sessions\20260419_104344_strat_gie_de_scalping_sur_avaxusdc_4h_in,45e0072e696b146b67fcad6e4265e435679129b041813579747a33aa3c981344,122413,2026-04-19T10:43:44.946857,,failed,gemma4:26b,AVAXUSDC,4h,10,0.0,0.8796342015441162,86.00838949524285,
2075,20260419_113144_strat_gie_de_momentum_sur_nearusdc_4h_in,C:\Users\o3-Pro\Documents\backtest_results\_builder_sessions\20260419_113144_strat_gie_de_momentum_sur_nearusdc_4h_in\session_summary.json,C:\Users\o3-Pro\Documents\backtest_results\_builder_sessions\20260419_113144_strat_gie_de_momentum_sur_nearusdc_4h_in,72898e2bb23cfc5cf47057165815b810b0963d84b2ae7bff92865723ac745526,67092,2026-04-19T11:31:44.170127,,failed,gemma4:26b,NEARUSDC,4h,6,0.0,-0.6413506523097973,-87.19047619047619,
2076,20260419_115829_capturer_les_retournements_de_tendance_s,C:\Users\o3-Pro\Documents\backtest_results\_builder_sessions\20260419_115829_capturer_les_retournements_de_tendance_s\session_summary.json,C:\Users\o3-Pro\Documents\backtest_results\_builder_sessions\20260419_115829_capturer_les_retournements_de_tendance_s,abd3d0846231a8af5c65f055917f909f76c72be7dc6c519fc96e9046527ee6a9,290883,2026-04-19T11:58:29.509464,,failed,gemma4:26b,SOLUSDC,1d,9,0.0,0.7775518533403115,49.10928973136656,
2077,20260419_131051_identifier_les_retournements_de_tendance,C:\Users\o3-Pro\Documents\backtest_results\_builder_sessions\20260419_131051_identifier_les_retournements_de_tendance\session_summary.json,C:\Users\o3-Pro\Documents\backtest_results\_builder_sessions\20260419_131051_identifier_les_retournements_de_tendance,e03d897e57dc4a29614ddf9464dada32f0e2a021660dedeabec90539811cc59d,257344,2026-04-19T13:10:51.719604,,failed,gemma4:26b,LTCUSDC,1d,9,0.1111111111111111,0.2854827958461516,-50.0,
2078,20260419_140944_capturer_les_retournements_de_tendance_s,C:\Users\o3-Pro\Documents\backtest_results\_builder_sessions\20260419_140944_capturer_les_retournements_de_tendance_s\session_summary.json,C:\Users\o3-Pro\Documents\backtest_results\_builder_sessions\20260419_140944_capturer_les_retournements_de_tendance_s,f9824ef2584248646d87c53bc4c56bd0c7476d381b3480f29669dd580a90aadc,205779,2026-04-19T14:09:44.603348,,running,gemma4:26b,NEARUSDC,1d,5,0.2,-5.0,-87.19047619047619,
2079,20260419_145330_capturer_des_retournements_de_tendance_s,C:\Users\o3-Pro\Documents\backtest_results\_builder_sessions\20260419_145330_capturer_des_retournements_de_tendance_s\session_summary.json,C:\Users\o3-Pro\Documents\backtest_results\_builder_sessions\20260419_145330_capturer_des_retournements_de_tendance_s,100082fa628c3c8006b55baf6fae3654cd187bf12940fbc19f84d6e1d710c9d0,142204,2026-04-19T14:53:30.531587,,running,gemma4:31b,FILUSDC,1d,2,0.0,0.5808958653276641,53.57329194451184,
2080,20260419_153013_objective_exploiter_les_divergences_ent,C:\Users\o3-Pro\Documents\backtest_results\_builder_sessions\20260419_153013_objective_exploiter_les_divergences_ent\session_summary.json,C:\Users\o3-Pro\Documents\backtest_results\_builder_sessions\20260419_153013_objective_exploiter_les_divergences_ent,ff3ce055c8806dd9e1490a6f07ed0bf72107b4cd4e141f49b03405bc977f4dcc,288057,2026-04-19T15:30:14.002268,,failed,glm-5:cloud,SOLUSDC,4h,10,1.0,0.8554091075329939,94.5787034493349,
2081,20260419_154431_strat_gie_de_regime_adaptatif_sur_opusdc,C:\Users\o3-Pro\Documents\backtest_results\_builder_sessions\20260419_154431_strat_gie_de_regime_adaptatif_sur_opusdc\session_summary.json,C:\Users\o3-Pro\Documents\backtest_results\_builder_sessions\20260419_154431_strat_gie_de_regime_adaptatif_sur_opusdc,048ee1b33afb07ac5b58c0734c0ca46b7b6a89772fb30f0e180ba594530f91a6,195915,2026-04-19T15:44:31.989836,,failed,glm-5:cloud,OPUSDC,1d,10,0.9,0.4520836155775868,26.625408450461876,
2082,20260419_155259_strat_gie_de_momentum_sur_adausdc_1d_ind,C:\Users\o3-Pro\Documents\backtest_results\_builder_sessions\20260419_155259_strat_gie_de_momentum_sur_adausdc_1d_ind\session_summary.json,C:\Users\o3-Pro\Documents\backtest_results\_builder_sessions\20260419_155259_strat_gie_de_momentum_sur_adausdc_1d_ind,eaad33593eb32c18efd0412ece1ce0bfacea6511472f595b6960bb8f8e86602c,130237,2026-04-19T15:52:59.093244,,success,glm-5:cloud,ADAUSDC,1d,8,0.75,1.020889966866421,100.0,
2083,20260419_160118_strat_gie_sur_nearusdc_4h_exploiter_les,C:\Users\o3-Pro\Documents\backtest_results\_builder_sessions\20260419_160118_strat_gie_sur_nearusdc_4h_exploiter_les\session_summary.json,C:\Users\o3-Pro\Documents\backtest_results\_builder_sessions\20260419_160118_strat_gie_sur_nearusdc_4h_exploiter_les,c460a26f117f51ba6f59d3d65c4b2c9b6dcfce50772a49c8d9614dc9cc751230,323978,2026-04-19T16:01:18.491547,,failed,glm-5:cloud,NEARUSDC,4h,9,0.7777777777777778,0.5248932394344542,71.36660654687752,
2084,20260419_161539_objective_exploiter_les_divergences_ent,C:\Users\o3-Pro\Documents\backtest_results\_builder_sessions\20260419_161539_objective_exploiter_les_divergences_ent\session_summary.json,C:\Users\o3-Pro\Documents\backtest_results\_builder_sessions\20260419_161539_objective_exploiter_les_divergences_ent,a6d1a544f4ac9e58df19b0619b94aeaf5e28d7ac1359ac1211a1709acbd540d5,377231,2026-04-19T16:15:39.290879,,max_iterations,glm-5:cloud,DOTUSDC,4h,10,0.5,0.8489042244296843,45.436030313696556,
2085,20260419_190145_strat_gie_de_multi_factor_sur_lineausdc,C:\Users\o3-Pro\Documents\backtest_results\_builder_sessions\20260419_190145_strat_gie_de_multi_factor_sur_lineausdc\session_summary.json,C:\Users\o3-Pro\Documents\backtest_results\_builder_sessions\20260419_190145_strat_gie_de_multi_factor_sur_lineausdc,d96e5d2bcb8fe3ec26200bf1d9744a712e8f51e3e5b2b376aee6b1c6f161a357,168692,2026-04-19T19:01:45.293997,,failed,glm-5:cloud,ARBUSDC,1d,10,0.7,0.8184541913661683,88.06880534442313,
2086,20260419_192210_strat_gie_de_trend_following_sur_ltcusdc,C:\Users\o3-Pro\Documents\backtest_results\_builder_sessions\20260419_192210_strat_gie_de_trend_following_sur_ltcusdc\session_summary.json,C:\Users\o3-Pro\Documents\backtest_results\_builder_sessions\20260419_192210_strat_gie_de_trend_following_sur_ltcusdc,dc988a2904d256ba62bf55f117a3851818b4e3f0180f742896e49b7266e05cf8,176557,2026-04-19T19:22:10.404076,,failed,glm-5:cloud,LTCUSDC,1d,10,0.7,0.40267400350948135,7.729539385188389,
2087,20260419_194251_strat_gie_de_regime_adaptatif_sur_opusdc,C:\Users\o3-Pro\Documents\backtest_results\_builder_sessions\20260419_194251_strat_gie_de_regime_adaptatif_sur_opusdc\session_summary.json,C:\Users\o3-Pro\Documents\backtest_results\_builder_sessions\20260419_194251_strat_gie_de_regime_adaptatif_sur_opusdc,a54f763d658ad2aed8635ba5a3e836cdc431a0fb51ffb6c5f6d4cae3f4538e78,170993,2026-04-19T19:42:51.955763,,failed,glm-5:cloud,OPUSDC,1d,10,0.9,0.5619007439697623,62.311641692516886,
2088,20260419_195421_strat_gie_de_momentum_sur_xrpusdc_1d_ind,C:\Users\o3-Pro\Documents\backtest_results\_builder_sessions\20260419_195421_strat_gie_de_momentum_sur_xrpusdc_1d_ind\session_summary.json,C:\Users\o3-Pro\Documents\backtest_results\_builder_sessions\20260419_195421_strat_gie_de_momentum_sur_xrpusdc_1d_ind,3784d00f2062d32b5ec549e0cb9643839a9a2d32f8d091781d6581cc602430cd,171385,2026-04-19T19:54:21.312782,,max_iterations,glm-5:cloud,XRPUSDC,1d,10,0.4,0.4397741877839123,28.682074876300135,
2089,20260419_202250_strat_gie_de_momentum_sur_aptusdc_4h_ind,C:\Users\o3-Pro\Documents\backtest_results\_builder_sessions\20260419_202250_strat_gie_de_momentum_sur_aptusdc_4h_ind\session_summary.json,C:\Users\o3-Pro\Documents\backtest_results\_builder_sessions\20260419_202250_strat_gie_de_momentum_sur_aptusdc_4h_ind,8f7c1f98f3005fadb26d3fe0e61fc5a2e1b02f691f37ef851734a28aa24f7d25,91474,2026-04-19T20:22:50.481200,,running,gemma4:31b,APTUSDC,4h,8,0.0,0.45972705570434624,41.575791979145976,
2090,20260420_022926_strat_gie_de_breakout_sur_arbusdc_1d_ind,C:\Users\o3-Pro\Documents\backtest_results\_builder_sessions\20260420_022926_strat_gie_de_breakout_sur_arbusdc_1d_ind\session_summary.json,C:\Users\o3-Pro\Documents\backtest_results\_builder_sessions\20260420_022926_strat_gie_de_breakout_sur_arbusdc_1d_ind,1322712849a2146eefcc7b868c0b3d9180b5d9600c586d340e5bc63a65b30361,119965,2026-04-20T02:29:26.092989,,running,qwen3.6:35b,ARBUSDC,1d,7,0.42857142857142855,0.6872064600542788,74.32618943774722,
2091,20260420_025720_strat_gie_de_regime_adaptatif_sur_suiusd,C:\Users\o3-Pro\Documents\backtest_results\_builder_sessions\20260420_025720_strat_gie_de_regime_adaptatif_sur_suiusd\session_summary.json,C:\Users\o3-Pro\Documents\backtest_results\_builder_sessions\20260420_025720_strat_gie_de_regime_adaptatif_sur_suiusd,b505dc23996686680e921b20560f644b9a1fb332d9ce14ce92aab5cf0b5ebde1,54917,2026-04-20T02:57:20.669017,,success,qwen3.6:35b,SUIUSDC,1d,3,0.0,1.3554563029123712,100.0,
2092,20260420_031226_objective_d_tecter_les_ruptures_de_volu,C:\Users\o3-Pro\Documents\backtest_results\_builder_sessions\20260420_031226_objective_d_tecter_les_ruptures_de_volu\session_summary.json,C:\Users\o3-Pro\Documents\backtest_results\_builder_sessions\20260420_031226_objective_d_tecter_les_ruptures_de_volu,4cb80ec98149fc4d994105222e6f520306d8a92a3017c7806c867ca4e31a00ee,287503,2026-04-20T03:12:26.409383,,failed,qwen3.6:35b,XRPUSDC,4h,9,0.4444444444444444,0.6514841384931922,-97.6399496330923,
2093,20260420_031315_strat_gie_sur_nearusdc_4h_identifier_des,C:\Users\o3-Pro\Documents\backtest_results\_builder_sessions\20260420_031315_strat_gie_sur_nearusdc_4h_identifier_des\session_summary.json,C:\Users\o3-Pro\Documents\backtest_results\_builder_sessions\20260420_031315_strat_gie_sur_nearusdc_4h_identifier_des,ebd784646fa7dbffe14c5a2db9247b699d5fbae7a0289e43a7bf0e216cfa3e55,307592,2026-04-20T03:13:15.724301,,failed,qwen3.6:35b,NEARUSDC,4h,6,0.16666666666666666,0.46777792842966226,-100.0,
2094,20260420_035953_objective_identifier_les_ruptures_de_st,C:\Users\o3-Pro\Documents\backtest_results\_builder_sessions\20260420_035953_objective_identifier_les_ruptures_de_st\session_summary.json,C:\Users\o3-Pro\Documents\backtest_results\_builder_sessions\20260420_035953_objective_identifier_les_ruptures_de_st,d67fc8b9f1e34e014a649ef65276b8891c5c9f524a7803407d0fb674c33bf42e,292909,2026-04-20T03:59:53.484286,,failed,qwen3.6:35b,AVAXUSDC,1d,9,0.0,0.6703388886462632,48.26590152090618,
2095,20260420_043327_objective_d_tecter_les_divergences_cach,C:\Users\o3-Pro\Documents\backtest_results\_builder_sessions\20260420_043327_objective_d_tecter_les_divergences_cach\session_summary.json,C:\Users\o3-Pro\Documents\backtest_results\_builder_sessions\20260420_043327_objective_d_tecter_les_divergences_cach,f453b4c8ee749ac960d638ab07e69b93481a763364c83c87258e3ea4c13f6843,272076,2026-04-20T04:33:27.835657,,failed,qwen3.6:35b,ARBUSDC,4h,10,0.0,0.44858872896876933,4.578273993363773,
2096,20260420_050708_objective_cette_strat_gie_exploite_la_d,C:\Users\o3-Pro\Documents\backtest_results\_builder_sessions\20260420_050708_objective_cette_strat_gie_exploite_la_d\session_summary.json,C:\Users\o3-Pro\Documents\backtest_results\_builder_sessions\20260420_050708_objective_cette_strat_gie_exploite_la_d,38f4a91edbe994bf1d75924ee4283c03bee32c78eeb3e66c6aae9961156dffe8,188209,2026-04-20T05:07:08.712426,,failed,qwen3.6:35b,FILUSDC,1d,9,1.0,-inf,-inf,
2097,20260420_055524_objective_filtrer_les_entr_es_sur_ltcus,C:\Users\o3-Pro\Documents\backtest_results\_builder_sessions\20260420_055524_objective_filtrer_les_entr_es_sur_ltcus\session_summary.json,C:\Users\o3-Pro\Documents\backtest_results\_builder_sessions\20260420_055524_objective_filtrer_les_entr_es_sur_ltcus,f4f255a2a29117defd35932c7815b1e7280c99c802b68240dd9d790fa3acd6ea,294211,2026-04-20T05:55:24.337548,,running,qwen3.6:35b,LTCUSDC,1d,7,0.2857142857142857,0.48534766073308466,-100.0,
2098,20260420_060827_objective_d_velopper_une_strat_gie_d_as,C:\Users\o3-Pro\Documents\backtest_results\_builder_sessions\20260420_060827_objective_d_velopper_une_strat_gie_d_as\session_summary.json,C:\Users\o3-Pro\Documents\backtest_results\_builder_sessions\20260420_060827_objective_d_velopper_une_strat_gie_d_as,dfd1723ef14422aacc54d68af9c72af62ecfb0683184ae603cc664f0bf94ce11,196929,2026-04-20T06:08:27.210758,,running,qwen3.6:35b,OPUSDC,1d,5,0.4,0.3555139532234331,-50.0,
2099,20260420_065045_filtrer_les_entr_es_sur_xrpusdc_en_4h_en,C:\Users\o3-Pro\Documents\backtest_results\_builder_sessions\20260420_065045_filtrer_les_entr_es_sur_xrpusdc_en_4h_en\session_summary.json,C:\Users\o3-Pro\Documents\backtest_results\_builder_sessions\20260420_065045_filtrer_les_entr_es_sur_xrpusdc_en_4h_en,cda93b07d1f0c573fb17373ebd0df98e853a2ff0edaed3b83f90aa4cac275282,217338,2026-04-20T06:50:45.083309,,running,qwen3.6:35b,XRPUSDC,4h,3,0.3333333333333333,0.0,-50.0,
2100,20260420_071435_objective_cestrat_gie_exploite_la_diver,C:\Users\o3-Pro\Documents\backtest_results\_builder_sessions\20260420_071435_objective_cestrat_gie_exploite_la_diver\session_summary.json,C:\Users\o3-Pro\Documents\backtest_results\_builder_sessions\20260420_071435_objective_cestrat_gie_exploite_la_diver,dfb73bf1b76889ac17ca508d5c6b67314010b473ff88980b3001b6a6a1461fd6,214840,2026-04-20T07:14:35.082018,,success,qwen3.6:35b,AVAXUSDC,4h,5,0.2,1.0975641341244342,-26.0,
2101,20260420_073825_objective_cestrategie_teste_une_logique,C:\Users\o3-Pro\Documents\backtest_results\_builder_sessions\20260420_073825_objective_cestrategie_teste_une_logique\session_summary.json,C:\Users\o3-Pro\Documents\backtest_results\_builder_sessions\20260420_073825_objective_cestrategie_teste_une_logique,cd25f11376e5fe4b871f99b508403cc47f4ffbf3db38ff944dc1371539d074b9,309964,2026-04-20T07:38:26.009306,,max_iterations,qwen3.6:35b,LTCUSDC,1d,10,0.6,0.5841883072634171,78.47276148871735,
2102,20260420_080222_objective_filtrer_les_faux_signaux_de_t,C:\Users\o3-Pro\Documents\backtest_results\_builder_sessions\20260420_080222_objective_filtrer_les_faux_signaux_de_t\session_summary.json,C:\Users\o3-Pro\Documents\backtest_results\_builder_sessions\20260420_080222_objective_filtrer_les_faux_signaux_de_t,506b07461a94ad32477f846e0cb78f183fce062a36b6e35980964c2269696089,310934,2026-04-20T08:02:22.993742,,failed,qwen3.6:35b,NEARUSDC,4h,9,0.6666666666666666,0.3961447903395552,-5.130831854279634,
2103,20260420_084306_strat_gie_de_trading_sur_bnbusdc_en_time,C:\Users\o3-Pro\Documents\backtest_results\_builder_sessions\20260420_084306_strat_gie_de_trading_sur_bnbusdc_en_time\session_summary.json,C:\Users\o3-Pro\Documents\backtest_results\_builder_sessions\20260420_084306_strat_gie_de_trading_sur_bnbusdc_en_time,4e479b3977712ff6df50d537da90bb337323a643c9632f65273083b7247a61f6,327555,2026-04-20T08:43:06.164510,,failed,qwen3.6:35b,BNBUSDC,4h,9,0.0,0.49974890095564206,49.8765767350112,
2104,20260420_092232_objective_cette_strat_gie_vise_capturer,C:\Users\o3-Pro\Documents\backtest_results\_builder_sessions\20260420_092232_objective_cette_strat_gie_vise_capturer\session_summary.json,C:\Users\o3-Pro\Documents\backtest_results\_builder_sessions\20260420_092232_objective_cette_strat_gie_vise_capturer,ce4f5780e061c3b5a00c05a691b277b81574fa0616a07f711acfccbb3e210ccc,290628,2026-04-20T09:22:32.667848,,running,qwen3.6:35b,BNBUSDC,1d,9,0.2222222222222222,0.744764079629348,60.56805071747827,
2105,20260420_101818_objective_cette_strat_gie_exploite_la_d,C:\Users\o3-Pro\Documents\backtest_results\_builder_sessions\20260420_101818_objective_cette_strat_gie_exploite_la_d\session_summary.json,C:\Users\o3-Pro\Documents\backtest_results\_builder_sessions\20260420_101818_objective_cette_strat_gie_exploite_la_d,4b0cc0b19e92e420901d602067b3ae7c167cc210b67404b56b44e5fcd2c8202b,305988,2026-04-20T10:18:18.088849,,failed,qwen3.6:35b,AVAXUSDC,1d,9,0.3333333333333333,0.4256490634900149,-100.0,
2106,20260420_112204_strat_gie_de_breakout_sur_solusdc_4h_ind,C:\Users\o3-Pro\Documents\backtest_results\_builder_sessions\20260420_112204_strat_gie_de_breakout_sur_solusdc_4h_ind\session_summary.json,C:\Users\o3-Pro\Documents\backtest_results\_builder_sessions\20260420_112204_strat_gie_de_breakout_sur_solusdc_4h_ind,62e1ccd8cb70b4c1153b4d42068b17e32fa94b1b050f2f5835222f44a79de9d0,195570,2026-04-20T11:22:04.097402,,failed,qwen3.6:35b,SOLUSDC,4h,10,0.3,0.44425044346383846,-26.0,
2107,20260420_122611_strat_gie_de_regime_adaptatif_sur_ethusd,C:\Users\o3-Pro\Documents\backtest_results\_builder_sessions\20260420_122611_strat_gie_de_regime_adaptatif_sur_ethusd\session_summary.json,C:\Users\o3-Pro\Documents\backtest_results\_builder_sessions\20260420_122611_strat_gie_de_regime_adaptatif_sur_ethusd,4de429134f60dc0933ba6ad20b59cf7f396c9561a4be844290b3ef78d8df0cbb,121404,2026-04-20T12:26:11.070169,,running,qwen3.6:35b,ETHUSDC,1h,5,0.0,0.0,-50.0,
2108,20260420_184307_strat_gie_de_momentum_sur_atomusdc_1d_in,C:\Users\o3-Pro\Documents\backtest_results\_builder_sessions\20260420_184307_strat_gie_de_momentum_sur_atomusdc_1d_in\session_summary.json,C:\Users\o3-Pro\Documents\backtest_results\_builder_sessions\20260420_184307_strat_gie_de_momentum_sur_atomusdc_1d_in,f89e900b8e3345223b5a23e88db5b00e6ad66576459a824bd653abf8ad7e341d,162108,2026-04-20T18:43:07.838493,,failed,deepseek-r1:32b,ATOMUSDC,1d,10,0.8,0.7482731454792334,56.23515942462117,
2109,20260420_193522_strat_gie_de_regime_adaptatif_sur_btcusd,C:\Users\o3-Pro\Documents\backtest_results\_builder_sessions\20260420_193522_strat_gie_de_regime_adaptatif_sur_btcusd\session_summary.json,C:\Users\o3-Pro\Documents\backtest_results\_builder_sessions\20260420_193522_strat_gie_de_regime_adaptatif_sur_btcusd,0b60850dba74677c8704769e9c34ca20142667f10ae26d807685762df4e73074,60486,2026-04-20T19:35:22.936737,,running,deepseek-r1:32b,BTCUSDC,1h,3,1.0,0.0,-87.19047619047619,
2110,20260420_202348_strat_gie_de_momentum_sur_arbusdc_4h_ind,C:\Users\o3-Pro\Documents\backtest_results\_builder_sessions\20260420_202348_strat_gie_de_momentum_sur_arbusdc_4h_ind\session_summary.json,C:\Users\o3-Pro\Documents\backtest_results\_builder_sessions\20260420_202348_strat_gie_de_momentum_sur_arbusdc_4h_ind,0cd7b1fc11f2cb794587308b52b43608ce93fc7c90c20cdb76c44dc2a5b3379d,210120,2026-04-20T20:23:48.784331,,failed,qwen3.6:35b,ARBUSDC,4h,10,0.3,0.8538823039884782,100.0,
2111,20260420_212648_strat_gie_de_multi_factor_sur_atomusdc_1,C:\Users\o3-Pro\Documents\backtest_results\_builder_sessions\20260420_212648_strat_gie_de_multi_factor_sur_atomusdc_1\session_summary.json,C:\Users\o3-Pro\Documents\backtest_results\_builder_sessions\20260420_212648_strat_gie_de_multi_factor_sur_atomusdc_1,6fce6f3b5b4b7a1e877d5b572f2f6a7d1c8ac18db8d1e7b67891b7abe72fb776,84178,2026-04-20T21:26:48.044782,,running,qwen3.6:35b,ATOMUSDC,1d,3,0.3333333333333333,0.45476744381422096,-50.0,
2112,20260422_200126_strat_gie_de_momentum_sur_aptusdc_1d_ind,C:\Users\o3-Pro\Documents\backtest_results\_builder_sessions\20260422_200126_strat_gie_de_momentum_sur_aptusdc_1d_ind\session_summary.json,C:\Users\o3-Pro\Documents\backtest_results\_builder_sessions\20260422_200126_strat_gie_de_momentum_sur_aptusdc_1d_ind,64f1eef93566e74ad038efa2021a93b3259824955fa11340a1405432b0c0e570,140349,2026-04-22T20:01:26.629724,,failed,gemma4:31b,APTUSDC,1d,9,0.0,0.43996694261117625,27.557315627168748,
2113,20260422_213112_capter_des_retournements_de_tendance_sur,C:\Users\o3-Pro\Documents\backtest_results\_builder_sessions\20260422_213112_capter_des_retournements_de_tendance_sur\session_summary.json,C:\Users\o3-Pro\Documents\backtest_results\_builder_sessions\20260422_213112_capter_des_retournements_de_tendance_sur,7ff1483a9f4603e9a9985b33e906e882e737ecf5a570f6ad495636e92b049d18,213241,2026-04-22T21:31:12.502364,,failed,gemma4:31b,SUIUSDC,1h,6,0.16666666666666666,0.0,-50.0,
2114,20260422_225134_capturer_des_retournements_de_tendance_s,C:\Users\o3-Pro\Documents\backtest_results\_builder_sessions\20260422_225134_capturer_des_retournements_de_tendance_s\session_summary.json,C:\Users\o3-Pro\Documents\backtest_results\_builder_sessions\20260422_225134_capturer_des_retournements_de_tendance_s,819e44f32b329e9af81c8cd1b44ab0ec52ec98d6864a2e42dfcd485f93eaf163,262893,2026-04-22T22:51:34.581285,,max_iterations,gemma4:31b,FILUSDC,1d,10,0.0,0.5865717531455772,39.164874771723035,
2115,20260423_005314_capter_les_retournements_de_tendance_sur,C:\Users\o3-Pro\Documents\backtest_results\_builder_sessions\20260423_005314_capter_les_retournements_de_tendance_sur\session_summary.json,C:\Users\o3-Pro\Documents\backtest_results\_builder_sessions\20260423_005314_capter_les_retournements_de_tendance_sur,149bcd0dff85e7ab8dc43afd0e10a33eed7bf76c026aeadc119607899a17d7fe,198270,2026-04-23T00:53:14.312198,,failed,gemma4:31b,ETHUSDC,4h,3,0.3333333333333333,-20.0,-100.0,
2116,20260423_014455_capturer_des_retournements_de_tendance_s,C:\Users\o3-Pro\Documents\backtest_results\_builder_sessions\20260423_014455_capturer_des_retournements_de_tendance_s\session_summary.json,C:\Users\o3-Pro\Documents\backtest_results\_builder_sessions\20260423_014455_capturer_des_retournements_de_tendance_s,0b760be5ab0de018e196f85eb80e9ec1e862f79a655fe69f2902be66b33249b2,239325,2026-04-23T01:44:55.542579,,running,gemma4:31b,LTCUSDC,1d,2,0.0,-5.0,-87.19047619047619,
2117,20260423_050049_strat_gie_sur_solusdc_4h_exploiter_les_r,C:\Users\o3-Pro\Documents\backtest_results\_builder_sessions\20260423_050049_strat_gie_sur_solusdc_4h_exploiter_les_r\session_summary.json,C:\Users\o3-Pro\Documents\backtest_results\_builder_sessions\20260423_050049_strat_gie_sur_solusdc_4h_exploiter_les_r,b4901cc0092444e235bcffe8c643c77b6a2437c5a230835a57ba3cd9a0ef1dd0,209254,2026-04-23T05:00:49.151691,,success,devstral-2:123b-cloud,SOLUSDC,4h,3,0.6666666666666666,1.5386971753492977,100.0,
2118,20260423_050355_strat_gie_sur_ethusdc_1h_exploiter_les_r,C:\Users\o3-Pro\Documents\backtest_results\_builder_sessions\20260423_050355_strat_gie_sur_ethusdc_1h_exploiter_les_r\session_summary.json,C:\Users\o3-Pro\Documents\backtest_results\_builder_sessions\20260423_050355_strat_gie_sur_ethusdc_1h_exploiter_les_r,1686d9257042db1aa0f6cfa23c91e81a53f007979e07bce858a9f78dd2626b5e,278914,2026-04-23T05:03:55.138122,,failed,devstral-2:123b-cloud,ETHUSDC,1h,6,0.16666666666666666,0.0,-100.0,
2119,20260423_051057_strat_gie_sur_adausdc_4h_exploiter_les_r,C:\Users\o3-Pro\Documents\backtest_results\_builder_sessions\20260423_051057_strat_gie_sur_adausdc_4h_exploiter_les_r\session_summary.json,C:\Users\o3-Pro\Documents\backtest_results\_builder_sessions\20260423_051057_strat_gie_sur_adausdc_4h_exploiter_les_r,3ee6fbab51e6cff04c4a9e165e5677477683140ab5a18a68426033efeb29cccc,424150,2026-04-23T05:10:57.845707,,max_iterations,devstral-2:123b-cloud,ADAUSDC,4h,10,0.5,0.463243955193031,89.45893048386431,
2120,20260423_051807_strat_gie_sur_ethusdc_1d_exploiter_les_r,C:\Users\o3-Pro\Documents\backtest_results\_builder_sessions\20260423_051807_strat_gie_sur_ethusdc_1d_exploiter_les_r\session_summary.json,C:\Users\o3-Pro\Documents\backtest_results\_builder_sessions\20260423_051807_strat_gie_sur_ethusdc_1d_exploiter_les_r,1cc7a9154857c8f1ba5a8e56da8691f15052a97defa15c97df2a475a8fe3ee1b,312179,2026-04-23T05:18:07.465092,,max_iterations,devstral-2:123b-cloud,ETHUSDC,1d,10,1.0,0.9905259548618448,100.0,
2121,20260423_053926_strat_gie_sur_suiusdc_30m_exploiter_les,C:\Users\o3-Pro\Documents\backtest_results\_builder_sessions\20260423_053926_strat_gie_sur_suiusdc_30m_exploiter_les\session_summary.json,C:\Users\o3-Pro\Documents\backtest_results\_builder_sessions\20260423_053926_strat_gie_sur_suiusdc_30m_exploiter_les,d2109810aa1e5c4bf93c9db31e6d599ceb6c2fb15cf058a25ff8ec67b165e209,289287,2026-04-23T05:39:26.764499,,failed,devstral-2:123b-cloud,SUIUSDC,30m,6,0.0,0.0,-50.0,
2122,20260423_054426_strat_gie_sur_bnbusdc_4h_exploiter_les_d,C:\Users\o3-Pro\Documents\backtest_results\_builder_sessions\20260423_054426_strat_gie_sur_bnbusdc_4h_exploiter_les_d\session_summary.json,C:\Users\o3-Pro\Documents\backtest_results\_builder_sessions\20260423_054426_strat_gie_sur_bnbusdc_4h_exploiter_les_d,2a2b548a4de8986186d9c04e7d3a5298192bba1d3e3c0b92eb5cccee3cb39e27,281795,2026-04-23T05:44:26.897176,,failed,devstral-2:123b-cloud,BNBUSDC,4h,6,0.5,0.0,-100.0,
2123,20260423_075801_strat_gie_sur_bnbusdc_1d_exploiter_les_d,C:\Users\o3-Pro\Documents\backtest_results\_builder_sessions\20260423_075801_strat_gie_sur_bnbusdc_1d_exploiter_les_d\session_summary.json,C:\Users\o3-Pro\Documents\backtest_results\_builder_sessions\20260423_075801_strat_gie_sur_bnbusdc_1d_exploiter_les_d,c1456723d9abc39a2bbee78a26b693ccb8d4c689e0046eee88a44deeaa737695,360361,2026-04-23T07:58:01.622478,,failed,devstral-2:123b-cloud,BNBUSDC,1d,9,0.0,0.7746027902868146,100.0,
2124,20260423_080558_strat_gie_de_multi_factor_sur_filusdc_1d,C:\Users\o3-Pro\Documents\backtest_results\_builder_sessions\20260423_080558_strat_gie_de_multi_factor_sur_filusdc_1d\session_summary.json,C:\Users\o3-Pro\Documents\backtest_results\_builder_sessions\20260423_080558_strat_gie_de_multi_factor_sur_filusdc_1d,57abec05c17aea0b290fc17cb01821dec8ee339e5500c1e9721bbe4e6be70967,201027,2026-04-23T08:05:58.796328,,max_iterations,devstral-2:123b-cloud,FILUSDC,1d,10,0.8,1.0164545933793636,89.88894532161353,
2125,20260423_081321_exploiter_les_divergences_entre_le_momen,C:\Users\o3-Pro\Documents\backtest_results\_builder_sessions\20260423_081321_exploiter_les_divergences_entre_le_momen\session_summary.json,C:\Users\o3-Pro\Documents\backtest_results\_builder_sessions\20260423_081321_exploiter_les_divergences_entre_le_momen,8713fccea0b605267646267d7d6c6635818ce9d2733e4f5291c8f13395c3b740,373739,2026-04-23T08:13:21.389764,,failed,devstral-2:123b-cloud,SOLUSDC,4h,9,0.0,0.4436427472432308,36.13145638226992,
2126,20260423_082021_strat_gie_sur_ethusdc_1h_capturer_des_mo,C:\Users\o3-Pro\Documents\backtest_results\_builder_sessions\20260423_082021_strat_gie_sur_ethusdc_1h_capturer_des_mo\session_summary.json,C:\Users\o3-Pro\Documents\backtest_results\_builder_sessions\20260423_082021_strat_gie_sur_ethusdc_1h_capturer_des_mo,3b7a329f199d19d61d05e39d05548dc9b3debd78691b615643a647643bf3fae5,280477,2026-04-23T08:20:21.121453,,failed,devstral-2:123b-cloud,ETHUSDC,1h,6,0.3333333333333333,0.0,-100.0,
2127,20260423_082419_exploiter_les_r_gimes_de_volatilit_inver,C:\Users\o3-Pro\Documents\backtest_results\_builder_sessions\20260423_082419_exploiter_les_r_gimes_de_volatilit_inver\session_summary.json,C:\Users\o3-Pro\Documents\backtest_results\_builder_sessions\20260423_082419_exploiter_les_r_gimes_de_volatilit_inver,52868e71d79e1a2978968230bc2736b1a66c1c2359ad38065cf2967ebb04a195,174658,2026-04-23T08:24:19.349635,,running,devstral-2:123b-cloud,SUIUSDC,4h,3,1.0,0.4204372241871642,74.91476295838143,
2128,20260423_133054_strat_gie_de_breakout_sur_aptusdc_1d_ind,C:\Users\o3-Pro\Documents\backtest_results\_builder_sessions\20260423_133054_strat_gie_de_breakout_sur_aptusdc_1d_ind\session_summary.json,C:\Users\o3-Pro\Documents\backtest_results\_builder_sessions\20260423_133054_strat_gie_de_breakout_sur_aptusdc_1d_ind,ce331cc2027361a927ee12e6412d9d85c5799e70aa33d27ee7851c698457362f,262168,2026-04-23T13:30:54.539245,,running,nemotron-orchestrator-8b:latest,APTUSDC,1d,6,0.0,0.43996694261117625,27.557315627168748,
2129,20260424_045609_objective_d_tecter_les_ruptures_de_r_gi,C:\Users\o3-Pro\Documents\backtest_results\_builder_sessions\20260424_045609_objective_d_tecter_les_ruptures_de_r_gi\session_summary.json,C:\Users\o3-Pro\Documents\backtest_results\_builder_sessions\20260424_045609_objective_d_tecter_les_ruptures_de_r_gi,3d82fa065a95d31b0ffed805e6a71dc495a1bfa71a3bd5a86b0eda500ed851a2,295278,2026-04-24T04:56:09.514195,,running,qwen3.6:35b,XRPUSDC,1d,8,0.25,0.5692347154716922,24.508631395366493,
2130,20260424_053232_strat_gie_de_mean_reversion_asym_trique,C:\Users\o3-Pro\Documents\backtest_results\_builder_sessions\20260424_053232_strat_gie_de_mean_reversion_asym_trique\session_summary.json,C:\Users\o3-Pro\Documents\backtest_results\_builder_sessions\20260424_053232_strat_gie_de_mean_reversion_asym_trique,b36fa231774804cc5c9925c2e859ac6848a96b0be57617cf68a412f59ed4e0bb,371835,2026-04-24T05:32:32.720914,,failed,qwen3.6:35b,XRPUSDC,4h,9,0.1111111111111111,0.6199155253910997,-100.0,
2131,20260424_061307_strat_gie_de_mean_reversion_sur_arbusdc,C:\Users\o3-Pro\Documents\backtest_results\_builder_sessions\20260424_061307_strat_gie_de_mean_reversion_sur_arbusdc\session_summary.json,C:\Users\o3-Pro\Documents\backtest_results\_builder_sessions\20260424_061307_strat_gie_de_mean_reversion_sur_arbusdc,a4bfd5dd917c96a997aecd460388017ea6299ab266360105e99e9f5316e13f3a,191567,2026-04-24T06:13:07.199622,,failed,qwen3.6:35b,ARBUSDC,4h,9,0.3333333333333333,0.43819825836562504,23.151499298416518,
2132,20260424_065215_strat_gie_de_breakout_sur_adausdc_4h_ind,C:\Users\o3-Pro\Documents\backtest_results\_builder_sessions\20260424_065215_strat_gie_de_breakout_sur_adausdc_4h_ind\session_summary.json,C:\Users\o3-Pro\Documents\backtest_results\_builder_sessions\20260424_065215_strat_gie_de_breakout_sur_adausdc_4h_ind,1b07a1c5042c1d8678bc16db0b10cff28138204c9925394922b3a7136d7bb2fa,137022,2026-04-24T06:52:15.473552,,failed,qwen3.6:35b,ADAUSDC,4h,6,0.0,0.0,-97.60049469793853,
2133,20260424_071428_strat_gie_de_regime_adaptatif_sur_arbusd,C:\Users\o3-Pro\Documents\backtest_results\_builder_sessions\20260424_071428_strat_gie_de_regime_adaptatif_sur_arbusd\session_summary.json,C:\Users\o3-Pro\Documents\backtest_results\_builder_sessions\20260424_071428_strat_gie_de_regime_adaptatif_sur_arbusd,c1802dfdf66ccd8285df4715e8cdf65cdf33da7da47eade44d8a5de69493a233,216186,2026-04-24T07:14:28.434160,,failed,qwen3.6:35b,ARBUSDC,1d,10,0.0,0.9698026536420732,90.38856871881308,
2134,20260424_080851_strat_gie_de_multi_factor_sur_suiusdc_30,C:\Users\o3-Pro\Documents\backtest_results\_builder_sessions\20260424_080851_strat_gie_de_multi_factor_sur_suiusdc_30\session_summary.json,C:\Users\o3-Pro\Documents\backtest_results\_builder_sessions\20260424_080851_strat_gie_de_multi_factor_sur_suiusdc_30,e7daeaacb0be47a95873602b210f90a3ad675831a3bb62edd23f76aaedd3577f,180783,2026-04-24T08:08:51.958870,,failed,qwen3.6:35b,SUIUSDC,30m,9,0.3333333333333333,0.5681339952661447,7.263899707597517,
2135,20260424_084337_objective_d_tecter_des_ruptures_de_mome,C:\Users\o3-Pro\Documents\backtest_results\_builder_sessions\20260424_084337_objective_d_tecter_des_ruptures_de_mome\session_summary.json,C:\Users\o3-Pro\Documents\backtest_results\_builder_sessions\20260424_084337_objective_d_tecter_des_ruptures_de_mome,2986fa761a0afa89e95ab6a81983a2895e76f1a178d5156fa9bbef85bd7928ee,361431,2026-04-24T08:43:37.447459,,failed,qwen3.6:35b,ETHUSDC,1d,10,0.6,0.8951291152072872,97.34676506331841,
2136,20260424_091358_strat_gie_de_mean_reversion_asym_trique,C:\Users\o3-Pro\Documents\backtest_results\_builder_sessions\20260424_091358_strat_gie_de_mean_reversion_asym_trique\session_summary.json,C:\Users\o3-Pro\Documents\backtest_results\_builder_sessions\20260424_091358_strat_gie_de_mean_reversion_asym_trique,ded3d7ab43ebea9805d25f9ed879808651a2a4c982bd14155e653e1506f961b4,288561,2026-04-24T09:13:58.474540,,failed,qwen3.6:35b,ATOMUSDC,1d,9,0.5555555555555556,0.44157408863292313,-26.0,
2137,20260424_095654_objective_d_tecter_les_ruptures_de_stru,C:\Users\o3-Pro\Documents\backtest_results\_builder_sessions\20260424_095654_objective_d_tecter_les_ruptures_de_stru\session_summary.json,C:\Users\o3-Pro\Documents\backtest_results\_builder_sessions\20260424_095654_objective_d_tecter_les_ruptures_de_stru,839be80a1707f9ebe1af09f9f4460f4d2316da91352172294734350221fd7606,247702,2026-04-24T09:56:54.937347,,failed,qwen3.6:35b,DOTUSDC,1d,9,1.0,-inf,-inf,
2138,20260424_103127_objective_identifier_des_ruptures_de_te,C:\Users\o3-Pro\Documents\backtest_results\_builder_sessions\20260424_103127_objective_identifier_des_ruptures_de_te\session_summary.json,C:\Users\o3-Pro\Documents\backtest_results\_builder_sessions\20260424_103127_objective_identifier_des_ruptures_de_te,e61f10524e22ded3c83fbb8c9bc3f40413670651e55ecc9ecb71c17e23eebf45,428855,2026-04-24T10:31:27.439342,,failed,qwen3.6:35b,LTCUSDC,1d,10,0.1,0.5146636960603087,-100.0,
2139,20260424_111055_strat_gie_de_momentum_sur_opusdc_1d_indi,C:\Users\o3-Pro\Documents\backtest_results\_builder_sessions\20260424_111055_strat_gie_de_momentum_sur_opusdc_1d_indi\session_summary.json,C:\Users\o3-Pro\Documents\backtest_results\_builder_sessions\20260424_111055_strat_gie_de_momentum_sur_opusdc_1d_indi,a634ce07af6ffe0d0588ab727a4e2d5491ed7df5135cde3b1209a17438f38f86,190435,2026-04-24T11:10:55.260330,,failed,qwen3.6:35b,OPUSDC,1d,10,0.8,0.5573334156205084,46.93638742674942,
2140,20260424_114442_strat_gie_de_breakout_sur_adausdc_1d_ind,C:\Users\o3-Pro\Documents\backtest_results\_builder_sessions\20260424_114442_strat_gie_de_breakout_sur_adausdc_1d_ind\session_summary.json,C:\Users\o3-Pro\Documents\backtest_results\_builder_sessions\20260424_114442_strat_gie_de_breakout_sur_adausdc_1d_ind,ea748d177de00bc4ec5632d4d81dd0da8770de21711994153614fa8d1c2234b1,102311,2026-04-24T11:44:42.191785,,failed,qwen3.6:35b,ADAUSDC,1d,4,0.5,0.0,-50.0,
2141,20260424_120248_strat_gie_de_trend_following_sur_injusdc,C:\Users\o3-Pro\Documents\backtest_results\_builder_sessions\20260424_120248_strat_gie_de_trend_following_sur_injusdc\session_summary.json,C:\Users\o3-Pro\Documents\backtest_results\_builder_sessions\20260424_120248_strat_gie_de_trend_following_sur_injusdc,4d9728321a274911e3759df3e48c837f3bd2ca0bb5d9606b805ad957d02da57a,209473,2026-04-24T12:02:48.510348,,max_iterations,qwen3.6:35b,INJUSDC,1d,10,0.0,0.7034858844721609,91.99184226785911,
2142,20260424_124239_objective_identifier_les_ruptures_de_st,C:\Users\o3-Pro\Documents\backtest_results\_builder_sessions\20260424_124239_objective_identifier_les_ruptures_de_st\session_summary.json,C:\Users\o3-Pro\Documents\backtest_results\_builder_sessions\20260424_124239_objective_identifier_les_ruptures_de_st,8988d85fe1d7446fbabb5aa00fd71e0c8f7de41e7a0709ce2f5b835744f4960a,287558,2026-04-24T12:42:39.058925,,failed,qwen3.6:35b,SOLUSDC,1h,10,0.7,0.6798906844144477,78.16594300357664,
2143,20260424_132330_cette_strat_gie_exploite_la_divergence_e,C:\Users\o3-Pro\Documents\backtest_results\_builder_sessions\20260424_132330_cette_strat_gie_exploite_la_divergence_e\session_summary.json,C:\Users\o3-Pro\Documents\backtest_results\_builder_sessions\20260424_132330_cette_strat_gie_exploite_la_divergence_e,e2e83066f838dde2d99a5341ebdb6e9430cefb5df36fd6fa8163bd518a23a136,209151,2026-04-24T13:23:30.021163,,failed,qwen3.6:35b,APTUSDC,4h,9,1.0,-inf,-inf,
2144,20260424_135737_objective_filtrer_les_faux_signaux_de_m,C:\Users\o3-Pro\Documents\backtest_results\_builder_sessions\20260424_135737_objective_filtrer_les_faux_signaux_de_m\session_summary.json,C:\Users\o3-Pro\Documents\backtest_results\_builder_sessions\20260424_135737_objective_filtrer_les_faux_signaux_de_m,28a8cb5857c10250e98763938916ae7b63009c66fdd56a2863ffd89446b45b05,295582,2026-04-24T13:57:37.739623,,failed,qwen3.6:35b,APTUSDC,1d,9,0.3333333333333333,0.5355915452697055,-43.47279016366196,
2145,20260424_142619_strat_gie_de_mean_reversion_sur_bnbusdc,C:\Users\o3-Pro\Documents\backtest_results\_builder_sessions\20260424_142619_strat_gie_de_mean_reversion_sur_bnbusdc\session_summary.json,C:\Users\o3-Pro\Documents\backtest_results\_builder_sessions\20260424_142619_strat_gie_de_mean_reversion_sur_bnbusdc,d5d8073fa746ab1547b621d6700b62ee7eaf8058afca2cf240ae8eaa829fa535,187751,2026-04-24T14:26:19.041916,,failed,qwen3.6:35b,BNBUSDC,1d,10,0.6,0.7483822046776193,100.0,
2146,20260424_151033_strat_gie_de_multi_factor_sur_arbusdc_4h,C:\Users\o3-Pro\Documents\backtest_results\_builder_sessions\20260424_151033_strat_gie_de_multi_factor_sur_arbusdc_4h\session_summary.json,C:\Users\o3-Pro\Documents\backtest_results\_builder_sessions\20260424_151033_strat_gie_de_multi_factor_sur_arbusdc_4h,1df12a9faab598dc100a50f1495dd126e5471399c88893e546ef38ed94d8f44e,134824,2026-04-24T15:10:33.730749,,running,qwen3.6:35b,ARBUSDC,4h,6,0.3333333333333333,0.368751778550464,-47.778865061890784,
2147,20260424_174113_strat_gie_de_multi_factor_sur_solusdc_4h,C:\Users\o3-Pro\Documents\backtest_results\_builder_sessions\20260424_174113_strat_gie_de_multi_factor_sur_solusdc_4h\session_summary.json,C:\Users\o3-Pro\Documents\backtest_results\_builder_sessions\20260424_174113_strat_gie_de_multi_factor_sur_solusdc_4h,2556a066d3f697436567b5c0178c22ab93e6c52b576162d7d5d72e921459a1c8,191645,2026-04-24T17:41:13.183820,,failed,qwen3.6:35b,SOLUSDC,4h,10,0.2,0.45230803549446197,-100.0,
2148,20260424_182426_strat_gie_de_regime_adaptatif_sur_arbusd,C:\Users\o3-Pro\Documents\backtest_results\_builder_sessions\20260424_182426_strat_gie_de_regime_adaptatif_sur_arbusd\session_summary.json,C:\Users\o3-Pro\Documents\backtest_results\_builder_sessions\20260424_182426_strat_gie_de_regime_adaptatif_sur_arbusd,80e9264cada732faf04b90ea2bb44c84f5a1824103a849f88cf7bd4463e3f496,164472,2026-04-24T18:24:26.745611,,failed,qwen3.6:35b,ARBUSDC,1d,9,0.6666666666666666,0.6964867711435778,-26.0,
2149,20260424_190507_objective_cette_strat_gie_exploite_la_d,C:\Users\o3-Pro\Documents\backtest_results\_builder_sessions\20260424_190507_objective_cette_strat_gie_exploite_la_d\session_summary.json,C:\Users\o3-Pro\Documents\backtest_results\_builder_sessions\20260424_190507_objective_cette_strat_gie_exploite_la_d,5672ee2121d85938679a608f9559199092c4d02321aa61202407850f84bb9bd9,315155,2026-04-24T19:05:07.043644,,failed,qwen3.6:35b,BNBUSDC,4h,7,0.42857142857142855,0.28232720522514965,-50.0,
2150,20260424_194133_objective_filtrer_les_entr_es_sur_adaus,C:\Users\o3-Pro\Documents\backtest_results\_builder_sessions\20260424_194133_objective_filtrer_les_entr_es_sur_adaus\session_summary.json,C:\Users\o3-Pro\Documents\backtest_results\_builder_sessions\20260424_194133_objective_filtrer_les_entr_es_sur_adaus,1c199c949562647d8d070a04bd4f82aec0415c6b889f56f96aac1947ed492287,249043,2026-04-24T19:41:33.703769,,failed,qwen3.6:35b,ADAUSDC,4h,6,0.16666666666666666,0.13045545395514974,-50.0,
2151,20260424_201438_strat_gie_sur_injusdc_1d_cette_strat_gie,C:\Users\o3-Pro\Documents\backtest_results\_builder_sessions\20260424_201438_strat_gie_sur_injusdc_1d_cette_strat_gie\session_summary.json,C:\Users\o3-Pro\Documents\backtest_results\_builder_sessions\20260424_201438_strat_gie_sur_injusdc_1d_cette_strat_gie,7a8428806ec6a903cd0c2b60b6ee5211f2eb8b567580ae067f2c46de612c3506,302523,2026-04-24T20:14:38.218882,,failed,qwen3.6:35b,INJUSDC,1d,9,0.0,0.7096761113603661,94.88439759305254,
2152,20260424_204729_objective_cette_strat_gie_exploite_une,C:\Users\o3-Pro\Documents\backtest_results\_builder_sessions\20260424_204729_objective_cette_strat_gie_exploite_une\session_summary.json,C:\Users\o3-Pro\Documents\backtest_results\_builder_sessions\20260424_204729_objective_cette_strat_gie_exploite_une,d2633a241f16a67fe071d37d9773d6f39d7b7676d32fe1c08b58e02edf0b7cad,313054,2026-04-24T20:47:29.810055,,max_iterations,qwen3.6:35b,LTCUSDC,1d,10,0.2,0.5625638138595929,-22.828011509588716,
2153,20260424_212144_objective_d_tecter_les_faux_breakouts_d,C:\Users\o3-Pro\Documents\backtest_results\_builder_sessions\20260424_212144_objective_d_tecter_les_faux_breakouts_d\session_summary.json,C:\Users\o3-Pro\Documents\backtest_results\_builder_sessions\20260424_212144_objective_d_tecter_les_faux_breakouts_d,6b111c0b2ede5cdaa022dd2d582b97bcd986f8d2e070cdc5aea140399ff661ff,437088,2026-04-24T21:21:44.070646,,failed,qwen3.6:35b,LINKUSDC,1d,9,0.0,0.7078150389198556,100.0,
2154,20260424_215915_objective_cette_strat_gie_vise_capturer,C:\Users\o3-Pro\Documents\backtest_results\_builder_sessions\20260424_215915_objective_cette_strat_gie_vise_capturer\session_summary.json,C:\Users\o3-Pro\Documents\backtest_results\_builder_sessions\20260424_215915_objective_cette_strat_gie_vise_capturer,8ee3a7d0df995ce467c31d10fbd449e1d5d3fdba294bda336bd065bc4a3eac2d,278772,2026-04-24T21:59:15.308013,,failed,qwen3.6:35b,SOLUSDC,4h,9,0.3333333333333333,0.4486446647816638,-26.0,
2155,20260424_224032_strat_gie_sur_adausdc_1d_d_tecter_les_fa,C:\Users\o3-Pro\Documents\backtest_results\_builder_sessions\20260424_224032_strat_gie_sur_adausdc_1d_d_tecter_les_fa\session_summary.json,C:\Users\o3-Pro\Documents\backtest_results\_builder_sessions\20260424_224032_strat_gie_sur_adausdc_1d_d_tecter_les_fa,0289531d6cdf6d3bd40e6e1db75fb9aee79ae6d5284a21da7beaa59b142a1535,183721,2026-04-24T22:40:32.512312,,failed,qwen3.6:35b,ADAUSDC,1d,9,1.0,-inf,-inf,
2156,20260424_230739_strat_gie_de_mean_reversion_sur_avaxusdc,C:\Users\o3-Pro\Documents\backtest_results\_builder_sessions\20260424_230739_strat_gie_de_mean_reversion_sur_avaxusdc\session_summary.json,C:\Users\o3-Pro\Documents\backtest_results\_builder_sessions\20260424_230739_strat_gie_de_mean_reversion_sur_avaxusdc,02c942a35795ca400d1f876e6e76b636a3c5ec45d1c70f5334948f5c1ee98b93,262045,2026-04-24T23:07:39.522246,,running,qwen3.6:35b,AVAXUSDC,1d,8,0.625,0.594536070577662,43.197371873381144,
2157,20260425_090444_capturer_les_retournements_de_tendance_s,C:\Users\o3-Pro\Documents\backtest_results\_builder_sessions\20260425_090444_capturer_les_retournements_de_tendance_s\session_summary.json,C:\Users\o3-Pro\Documents\backtest_results\_builder_sessions\20260425_090444_capturer_les_retournements_de_tendance_s,95a02b4f867c2733773ba1fe38fb56210cf15124fd79a03b8c4ad52f3277d64a,204920,2026-04-25T09:04:44.712619,2026-04-25T09:15:13.669850,running,gemma4:26b,FILUSDC,1d,2,0.0,0.04221321365852593,-100.0,
2158,20260425_093942_capter_des_retournements_de_tendance_sur,C:\Users\o3-Pro\Documents\backtest_results\_builder_sessions\20260425_093942_capter_des_retournements_de_tendance_sur\session_summary.json,C:\Users\o3-Pro\Documents\backtest_results\_builder_sessions\20260425_093942_capter_des_retournements_de_tendance_sur,acc74514be71e378d41bfd068a7f0485ef8fb8a3e0a5149f4eb1a5539ee3ece5,217937,2026-04-25T09:39:42.251804,2026-04-25T10:08:05.966007,running,gemma4:31b,BTCUSDC,30m,3,0.0,-20.0,-100.0,
2159,20260425_221004_strat_gie_sur_filusdc_1d_identifier_des,C:\Users\o3-Pro\Documents\backtest_results\_builder_sessions\20260425_221004_strat_gie_sur_filusdc_1d_identifier_des\session_summary.json,C:\Users\o3-Pro\Documents\backtest_results\_builder_sessions\20260425_221004_strat_gie_sur_filusdc_1d_identifier_des,29f675dea7707e6abd200b3081136ff37291697e9a534c1425e6976afb5bae4a,248622,2026-04-25T22:10:04.816671,2026-04-25T22:26:40.892090,failed,qwen3-coder:480b-cloud,FILUSDC,1d,9,1.0,-inf,-inf,
2160,20260425_222846_strat_gie_de_scalping_sur_aptusdc_1d_ind,C:\Users\o3-Pro\Documents\backtest_results\_builder_sessions\20260425_222846_strat_gie_de_scalping_sur_aptusdc_1d_ind\session_summary.json,C:\Users\o3-Pro\Documents\backtest_results\_builder_sessions\20260425_222846_strat_gie_de_scalping_sur_aptusdc_1d_ind,28dde9fda945d41976641054f27f787d369ab53af8a07d6c193fd4d0e4cb3572,105239,2026-04-25T22:28:46.998089,2026-04-25T22:39:38.542975,failed,qwen3-coder:480b-cloud,APTUSDC,1d,5,0.8,0.3315932752833615,-50.0,
2161,20260425_224114_strat_gie_de_breakout_sur_xrpusdc_1d_ind,C:\Users\o3-Pro\Documents\backtest_results\_builder_sessions\20260425_224114_strat_gie_de_breakout_sur_xrpusdc_1d_ind\session_summary.json,C:\Users\o3-Pro\Documents\backtest_results\_builder_sessions\20260425_224114_strat_gie_de_breakout_sur_xrpusdc_1d_ind,2fe8511c3c781ce123cbea928f3684960c0f73a3ca96def04325bea2ffdecc95,57488,2026-04-25T22:41:14.107690,2026-04-25T22:44:32.055596,running,qwen3-coder:480b-cloud,XRPUSDC,1d,2,1.0,0.0,-50.0,
2162,20260425_225345_strat_gie_de_momentum_sur_ethusdc_30m_in,C:\Users\o3-Pro\Documents\backtest_results\_builder_sessions\20260425_225345_strat_gie_de_momentum_sur_ethusdc_30m_in\session_summary.json,C:\Users\o3-Pro\Documents\backtest_results\_builder_sessions\20260425_225345_strat_gie_de_momentum_sur_ethusdc_30m_in,0caeede91824f1fb104f6563bb9a9f2c584fc1bdc445431645bc69d5650041e6,109902,2026-04-25T22:53:45.152469,2026-04-25T23:07:28.278002,failed,qwen3-coder:480b-cloud,ETHUSDC,30m,6,1.0,0.0,-26.0,
2163,20260425_230856_strat_gie_de_scalping_sur_filusdc_1d_ind,C:\Users\o3-Pro\Documents\backtest_results\_builder_sessions\20260425_230856_strat_gie_de_scalping_sur_filusdc_1d_ind\session_summary.json,C:\Users\o3-Pro\Documents\backtest_results\_builder_sessions\20260425_230856_strat_gie_de_scalping_sur_filusdc_1d_ind,d055083626ed47230e7125344475d5b5a8ab3514882bd261513bee5ea0b153e1,174056,2026-04-25T23:08:56.254052,2026-04-25T23:41:03.463170,max_iterations,qwen3-coder:480b-cloud,FILUSDC,1d,10,1.0,0.4635336908113535,0.3071991708557533,
2164,20260425_234403_strat_gie_sur_nearusdc_4h_identifier_des,C:\Users\o3-Pro\Documents\backtest_results\_builder_sessions\20260425_234403_strat_gie_sur_nearusdc_4h_identifier_des\session_summary.json,C:\Users\o3-Pro\Documents\backtest_results\_builder_sessions\20260425_234403_strat_gie_sur_nearusdc_4h_identifier_des,ff17241a7b38e119d0635703c7cd43a8726db113722847e3318453ac9d044f3e,215656,2026-04-25T23:44:03.360460,2026-04-26T00:14:21.851847,failed,qwen3-coder:480b-cloud,NEARUSDC,4h,9,1.0,-inf,-inf,
2165,20260426_002004_strat_gie_sur_dotusdc_1d_identifier_des,C:\Users\o3-Pro\Documents\backtest_results\_builder_sessions\20260426_002004_strat_gie_sur_dotusdc_1d_identifier_des\session_summary.json,C:\Users\o3-Pro\Documents\backtest_results\_builder_sessions\20260426_002004_strat_gie_sur_dotusdc_1d_identifier_des,3bcb7be91a176e09ff1f4b3297ec48c7ab776be53ce5c4c6e6e5fac6cd9b7363,179932,2026-04-26T00:20:04.591137,2026-04-26T00:24:09.068113,running,qwen3-coder:480b-cloud,DOTUSDC,1d,1,1.0,0.0,-26.0,
